category_no,category,product,manufacturer_origin,procured_in,antioxidant_mmol_per_100g,comment_ref
1,Berries and berry products,"Amla berries, dried",India,India,261.53,3
1,Berries and berry products,"Amla, Indian Gooseberries, whole, canned","Roopaks, Ajmal Khan, N. Dehli",India,13.27,3
1,Berries and berry products,"Amla, syrup from canned Indian Gooseberries","Roopaks, Ajmal Khan, N. Dehli",India,29.7,3
1,Berries and berry products,"Bilberries, wild",Norway,Norway,7.57,3
1,Berries and berry products,"Bilberries, wild",Norway,Norway,8.55,4
1,Berries and berry products,"Bilberries, wild, dried","The Norwegian Crop Research Institute, Norway",Norway,48.32,5
1,Berries and berry products,"Blackberries, cultivated",,USA,4.02,6
1,Berries and berry products,"Blackberries, cultivated","Solabær, Sola, Norway",Norway,4.13,3
1,Berries and berry products,"Blackberries, cultivated",,Norway,6.14,3
1,Berries and berry products,"Blackberries, cultivated",Belgium,Norway,3.84,3
1,Berries and berry products,"Blackberries, cultivated, canned, drained","S&W Fine Food, USA",Norway,2.34,3
1,Berries and berry products,"Blackberries, cultivated, frozen",Local grocery,USA,4.06,6
1,Berries and berry products,"Blackberries, cultivated, frozen",Wholesaler,USA,3.89,6
1,Berries and berry products,"Blackberries, cultivated, with sugar","Findus, Norway",Norway,4.76,3
1,Berries and berry products,"Blackberries, Dessert Berries, without sugar, frozen","Norske Dessertbær, Norway (berries from Poland)",Norway,5.98,3
1,Berries and berry products,"Blackberries, dried, ""Loch Ness""","The Norwegian Crop Research Institute, Norway",Norway,37.08,5
1,Berries and berry products,"Blackberries, wild",Norway,Norway,6.13,4
1,Berries and berry products,"Blackcurrant, cultivated",Norway,Norway,5.49,3
1,Berries and berry products,"Blackcurrant, cultivated, ""Ben Tiran""",Norwegian University of Life Sciences,Norway,9.09,5
1,Berries and berry products,"Blackcurrant, syrup (100%), with sugar (undiluted)","Lerum, Norway",Norway,2.38,3
1,Berries and berry products,"Blackcurrant, syrup (40%), with sugar (undiluted)","Stabburet, Norway",Norway,2.73,3
1,Berries and berry products,"Blackcurrant, syrup (54%), with sugar (undiluted)","Røra fabrikker, Norway",Norway,2.98,3
1,Berries and berry products,"Blackcurrant, syrup, without sugar (undiluted)","Helios, Norway",Norway,4.15,3
1,Berries and berry products,Blueberries,Poland,Norway,9.24,4
1,Berries and berry products,"Blueberries, canned, heavy syrup, drained liquid",S&W,USA,2.53,6
1,Berries and berry products,"Blueberries, canned, heavy syrup, drained solids",S&W,USA,2.79,6
1,Berries and berry products,"Blueberries, canned, light syrup, drained liquid",Oregon,USA,1.65,6
1,Berries and berry products,"Blueberries, canned, light syrup, drained solids",Oregon,USA,2.01,6
1,Berries and berry products,"Blueberries, cultivated",Norway,Norway,1.92,4
1,Berries and berry products,"Blueberries, cultivated",,USA,1.85,6
1,Berries and berry products,"Blueberries, cultivated",,Norway,1.26,3
1,Berries and berry products,"Blueberries, cultivated, ""Aron""",Norwegian University of Life Sciences,Norway,3.79,5
1,Berries and berry products,"Blueberries, cultivated, ""Hardyblue""",Norwegian University of Life Sciences,Norway,3.96,5
1,Berries and berry products,"Blueberries, Dessert Berries, without sugar, frozen","Norske Dessertbær, Norway (berries from Poland)",Norway,7.13,3
1,Berries and berry products,"Blueberries, dried","USA, Eurocompany srl, Godo, Italy",Norway,1.32,3
1,Berries and berry products,"Blueberry, jam","Heistad, Norway",Norway,2.68,3
1,Berries and berry products,"Blueberry, jam","Eldorado, Norgesgruppen, Norway",Norway,2.88,3
1,Berries and berry products,"Blueberry, jam, Naturlig lett","Nora, Stabburet, Norway",Norway,4.71,3
1,Berries and berry products,"Blueberry, jam, Noras hjemmelagde","Nora, Stabburet, Norway",Norway,3.6,3
1,Berries and berry products,"Blueberry, jam, Wild Blueberry Spread","Meridian Foods, UK",Norway,1.44,3
1,Berries and berry products,"Blueberry, syrup (undiluted)","Hervik, Norway",Norway,2.41,3
1,Berries and berry products,"Blueberry, syrup, without sugar (undiluted)","Helios, Norway",Norway,5.91,3
1,Berries and berry products,"Chokeberries, black, wild",Norway,Norway,13.48,4
1,Berries and berry products,"Cloudberries, wild",Norway,Norway,2.53,4
1,Berries and berry products,"Cloudberries, wild, frozen",Sweden,Norway,3.44,3
1,Berries and berry products,"Cranberries, cultivated",,USA,3.29,6
1,Berries and berry products,"Cranberries, dried",NaturataSpielberger AG,Norway,2.03,3
1,Berries and berry products,"Cranberries, dried","USA, Eurocompany srl, Godo, Italy",Norway,1.9,3
1,Berries and berry products,"Cranberries, dried","Safeway, USA",USA,1.64,3
1,Berries and berry products,Cranberry craisins cherry flavor,Ocean Spray,USA,1.47,3
1,Berries and berry products,"Cranberry, syrup, without sugar (undiluted)","Corona, Norway",Norway,1.93,3
1,Berries and berry products,Crowberries,"Skjervøy, Norway",Norway,7.89,3
1,Berries and berry products,Crowberries,Norway,Norway,2.48,4
1,Berries and berry products,Crowberries,Norway,Norway,8.45,4
1,Berries and berry products,"Crowberries, frozen",Norway,Norway,10.8,4
1,Berries and berry products,"Crowberry, syrup (undiluted)","Skjervøy, Norway",Norway,2.05,3
1,Berries and berry products,"Crowberry, syrup, juice of peel (undiluted)","Midnattsol Produkter, Norway",Norway,4.5,3
1,Berries and berry products,"Crowberry, syrup, without sugar (undiluted)","Corona, Norway",Norway,2.95,3
1,Berries and berry products,"Crowberry, syrup, without sugar (undiluted)","Midnattsol Produkter, Norway",Norway,5.9,3
1,Berries and berry products,Dog Rose,Norway,Norway,25.86,4
1,Berries and berry products,Dog Rose,"Lørenskog, Norway",Norway,12.65,4
1,Berries and berry products,Dog Rose,Setcases in Spain,Spain,14.16,4
1,Berries and berry products,Dog Rose,Norway,Norway,34.49,4
1,Berries and berry products,"Dog Rose, dried, whole","Helios, Norway",Norway,78.09,3
1,Berries and berry products,"Dog Rose, powder",Chile,Norway,54.3,3
1,Berries and berry products,"Dog Rose, powder, HybenMax","Fennomer Norge, Norway",Norway,20.82,3
1,Berries and berry products,"Dog Rose, powder, Hyben‐ Vital","SunVita A/S, Denmark",Norway,28.49,3
1,Berries and berry products,"Dog Roseshell, flour","Risenta, Finland",Norway,75.84,3
1,Berries and berry products,"Elderberries, black (berries from common elder), wild",Norway,Norway,5.24,4
1,Berries and berry products,"Elderberries, cultivated",Norwegian University of Life Sciences,Norway,3.37,5
1,Berries and berry products,"Elderberry flowerdrink, concentrate",,Norway,0.06,3
1,Berries and berry products,"Elderberry, syrup, without sugar (undiluted)","Helios, Norway",Norway,6.31,5
1,Berries and berry products,"Goji Berries, organic, dried","Natural Food Market Erewhon, grown in China",USA,4.31,
1,Berries and berry products,"Gooseberries, cultivated",Norway,Norway,1.45,3
1,Berries and berry products,"Juice, blackberry, juice/syrup from canned blackberries","Nora, Stabburet, Norway",Norway,1.27,3
1,Berries and berry products,"Juice, cranberry","Tine, Norway",Norway,0.75,3
1,Berries and berry products,"Juice, cranberry",Ocean Spray,USA,1.0,3
1,Berries and berry products,"Juice, cranberry, juice cocktail",Roche Bros,USA,0.96,3
1,Berries and berry products,"Juice, cranberry, juice cocktail",Stop&Shop,USA,0.86,3
1,Berries and berry products,"Juice, cranberry, juice cocktail",Ocean Spray,USA,1.01,6
1,Berries and berry products,"Juice, Mana Blå, grape, blueberry, aronia, cherry","Tine, Norway",Norway,2.0,3
1,Berries and berry products,"Juice, Mana Gul, dog rose and orange","Tine, Norway",Norway,2.57,3
1,Berries and berry products,"Juice, Mana Rød, cranberries, raspberries and grapes","Tine, Norway",Norway,0.67,3
1,Berries and berry products,"Juice, raspberry","Bræmhults, Sweden",Norway,0.78,3
1,Berries and berry products,"Juice, strawberry","Bræmhults, Sweden",Norway,0.43,3
1,Berries and berry products,"Raspberries, cultivated",,USA,2.33,6
1,Berries and berry products,"Raspberries, cultivated",Norway,Norway,3.35,3
1,Berries and berry products,"Raspberries, Dessert Berries, without sugar, frozen","Norske Dessertbær, Norway (berries from Poland)",Norway,3.46,3
1,Berries and berry products,"Raspberries, wild",Malawi,Malawi,1.73,4
1,Berries and berry products,"Raspberries, wild",Norway,Norway,3.97,4
1,Berries and berry products,"Raspberries, wild","Fruitmaster, Netherlands",Norway,2.5,3
1,Berries and berry products,"Raspberry, jam","Nora, Stabburet, Norway",Norway,1.26,3
1,Berries and berry products,"Raspberry, jam,","Eldorado, Norgesgruppen, Norway",Norway,1.12,3
1,Berries and berry products,"Raspberry, jam, Bestemor Lerum Bringebærsyltetøy","Lerum Konserves, Norway",Norway,1.4,3
1,Berries and berry products,"Raspberry, jam, light","Nora, Stabburet, Norway",Norway,1.27,3
1,Berries and berry products,"Red whortleberries, cultivated, dried","The Norwegian Crop Research Institute, Norway",Norway,32.28,5
1,Berries and berry products,"Red whortleberries, frozen",Poland,Norway,4.98,3
1,Berries and berry products,"Red whortleberries, syrup, without sugar (undiluted)","Corona, Norway",Norway,2.34,3
1,Berries and berry products,"Red whortleberries, wild",Norway,Norway,5.0,4
1,Berries and berry products,"Redcurrant, cultivated",Norway,Norway,1.61,3
1,Berries and berry products,"Redcurrant, Dessert Berries, without sugar, frozen","Norske Dessertbær, Norway (berries from Poland)",Norway,1.87,3
1,Berries and berry products,"Rock bramble, frozen, wild",Norway,Norway,8.51,4
1,Berries and berry products,"Rowanberries, dried","The Norwegian Crop Research Institute, Norway",Norway,19.13,5
1,Berries and berry products,"Rowanberries, dried","Norsk Øko‐Urt BA, Norway",Norway,10.13,5
1,Berries and berry products,"Rowanberries, wild",Norway,Norway,2.36,4
1,Berries and berry products,"Sea buckthorn, berries",Denmark,Denmark,2.21,4
1,Berries and berry products,"Sea buckthorn, berries",Norway,Norway,4.58,4
1,Berries and berry products,"Sour cherries, cultivated",Norway,Norway,7.14,3
1,Berries and berry products,"Sour cherries, without stone, without sugar, frozen",Poland,Norway,3.3,3
1,Berries and berry products,"Sour cherries, without stone, without sugar, frozen",Norway,Norway,6.07,4
1,Berries and berry products,"Strawberries, Corona, cultivated",Norway,Norway,2.05,3
1,Berries and berry products,"Strawberries, cultivated",,USA,2.16,6
1,Berries and berry products,"Strawberries, ”Honey,” cultivated",Norwegian University of Life Sciences,Norway,2.33,5
1,Berries and berry products,"Strawberries, ”Senga Sengana”, cultivated",Norwegian University of Life Sciences,Norway,1.85,5
1,Berries and berry products,"Strawberry, jam","Nora, Stabburet, Norway",Norway,0.64,3
1,Berries and berry products,"Strawberry, jam, light","Nora, Stabburet, Norway",Norway,0.68,3
1,Berries and berry products,"Sweet cherries, cultivated",Norway,Norway,1.42,3
1,Berries and berry products,Wild strawberries,Norway,Norway,5.44,4
1,Berries and berry products,"Zereshk (Barberries, dried)",Iran,Iran,27.3,3
2,Beverages,"Aquavit, Løiten Linie","Løiten Brænderis Destillation, Norway",Norway,0.12,3
2,Beverages,"Beer, Bavarian Weizen","Haandbryggeriet, Norway",Norway,0.27,3
2,Beverages,"Beer, Bayer","Frydenlund, Norway",Norway,0.25,3
2,Beverages,"Beer, Beck`s beer","Brauerei Beck & CO, Germany",Norway,0.13,3
2,Beverages,"Beer, Guinnes Draught","Guinness UDV, Irland",Norway,0.21,3
2,Beverages,"Beer, Lager Beer","Heineken, Netherlands",Norway,0.13,3
2,Beverages,"Beer, Leffe","Br.Abbaye de Leffe, Belgium",Norway,0.22,3
2,Beverages,"Beer, light",Bud Light,USA,0.08,6
2,Beverages,"Beer, light",Mixed brands,USA,0.1,6
2,Beverages,"Beer, light",Natural Light,USA,0.1,6
2,Beverages,"Beer, light",Miller Light,USA,0.09,6
2,Beverages,"Beer, light",Coors Light,USA,0.06,6
2,Beverages,"Beer, Limfjords Porter, double brown stout","Thisted Bryghus, Denmark",Norway,0.43,3
2,Beverages,"Beer, Lysholmer Spesial","E.C. Dahls bryggeri, Norway",Norway,0.18,3
2,Beverages,"Beer, Mack Bok‐øl","Macks Ølbryggeri, Norway",Norway,0.43,3
2,Beverages,"Beer, Maredsous, Trippel 10","Belgisch Abdjbier, Belgium",Norway,0.42,3
2,Beverages,"Beer, Pale ale","Nøgne Ø, Norway",Norway,0.31,3
2,Beverages,"Beer, Pères Trappistes","Chimay, Belgium",Norway,0.33,3
2,Beverages,"Beer, Pils","Ringnes, Norway",Norway,0.19,3
2,Beverages,"Beer, Pils","Tuborg, Denmark",Norway,0.22,3
2,Beverages,"Beer, Porter","Nøgne Ø, Norway",Norway,0.46,3
2,Beverages,"Beer, Premium Lager",Grolsch,Norway,0.21,3
2,Beverages,"Beer, regular",Mixed brands,USA,0.14,6
2,Beverages,"Beer, regular",Busch,USA,0.12,6
2,Beverages,"Beer, regular",Miller High Life,USA,0.12,6
2,Beverages,"Beer, regular",Budweiser,USA,0.15,6
2,Beverages,"Beer, Saison Dupont, Biologique",Belgium,Norway,0.29,3
2,Beverages,"Beer, Samichlaus Bier (Santa Claus Beer), Lager Beer","Castle Brewery Eggenberg, Austria",Norway,0.46,3
2,Beverages,"Beer, without alcohol","Munkholm, Norway",Norway,0.11,3
2,Beverages,"Beer, Aass Gull","Aass Bryggerier, Norway",Norway,0.19,3
2,Beverages,"Blackcurrant, toddy, instant, Regia","Freia, Norway",Norway,2.64,3
2,Beverages,"Blackcurrant, toddy, instant, Regia, prepared","Freia, Norway",Norway,0.38,3
2,Beverages,Blåbærsmust,Glanshammars,Sweden,3.28,3
2,Beverages,"Brandy, Napoleon V.S.O.P.","St.Remy Machecoul, France",Norway,0.22,3
2,Beverages,"Cider, Ãpple, 4,5vol%","Halmstad, Sweden",Norway,0.02,3
2,Beverages,"Cider, Pãron, 2,25vol%","Halmstad, Sweden",Norway,0.02,3
2,Beverages,Cockburn`s Port,"Cockburn`s Port, Portugal",Norway,0.6,3
2,Beverages,"Coffee beans, green","Solberg & Hansen, Norway",Norway,20.18,3
2,Beverages,"Coffee beans, green",Turkey,Norway,12.3,3
2,Beverages,"Coffee beans, raw/green",Minas,Norway,15.19,3
2,Beverages,"Coffee beans, roasted (black)",Turkey,Norway,22.29,3
2,Beverages,"Coffee beans, roasted, Monsooned Malabar AA","Solberg & Hansen, Norway",Norway,22.73,3
2,Beverages,"Coffee, Ali, dark burned ground, 100% Arabica, filter brewed","Joh. Johannson Kaffe, Norway",Norway,2.28,3
2,Beverages,"Coffee, Ali, ground, 100% Arabica, boiled","Joh. Johannson Kaffe, Norway",Norway,2.23,3
2,Beverages,"Coffee, Ali, ground, 100% Arabica, filter brewed","Joh. Johannson Kaffe, Norway",Norway,2.61,3
2,Beverages,"Coffee, Andes Bolivia, boiled","Hervik, Norway",Norway,2.62,3
2,Beverages,"Coffee, Andes Bolivia, filter brewed","Hervik, Norway",Norway,2.55,3
2,Beverages,"Coffee, Arabica green, filter brewed","CIRAD, France",France,1.55,5
2,Beverages,"Coffee, Arabica medium roasting, filter brewed","CIRAD, France",France,2.78,5
2,Beverages,"Coffee, Arabica mild roasting, filter brewed","CIRAD, France",France,2.45,5
2,Beverages,"Coffee, Arabica strong roasting, filter brewed","CIRAD, France",France,2.69,5
2,Beverages,"Coffee, boiled","Kaffehuset Friele, Norway",Norway,2.18,3
2,Beverages,"Coffee, Cafe Organico Arabica, instant, prepared",Simon Levelt by Haarlem,Norway,2.2,3
2,Beverages,"Coffee, Caffe Latte, double, prepared","Kaffebrenneriet, Norway",Norway,1.96,3
2,Beverages,"Coffee, Caffe Latte, double, prepared","Stockflehts, Norway",Norway,1.36,3
2,Beverages,"Coffee, Caffe Latte, single, prepared","Kaffebrenneriet, Norway",Norway,0.94,3
2,Beverages,"Coffee, Caffe Latte, single, prepared","Stockflehts, Norway",Norway,0.89,3
2,Beverages,"Coffee, Cappucino, double, prepared","Kaffebrenneriet, Norway",Norway,2.75,3
2,Beverages,"Coffee, Cappucino, double, prepared","Stockflehts, Norway",Norway,2.86,3
2,Beverages,"Coffee, Cappucino, single, prepared","Stockflehts, Norway",Norway,1.04,3
2,Beverages,"Coffee, Cappucino, single, prepared","Kaffebrenneriet, Norway",Norway,2.14,3
2,Beverages,"Coffee, Cirkel Coffee, boiled","Joh. Johannson Kaffe, Norway",Norway,1.79,3
2,Beverages,"Coffee, Cirkel Coffee, ground coffee, filter brewed","Joh. Johannson Kaffe, Norway",Norway,2.13,3
2,Beverages,"Coffee, Espresso Originale Italiano, classico, prepared",Cellini,Norway,2.7,3
2,Beverages,"Coffee, Espresso, double, prepared","Stockflehts, Norway",Norway,16.33,3
2,Beverages,"Coffee, Espresso, single, prepared","Stockflehts, Norway",Norway,15.83,3
2,Beverages,"Coffee, Espresso, single, prepared","Kaffebrenneriet, Norway",Norway,12.64,3
2,Beverages,"Coffee, Evergood, boiled","Joh. Johannson Kaffe, Norway",Norway,1.84,3
2,Beverages,"Coffee, Evergood, caffein free, ground, filter brewed","Joh. Johannson Kaffe, Norway",Norway,2.39,3
2,Beverages,"Coffee, Evergood, filter brewed","Joh. Johannson Kaffe, Norway",Norway,2.52,3
2,Beverages,"Coffee, Farmers Coffee (fairtrade Max Havelaar), filter brewed","Joh. Johannson Kaffe, Norway",Norway,2.58,3
2,Beverages,"Coffee, filter brewed",McDonald's,Norway,1.86,3
2,Beverages,"Coffee, Finca Rodomunho, boiled","Hervik, Norway",Norway,2.1,3
2,Beverages,"Coffee, Finca Rodomunho, filter brewed","Hervik, Norway",Norway,2.25,3
2,Beverages,"Coffee, Frokost, filter brewed","Kaffehuset Friele, Norway",Norway,3.03,3
2,Beverages,"Coffee, Iced coffee Cappucino, ready to drink","Tine, Norway",Norway,0.93,3
2,Beverages,"Coffee, Iced coffee Mocca, ready to drink","Tine, Norway",Norway,1.05,3
2,Beverages,"Coffee, instant, Nescafe Gull, prepared","Nestlé, Norway",Norway,1.67,3
2,Beverages,"Coffee, instant, prepared","Coop, Norway",Norway,1.6,3
2,Beverages,"Coffee, instant, Sombrero, prepared","Coop, Norway",Norway,1.68,3
2,Beverages,"Coffee, Lavazza, Caffe Espresso, 100% Arabica, prepared","Luigi Lavazza, Italy",Norway,2.83,3
2,Beverages,"Coffee, L'Or, 100% Arabica, boiled","Maison du Cafe, France",Norway,3.03,3
2,Beverages,"Coffee, L'Or, 100% Arabica, filter brewed","Maison du Cafe, France",Norway,3.34,3
2,Beverages,"Coffee, Macciato, double, prepared","Kaffebrenneriet, Norway",Norway,5.03,3
2,Beverages,"Coffee, Macciato, double, prepared","Stockflehts, Norway",Norway,11.3,3
2,Beverages,"Coffee, Macciato, single, prepared","Stockflehts, Norway",Norway,6.48,3
2,Beverages,"Coffee, Macciato, single, prepared","Kaffebrenneriet, Norway",Norway,5.32,3
2,Beverages,"Coffee, prepared","Kaffebrenneriet, Norway",Norway,4.2,3
2,Beverages,"Coffee, prepared","Stockflehts, Norway",Norway,3.03,3
2,Beverages,"Coffee, prepared",Burger King,USA,1.26,6
2,Beverages,"Coffee, prepared",Wendy's,USA,1.24,6
2,Beverages,"Coffee, Robusta green, filter brewed","CIRAD, France",France,2.99,5
2,Beverages,"Coffee, Robusta medium roasting, filter brewed","CIRAD, France",France,3.09,5
2,Beverages,"Coffee, Robusta mild roasting, filter brewed","CIRAD, France",France,3.6,5
2,Beverages,"Coffee, Robusta strong roasting, filter brewed","CIRAD, France",France,2.25,5
2,Beverages,"Coffee, yellow Coop, filter brewed","Coop, Norway",Norway,3.11,3
2,Beverages,"Cognac, V.S.Martell, Fine Cognac",France,Norway,0.32,3
2,Beverages,"Cognac, X.O.Braastad, FineChampagne",France,Norway,0.45,3
2,Beverages,"Cordial, lemon flavored, Fun light, Sitron, undiluted","Stabburet, Norway",Norway,0.4,3
2,Beverages,"Cordial, orange flavored, Fun Light Appelsin, undiluted","Stabburet, Norway",Norway,0.45,3
2,Beverages,"Cordial, peach flavored, Fun light, Peach Passion, undiluted","Stabburet, Norway",Norway,0.36,3
2,Beverages,"Cordial, raspebbery flavored, Fun light, Bringebær, undiluted","Stabburet, Norway",Norway,0.62,3
2,Beverages,"Cordial, strawberry flavored, Fun light Jordbær, undiluted","Stabburet, Norway",Norway,0.45,3
2,Beverages,"Cordial, wild berries flavored, Fun light Wild Berries, undiluted","Stabburet, Norway",Norway,0.15,3
2,Beverages,Diet Mountain Dew Superb,,USA,0.0,3
2,Beverages,Energy drink,Red Bull,USA,0.0,6
2,Beverages,"Energy drink, sugar free",Red Bull,USA,0.0,6
2,Beverages,Gingerale,"E.C. Dahls bryggeri, Norway",Norway,0.01,3
2,Beverages,"Gingerale, american type","Ringnes, Norway",Norway,0.0,3
2,Beverages,"Instant cocoa, Choco‐Mocca, powder","Confecta, Norway",Norway,5.83,3
2,Beverages,"Instant cocoa, Choco‐Mocca, prepared","Confecta, Norway",Norway,0.33,3
2,Beverages,"Instant cocoa, Regia express, light, powder","Freia, Norway",Norway,4.96,3
2,Beverages,"Instant cocoa, Regia express, light, prepared","Freia, Norway",Norway,0.42,3
2,Beverages,"Instant cocoa, Regia express, original, powder","Freia, Norway",Norway,3.09,3
2,Beverages,"Instant cocoa, Regia express, original, prepared","Freia, Norway",Norway,0.45,3
2,Beverages,"Instant cocoa, Rett i Koppen, powder","Toro, Norway",Norway,1.61,3
2,Beverages,"Instant cocoa, Rett i Koppen, prepared","Toro, Norway",Norway,0.26,3
2,Beverages,"Juice drinks, 10% juce, boppin' strawberry flavor",Hi C,USA,0.72,6
2,Beverages,"Juice drinks, 10% juice, splash cooler flavor",Capri Sun,USA,0.03,6
2,Beverages,"Juice drinks, 10% juice, strawberry kiwi flavor",Capri Sun,USA,0.05,6
2,Beverages,"Juice drinks,10% ,strawberry flavor",Capri Sun,USA,0.06,6
2,Beverages,"Juice drinks,10% juice, blazin' blueberry flavor",Hi C,USA,0.73,6
2,Beverages,"Juice drinks,10% juice, mountain cooler flavor",Capri Sun,USA,0.02,6
2,Beverages,"Latino beverages, guanabana nectar",Goya,USA,0.21,6
2,Beverages,"Latino beverages, guanabana nectar",Other Brand,USA,0.28,6
2,Beverages,"Latino beverages, guava (guayaba) nectar",Other Brand,USA,0.87,6
2,Beverages,"Latino beverages, mango nectar",Goya,USA,0.2,6
2,Beverages,"Latino beverages, mango nectar",Other Brand,USA,0.6,6
2,Beverages,"Latino beverages, tamarind (tamarindo) nectar",Other Brand,USA,0.36,6
2,Beverages,"Latino beverages, tamarind (tamarindo) nectar",Goya,USA,0.16,6
2,Beverages,"Lemonade mix, pink, sweetened with artificial sweetener",Crystal Light,USA,0.0,6
2,Beverages,"Lemonade mix, sweetened with artificial sweetener",Crystal Light,USA,0.0,6
2,Beverages,"Lemonade powder mix, pink, sweetened with sugar",Country Time,USA,0.77,6
2,Beverages,"Lemonade powder mix, sweetened with sugar",Kool Aid,USA,0.61,6
2,Beverages,"Lemonade powder mix, sweetened with sugar",Country Time,USA,0.85,6
2,Beverages,"Lemonade powder mix, unsweetened",Kool Aid,USA,12.75,6
2,Beverages,"Lemonade, lemon","Nora, Stabburet, Norway",Norway,0.14,3
2,Beverages,"Lemonade, mixed wild berries","Nora, Stabburet, Norway",Norway,0.33,3
2,Beverages,"Lemonade, pink, frozen concentrate",Other Brand,USA,0.46,6
2,Beverages,"Lemonade, pink, frozen concentrate",Minute Maid,USA,0.43,6
2,Beverages,"Lemonade, regular, frozen concentrate",Store Brand,USA,0.45,6
2,Beverages,"Lemonade, regular, frozen concentrate",Minute Maid,USA,0.37,6
2,Beverages,"Liquor of crowberries, Frost",Arcus,Norway,0.42,3
2,Beverages,Malt beer,"Ringnes, Norway",Norway,0.26,3
2,Beverages,"Nectar, Multivitamine",Carrefour,USA,0.59,3
2,Beverages,Non‐carbonated bottled drinking water,Aquafina,USA,0.0,6
2,Beverages,Non‐carbonated bottled drinking water,Evian,USA,0.0,6
2,Beverages,Non‐carbonated bottled drinking water,Store Brand,USA,0.0,6
2,Beverages,Non‐carbonated bottled drinking water,Dannon,USA,0.0,6
2,Beverages,Non‐carbonated bottled drinking water,Calistoga,USA,0.0,6
2,Beverages,Non‐carbonated bottled drinking water,Naya,USA,0.0,6
2,Beverages,Non‐carbonated bottled drinking water,Crystal Geyser,USA,0.0,6
2,Beverages,Non‐carbonated bottled drinking water,Dasani,USA,0.0,6
2,Beverages,"Non‐carbonated flavored bottled drinking water, elements enhanced water energy, lemon",Snappple,USA,0.07,6
2,Beverages,"Non‐carbonated flavored bottled drinking water, essential multi vitamin, watermelon flavor",Aquafina,USA,0.02,6
2,Beverages,"Non‐carbonated flavored bottled drinking water, fitness H2O, natural lemon flavor",Propel,USA,0.11,6
2,Beverages,"Non‐carbonated flavored bottled drinking water, fluoride to go",Dannon,USA,0.0,6
2,Beverages,"Non‐carbonated flavored bottled drinking water, fruit2o water, natural strawberry flavor",Very fine,USA,0.0,6
2,Beverages,"Non‐carbonated flavored bottled drinking water, fruit2o, natural raspberry",Very fine,USA,0.0,6
2,Beverages,flavor Prune drink,Nestlé,Norway,1.79,3
2,Beverages,"Ricoffy, instant coffee & chicory, Nescafe, powder","Nestlé, South Africa",Malawi,51.86,3
2,Beverages,"Soft drink, citrus fruit, Urge",Coca Cola Drikker,Norway,0.08,3
2,Beverages,"Soft drink, cola, diet",Burger King,USA,0.05,6
2,Beverages,"Soft drink, cola, diet",Pepsi,USA,0.04,6
2,Beverages,"Soft drink, cola, diet",Coke,USA,0.04,6
2,Beverages,"Soft drink, cola, diet",Wendy's,USA,0.03,6
2,Beverages,"Soft drink, cola, diet",McDonald's,USA,0.02,6
2,Beverages,"Soft drink, cola, diet",Pepsi One,USA,0.06,6
2,Beverages,"Soft drink, cola, regular",Pepsi,USA,0.04,6
2,Beverages,"Soft drink, cola, regular",Pepsi Co Nordic Norway AS,Norway,0.04,3
2,Beverages,"Soft drink, cola, regular",Coca‐Cola Company,USA,0.05,6
2,Beverages,"Soft drink, cola, regular",Wendy's,USA,0.02,6
2,Beverages,"Soft drink, cola, regular",Coca Cola Drikker,Norway,0.04,3
2,Beverages,"Soft drink, cola, regular",Burger King,USA,0.03,6
2,Beverages,"Soft drink, cola, regular",McDonald's,USA,0.0,6
2,Beverages,"Soft drink, Fanta",Coca Cola Drikker,Norway,0.08,3
2,Beverages,"Soft drink, lemon‐lime, light, 7 UP","Ringnes, Norway",Norway,0.0,3
2,Beverages,"Soft drink, lemon‐lime, regular, Sprite",Coca Cola Company,USA,0.0,6
2,Beverages,"Soft drink, lemon‐lime, Sprite",Coca‐Cola Drikker,Norway,0.0,3
2,Beverages,"Soft drink, orange, Solo","Ringnes, Norway",Norway,0.13,3
2,Beverages,"Soft drink, white soda, regular",McDonald's,USA,1.27,6
2,Beverages,Spirulina Cocktail,"Bræmhults, Sweden",Norway,0.38,3
2,Beverages,"Sports drink mix, orange flavor",Gatorade,USA,0.01,6
2,Beverages,"Sports drink, lemon‐lime flavor",Powerade,USA,0.01,6
2,Beverages,"Sports drink, orange flavor",Gatorade,USA,0.0,6
2,Beverages,"Tang, Jamaica, drinking powder",Mexico,Mexico,2.05,3
2,Beverages,"Tang, Naranja, drinking powder",Mexico,Mexico,0.54,3
2,Beverages,"Tang, Tamarino, drinking powder",Mexico,Mexico,1.12,3
2,Beverages,"Tea, black, Ceylon Breakfast, prepared","Solberg & Hansen, Norway",Norway,0.75,3
2,Beverages,"Tea, black, Ceylon, prepared",,New Zealand,1.21,3
2,Beverages,"Tea, black, Darjeeling Tiger Hill, prepared",,Norway,1.12,3
2,Beverages,"Tea, black, Earl Grey, prepared","Twinings, England",Norway,0.95,3
2,Beverages,"Tea, black, Earl Grey, prepared",,Norway,0.82,3
2,Beverages,"Tea, Camomile flowers, prepared",Dihlma,New Zealand,0.1,3
2,Beverages,"Tea, Combe Tea, dried","The Foods Company Ltd, Malawi",Malawi,57.57,3
2,Beverages,"Tea, Darjeeling, leaves, dried","Roopaks, Ajmal Khan, N. Dehli",India,2.93,3
2,Beverages,"Tea, dog rose, from dried dogrose, prepared","Helios, Norway",Norway,0.2,3
2,Beverages,"Tea, dog rose, from extract, prepared","Weiders Farmasøytiske A/S, Norway",Norway,2.49,3
2,Beverages,"Tea, dog rose, herb tea, prepared",,Norway,0.31,3
2,Beverages,"Tea, Flor de Jamaica, prepared",Mexico,Mexico,6.99,3
2,Beverages,"Tea, fruit, Mango, prepared","Twinings, England",Norway,0.98,3
2,Beverages,"Tea, fruit, wild berries, prepared","Solberg & Hansen, Norway",Norway,0.49,3
2,Beverages,"Tea, green, (pink) powder","NPS, Japan",Norway,1347.83,3
2,Beverages,"Tea, green, Assam TGFOP, prepared","Solberg & Hansen, Norway",Norway,1.49,3
2,Beverages,"Tea, green, dried",,Norway,24.31,3
2,Beverages,"Tea, green, Earl Grey, prepared","Twinings, England",Norway,1.43,3
2,Beverages,"Tea, green, Emperors Garden, prepared",Tetly Australia PtyLtd,New Zealand,1.36,3
2,Beverages,"Tea, green, Green Java, prepared","Twinings, England",Norway,2.62,3
2,Beverages,"Tea, green, Green Label, dried",Lipton,India,6.77,3
2,Beverages,"Tea, green, Gunpowder, prepared",China,Norway,1.31,3
2,Beverages,"Tea, green, Gunpowder, prepared","Solberg & Hansen, Norway",Norway,1.19,3
2,Beverages,"Tea, green, Jasmin, prepared",Lipton,Norway,1.27,3
2,Beverages,"Tea, green, Jasmine, prepared","Twinings, England",Norway,1.93,3
2,Beverages,"Tea, green, Jasmine, prepared",Dilhma,New Zealand,2.11,3
2,Beverages,"Tea, green, Java Green, prepared","Twinings, England",Norway,2.31,3
2,Beverages,"Tea, green, leaves, dried, Kashmir Kahawa","Ajmal Khan, N. Dehli",India,10.13,3
2,Beverages,"Tea, green, Ling ching, prepared","Solberg & Hansen, Norway",Norway,1.26,3
2,Beverages,"Tea, green, mint, prepared",Lipton,Norway,0.88,3
2,Beverages,"Tea, green, Monkey, prepared",China,Norway,0.57,3
2,Beverages,"Tea, green, Sencha, prepared","Solberg & Hansen, Norway",Norway,1.24,3
2,Beverages,"Tea, green, Spesial Chun Mee, prepared","Solberg & Hansen, Norway",Norway,1.43,3
2,Beverages,"Tea, herb, Mate‐brown, prepared",,Norway,0.27,3
2,Beverages,"Tea, iced tea, brewed, unsweetened",Wendy's,USA,0.37,6
2,Beverages,"Tea, iced tea, peach",Eldorado,Norway,0.46,3
2,Beverages,"Tea, iced tea, ready to drink, brisk lemon iced tea",Lipton,USA,0.05,6
2,Beverages,"Tea, iced tea, ready to drink, iced tea with lemon flavor",Arizona,USA,0.16,6
2,Beverages,"Tea, iced tea, ready to drink, natural lemon iced tea",Nestea,USA,0.05,6
2,Beverages,"Tea, instant, dry powder, unsweetened",Nestea,USA,165.86,6
2,Beverages,"Tea, instant, dry powder, with lemon and sugar, prepared",Lipton,USA,0.94,6
2,Beverages,"Tea, leaves, fresh",Malawi,Malawi,26.55,4
2,Beverages,"Tea, Peppermint, ground and whole fresh leaves, prepared",,Norway,0.43,3
2,Beverages,"Tea, Rabs Classic Malawi Tea, dried","Rab Processors Ltd, Malawi",Malawi,57.72,3
2,Beverages,"Tea, Roiboos, Aspalathus linearis, prepared","Freshpak, South Africa",South Africa,0.42,
2,Beverages,"Tea, Rooibos, prepared",South‐Africa,Norway,0.61,3
2,Beverages,"Tea, Sermoni, green tea, prepared",,Norway,2.45,3
2,Beverages,"Tea, Sermoni, powder",,Norway,155.42,3
2,Beverages,"Vanilla shake, national",Burger King,USA,0.08,6
2,Beverages,"Whisky, Finest Scotch Whisky","The Famouse Grouse, Gloug & Son, Scotland",Norway,0.1,3
2,Beverages,"White soda, regular",Wendy's,USA,0.0,6
2,Beverages,"White soda, regular",Burger King,USA,0.0,6
2,Beverages,"Wine, Danish Cherry‐wine",,England,0.23,3
2,Beverages,"Wine, red, Amigo",,Norway,2.15,3
2,Beverages,"Wine, red, Arrow 2000",USA,Norway,2.44,3
2,Beverages,"Wine, red, Banrock Station Shiraz",,Norway,1.97,3
2,Beverages,"Wine, red, Baro`n de Oña toija 1996",Spain,Norway,2.03,3
2,Beverages,"Wine, red, Boheme",,Norway,2.06,3
2,Beverages,"Wine, red, Canaletto 2000",Italy,Norway,3.05,3
2,Beverages,"Wine, red, Canepa 2000",Chile,Norway,2.82,3
2,Beverages,"Wine, red, Capella","Puglia, Italy",Norway,2.49,3
2,Beverages,"Wine, red, Cato Negro",,Norway,2.49,3
2,Beverages,"Wine, red, Chanti Collisensi 2003",,Norway,3.08,3
2,Beverages,"Wine, red, Chapelle Du Bois",,Norway,1.94,3
2,Beverages,"Wine, red, Chateau Coufran1999",France,Norway,2.62,3
2,Beverages,"Wine, red, Chianti Classico 2000",Italy,Norway,2.68,3
2,Beverages,"Wine, red, Côte de Nuits‐ Villages1998",France,Norway,1.78,3
2,Beverages,"Wine, red, Crozes Hermitage 1999",France,Norway,2.24,3
2,Beverages,"Wine, red, Fortino",Italy,Norway,2.55,3
2,Beverages,"Wine, red, J.P.Chenet",,Norway,2.83,3
2,Beverages,"Wine, red, Kimberly 2001",South‐Africa,Norway,2.33,3
2,Beverages,"Wine, red, La Boiselière",,Norway,1.82,3
2,Beverages,"Wine, red, La Buvette",France,Norway,2.37,3
2,Beverages,"Wine, red, Merlot",,USA,2.13,6
2,Beverages,"Wine, red, Mezzamonde Negramoro",,Norway,2.9,3
2,Beverages,"Wine, red, Montepulciano 2001",Italy,Norway,3.66,3
2,Beverages,"Wine, red, Syrah, bag‐in‐box",France,Norway,2.1,3
2,Beverages,"Wine, red, Terriero 2001",Italy,Norway,2.41,3
2,Beverages,"Wine, red, Vidigal Reserva",,Norway,2.69,3
2,Beverages,"Wine, red, Vino Maipo",,Norway,2.7,3
2,Beverages,"Wine, white, Black Tower",,Norway,0.19,3
2,Beverages,"Wine, white, Blue Nun",,Norway,0.37,3
2,Beverages,"Wine, white, Caliterra 2000",Chile,Norway,0.3,3
2,Beverages,"Wine, white, Chardonnay",,USA,0.16,6
2,Beverages,"Wine, white, Dr. L. Riesling",,Norway,0.25,3
2,Beverages,"Wine, white, Dunvar",,Norway,0.44,3
2,Beverages,"Wine, white, Liebfraumilch Silbervin",,Norway,0.5,3
2,Beverages,"Wine, white, Milestone 2001",Australia,Norway,0.47,3
2,Beverages,"Wine, white, Moscato",,Norway,0.42,3
2,Beverages,"Wine, white, Moselland",,Norway,0.38,3
2,Beverages,"Wine, white, Moselland Ars Vitis",,Norway,0.4,3
2,Beverages,"Wine, white, Müller Reiler Wom Heissen Stein",,Norway,0.3,3
2,Beverages,"Wine, white, Tarquet",,Norway,0.5,3
2,Beverages,"Wine, white, Viogner",,Norway,0.56,3
3,Breakfast cereals,100% Bran,Post,USA,1.2,3
3,Breakfast cereals,"100% Natural Granola, Oats, Honey, & Raisins",Quaker,USA,0.16,6
3,Breakfast cereals,All‐Bran,Kellogg's,USA,1.68,3
3,Breakfast cereals,All‐Bran,Kellogg's,USA,1.56,6
3,Breakfast cereals,All‐Bran Plus,Kellogg's Company of Great Britain Ltd. For nordic Kellogg's Norway,Norway,1.68,3
3,Breakfast cereals,All‐Bran Regular,Kellogg's Company of Great Britain Ltd. For nordic Kellogg's Norway,Norway,1.96,3
3,Breakfast cereals,Bran Flakes,Post,USA,1.21,3
3,Breakfast cereals,Bran Flakes,Ralston,USA,4.29,6
3,Breakfast cereals,Cap'n Crunch Peanut Butter Cereal,Quaker,USA,0.53,6
3,Breakfast cereals,Cheerios,"General Mills, USA",USA,1.12,6
3,Breakfast cereals,Cheerios,"General Mills, USA",USA,1.09,3
3,Breakfast cereals,Cheerios,"Nestlé, Norway",Norway,0.97,3
3,Breakfast cereals,Cocoa Krispies,Kellogg's,USA,1.56,6
3,Breakfast cereals,"Cocos‐frokost, chocolate flavor",Kellogg's GmbH. For Nordic Kellogg`s Norway,Norway,0.88,3
3,Breakfast cereals,Complete,Kellogg's,USA,4.84,3
3,Breakfast cereals,"Corn and Rice, Crispix",Kellogg's,USA,1.13,6
3,Breakfast cereals,"Corn and Rice, Crispy Doubles",Giant Eagle,USA,0.72,6
3,Breakfast cereals,"Corn and Rice, Crispy Hexagons",Shop 'N Save,USA,0.88,6
3,Breakfast cereals,"Corn and Rice, Crispy Hexagons",Price Chopper,USA,0.78,6
3,Breakfast cereals,Corn Chef,Corn Chef,USA,1.18,3
3,Breakfast cereals,Corn Flakes,Ralston,USA,1.23,6
3,Breakfast cereals,Corn Flakes,Toasties,USA,0.85,3
3,Breakfast cereals,Corn Flakes,Kellogg's,USA,1.28,6
3,Breakfast cereals,Corn Flakes,"Kellogg's GmbH, Germany",Norway,0.98,3
3,Breakfast cereals,Corn Flakes,"Landlord, Germany",Norway,0.7,3
3,Breakfast cereals,"Corn Flakes, ecological",Germany,Norway,0.62,3
3,Breakfast cereals,"Corn Flakes, Honey Crunch",Kellogg's GmbH. For Kellogg’s Norway,Norway,0.66,3
3,Breakfast cereals,"Corn Squares, Corn Biscuits",Ralston,USA,0.46,6
3,Breakfast cereals,"Corn Squares, Toasted Corn",Price Chopper,USA,0.5,6
3,Breakfast cereals,Crispix,Kellogg's,USA,0.74,3
3,Breakfast cereals,Crusli,"Quaker Oats B.V., Netherlands",USA,0.52,3
3,Breakfast cereals,"Crusli, Solfrokost","Quaker Oats B.V., Netherlands",USA,0.59,3
3,Breakfast cereals,Energy Mix,"Quaker Oats B.V., Netherlands",USA,0.45,3
3,Breakfast cereals,Fiber One,"General Mills, USA",USA,2.17,3
3,Breakfast cereals,Fitness,"Nestlé, Norway",Norway,0.99,3
3,Breakfast cereals,Fitness & Fruits,"Nestlé, Norway",Norway,0.53,3
3,Breakfast cereals,Froot Loops,Kellogg's,USA,0.9,6
3,Breakfast cereals,Frosted Flakes,Kellogg's,USA,0.89,3
3,Breakfast cereals,Frosted Mine Wheets,Kellogg's,USA,0.23,3
3,Breakfast cereals,Grape Nuts Flakes,,USA,0.88,3
3,Breakfast cereals,"Grear grains, Pecan Crunch",Post,USA,1.09,3
3,Breakfast cereals,Honey Bunckes of Oats,Post,USA,0.34,3
3,Breakfast cereals,Honey Nut Cheerios,"General Mills, USA",USA,1.04,3
3,Breakfast cereals,Just Right,Kellogg's,USA,0.58,3
3,Breakfast cereals,Kix,GMI,USA,0.55,3
3,Breakfast cereals,Life,Quaker,USA,0.36,3
3,Breakfast cereals,"Loops, Multi Grain",Kellogg's GmbH. For Kellogg’s Norway,Norway,0.53,3
3,Breakfast cereals,Low fat Granola,Kellogg's,USA,0.53,3
3,Breakfast cereals,Mueslix,Kellogg's,USA,0.64,3
3,Breakfast cereals,Multi‐Grain Chex,,USA,1.97,3
3,Breakfast cereals,Müsli Whole Grain,"Euro Shopper, Germany",Norway,0.41,3
3,Breakfast cereals,"Müsli, Frokost","Landlord, Germany",Norway,0.48,3
3,Breakfast cereals,"Müsli, Frokost","Nordkronen, Norway",Norway,0.66,3
3,Breakfast cereals,Nabisco Shredded,Nabisco,USA,0.44,3
3,Breakfast cereals,Oat Circle,Ralston,USA,0.84,6
3,Breakfast cereals,Oat squares,Nakskov Mil FoodsA/S Denmark for Quaker Oats Scandinavia,Norway,1.14,3
3,Breakfast cereals,"Oat, puffed","Hakon, Norway",Norway,2.11,3
3,Breakfast cereals,"Oat, puffed","Norgesmøllen DA, Norway",Norway,1.89,3
3,Breakfast cereals,"Oat, puffed","Gaute Næringsmiddelindustri, Norway",Norway,1.79,3
3,Breakfast cereals,Old Glory,Kellogg's,USA,1.05,3
3,Breakfast cereals,Original shredded wheat,Post,USA,0.23,6
3,Breakfast cereals,Paisin Bran,Post,USA,0.73,3
3,Breakfast cereals,Product 19,Kellogg's,USA,4.01,3
3,Breakfast cereals,Puffed Rice,Quaker,USA,0.43,3
3,Breakfast cereals,Puffed Rice,Cub Foods,USA,0.29,3
3,Breakfast cereals,Puffed Wheat,Cub Foods,USA,1.26,3
3,Breakfast cereals,Raisin Bran,Kellogg's,USA,1.16,3
3,Breakfast cereals,Raisin Bran,Post,USA,0.77,6
3,Breakfast cereals,Raisin Bran,Malt O`meal,USA,0.75,3
3,Breakfast cereals,Rice Chex,,USA,0.37,3
3,Breakfast cereals,Rice Crisp,Kellogg's,USA,0.86,6
3,Breakfast cereals,Rice Crisp,Ralston,USA,1.02,6
3,Breakfast cereals,Rice Krispies,Kellogg's,USA,0.88,3
3,Breakfast cereals,Rice Puffs,Cub Foods,USA,0.24,3
3,Breakfast cereals,"Rice, puffed","Hakon, Norway",Norway,0.3,3
3,Breakfast cereals,Shredded Wheat,Kraft,USA,0.24,3
3,Breakfast cereals,Shredded Wheat,Post,USA,0.22,3
3,Breakfast cereals,Special,Kellogg's Company of Great Britain Ltd. For nordic Kellogg`s Norway,Norway,0.9,3
3,Breakfast cereals,Special K,Kellogg's,USA,1.56,3
3,Breakfast cereals,Special K,Kellogg's,Norway,1.83,3
3,Breakfast cereals,Squares,Quaker,USA,1.03,3
3,Breakfast cereals,"Squares, with cinnamon",Quaker,USA,1.01,3
3,Breakfast cereals,Total,"General Mills, USA",USA,2.51,3
3,Breakfast cereals,Uncle Sam Cereal,US Mills,USA,1.12,6
3,Breakfast cereals,Weetabix,"Weetabix Ltd, England",USA,1.3,3
3,Breakfast cereals,"Weetos, with chockolate flavor","Weetabix Ltd, England",USA,0.8,3
3,Breakfast cereals,Wheat Chex,"General Mills, USA",USA,1.17,3
3,Breakfast cereals,Wheat Puffs,Cub Foods,USA,1.64,3
3,Breakfast cereals,Wheaties,"General Mills, USA",USA,1.67,3
3,Breakfast cereals,Whole Grain Total,"General Mills, USA",USA,3.41,6
4,Chocolate and sweets,"Cacao, for baking, powder, Regia","Freia, Norway",Norway,13.74,3
4,Chocolate and sweets,Candy bars,Tootsie Rolls,USA,1.4,6
4,Chocolate and sweets,"Candy bars, Snickers",,USA,0.73,6
4,Chocolate and sweets,"Candy bars, Wafer Bar",Kit Kat,USA,0.72,6
4,Chocolate and sweets,"Caramel, creem, Smørbukk","Nidar, Norway",Norway,1.31,3
4,Chocolate and sweets,"Caramel, lemon, FOX",Malaco,Norway,0.11,3
4,Chocolate and sweets,Chocolate,"Plamil Foods Limited , England",Norway,3.08,3
4,Chocolate and sweets,"Chocolate butter, Sjokade","Sunda, Norway",Norway,1.15,3
4,Chocolate and sweets,"Chocolate butter, Sjokella","Nestlé, Norway",Norway,0.73,3
4,Chocolate and sweets,"Chocolate, Cacao Gastronomie, 100%",Valrhona,Norway,11.22,3
4,Chocolate and sweets,"Chocolate, chocolate covered cacao nibs, 53% cocoa","Chocolate Santander, Colombia",Norway,13.29,3
4,Chocolate and sweets,"Chocolate, chocolate covered coffe beans, 53% cocoa","Chocolate Santander, Colombia",Norway,12.62,3
4,Chocolate and sweets,"Chocolate, chocolate discs, 70% cocoa","Chocolate Santander, Colombia",Norway,14.98,3
4,Chocolate and sweets,"Chocolate, dark chocolate, Colombian coffee bits, 70% cocoa","Chocolate Santander, Colombia",Norway,14.79,3
4,Chocolate and sweets,"Chocolate, dark chocolate, Columbian singel origin, 70% cocoa","Chocolate Santander, Colombia",Norway,13.56,3
4,Chocolate and sweets,"Chocolate, dark chocolate,Columbian singel origin with cacao nibs, 70%","Chocolate Santander, Colombia",Norway,14.47,3
4,Chocolate and sweets,"cocoa Chocolate, dark, 70% cocoa","Freia, Norway",Norway,7.83,3
4,Chocolate and sweets,"Chocolate, dark, 70% cocoa","Lindt & Sprungli, France",Norway,13.44,3
4,Chocolate and sweets,"Chocolate, dark, Bocca Dark","Nidar, Norway",Norway,7.67,3
4,Chocolate and sweets,"Chocolate, dark, for baking, Mørk Kokesjokolade","Hakon, Norway",Norway,9.04,3
4,Chocolate and sweets,"Chocolate, dark, Lindt Excellence extra fine, 85% cocoa","Lindt & Sprüngli, France",Norway,13.58,3
4,Chocolate and sweets,"Chocolate, dark, Lindt Exellence 99% cocoa","Lindt & Sprüngli, France",Norway,12.09,3
4,Chocolate and sweets,"Chocolate, dark, Noir Amer, Guanaja, 70% cocoa",Valrhona,Norway,10.74,3
4,Chocolate and sweets,"Chocolate, dark, Noir Dark, Lindt Excellence, 70% cocoa","Lindt & Sprüngli, France",Norway,8.38,3
4,Chocolate and sweets,"Chocolate, dark, Noir de Domiane, Ampamakia, 64% cocoa",Valrhona,Norway,10.33,3
4,Chocolate and sweets,"Chocolate, dark, Noir de Domiane, Chuao, 65% cocoa",Valrhona,Norway,12.26,3
4,Chocolate and sweets,"Chocolate, dark, Noir de Domiane, Gran Couva, 64% cocoa",Valrhona,Norway,7.64,3
4,Chocolate and sweets,"Chocolate, dark, Noir, 72% cocoa",Villars,Norway,11.0,3
4,Chocolate and sweets,"Chocolate, dark, Sensation Brut Noir de Noir, 86% cocoa",Côte d'Or,Norway,11.67,3
4,Chocolate and sweets,"Chocolate, dark, Sensation intense Noir de Noir, 70% cocoa",Côte d'Or,Norway,9.03,3
4,Chocolate and sweets,"Chocolate, dark, Superior Dark 72% cocoa","Confecta, Norway",Norway,11.35,3
4,Chocolate and sweets,"Chocolate, dark, Toblerone","Kraft Foods, Switzerland",Norway,1.71,3
4,Chocolate and sweets,"Chocolate, Dronning","Freia, Norway",Norway,4.73,3
4,Chocolate and sweets,"Chocolate, for baking, Lys Kokesjokolade","Freia, Norway",Norway,3.59,3
4,Chocolate and sweets,"Chocolate, for baking, unsweetened","Bakers, Norway",USA,7.28,6
4,Chocolate and sweets,"Chocolate, for baking, unsweetened",Hershey's,USA,10.47,6
4,Chocolate and sweets,"Chocolate, Kvikk Lunsj","Freia, Norway",Norway,1.48,3
4,Chocolate and sweets,"Chocolate, milk chocolate",Euro Shopper,Norway,1.44,3
4,Chocolate and sweets,"Chocolate, milk chocolate candy",Cadbury,USA,1.95,6
4,Chocolate and sweets,"Chocolate, milk chocolate candy",Brach's Stars,USA,1.25,6
4,Chocolate and sweets,"Chocolate, milk chocolate candy",Hershey's,USA,1.55,6
4,Chocolate and sweets,"Chocolate, milk chocolate candy, Hershey Kisses",Hershey's,USA,1.5,6
4,Chocolate and sweets,"Chocolate, milk chocolate peanut butter cups, miniatures",Reese's,USA,1.07,"1, 6"
4,Chocolate and sweets,"Chocolate, milk chocolate, Freia Melkesjokolade","Freia, Norway",Norway,5.06,3
4,Chocolate and sweets,"Chocolate, Milky Way","Masterfoods, Norway",Norway,0.73,3
4,Chocolate and sweets,"Chocolate, Mokkabønner","Nidar, Norway",Norway,6.23,3
4,Chocolate and sweets,"Chocolate, New Energy","Nidar, Norway",Norway,1.2,3
4,Chocolate and sweets,"Chocolate, Noir Nestlé Dessert","Nestlé, Norway",Norway,7.87,3
4,Chocolate and sweets,"Chocolate, peanut butter cup miniatures, sugar‐free",Reese's,USA,1.08,"1, 6"
4,Chocolate and sweets,"Chocolate, Selskapssjokolade","Freia, Norway",Norway,4.94,3
4,Chocolate and sweets,"Chocolate, semi‐dark, Colombian Singel Origin, 53% cocoa","Chocolate Santander, Colombia",Norway,7.4,3
4,Chocolate and sweets,"Chocolate, Snickers","Masterfoods, Norway",Norway,0.8,3
4,Chocolate and sweets,"Chocolate, sugar‐free, chocolate candy",Hershey's,USA,2.57,6
4,Chocolate and sweets,"Chocolate, sugar‐free, dark chocolate candy",Hershey's,USA,4.19,6
4,Chocolate and sweets,"Chocolate, sweet authentic mexican chocolate","Ibarra, Mexico",Norway,8.83,3
4,Chocolate and sweets,"Chocolate, Voll‐Nuss (with whole hazelnuts)","Ritter Sport, Germany",Norway,0.62,3
4,Chocolate and sweets,"Chocolate, white, with coconut","Lindt & Sprungli, France",Norway,0.23,3
4,Chocolate and sweets,"Chocolate, with hazelnuts, Bocca Dark","Nidar, Norway",Norway,5.31,3
4,Chocolate and sweets,"Chocolate, with pieces of hazelnuts, Firkløver","Freia, Norway",Norway,1.2,3
4,Chocolate and sweets,"Chocolate, with whole hazelnuts, Helnøtt","Freia, Norway",Norway,0.82,3
4,Chocolate and sweets,"Coconut, sweetened, flaked",Store Brand,USA,0.09,6
4,Chocolate and sweets,"Cononut, sweetened, flaked",Other Brand,USA,0.09,6
4,Chocolate and sweets,"Cononut, sweetened, flaked, Angel Flake","Bakers, Norway",USA,0.1,6
4,Chocolate and sweets,"Granola bars, 100% natural crunchy oats and honey",Nature Valley,USA,0.83,6
4,Chocolate and sweets,"Granola bars, chewy, chocolate chip",Sunbelt,USA,0.76,6
4,Chocolate and sweets,"Granola bars, chewy, chocolate chip",Quaker,USA,0.36,6
4,Chocolate and sweets,"Granola bars, chewy, chocolate chip",Store Brand,USA,0.6,6
4,Chocolate and sweets,"Granola bars, chewy, oats and honey",Sunbelt,USA,0.4,6
4,Chocolate and sweets,"Granola bars, crunchy",Store Brand,USA,0.78,6
4,Chocolate and sweets,"Liquorice candy, Godt og blandet",Malaco,Norway,4.71,3
4,Chocolate and sweets,"Liquorice candy, NOX",Malaco,Norway,1.25,3
4,Chocolate and sweets,"Liquorice candy, Skipper lakrisbåter","Nidar, Norway",Norway,0.69,3
4,Chocolate and sweets,Marzipan,"Rainbow, Denmark",Norway,0.05,3
4,Chocolate and sweets,"Marzipan, luxury quality","Odense, Denmark",Norway,0.05,3
4,Chocolate and sweets,Milk chocolate peanut butter cups,Reese's,USA,0.96,"1, 6"
4,Chocolate and sweets,"Nut and chocolate butter, Nugatti","Sunda, Norway",Norway,1.1,3
4,Chocolate and sweets,"Power bar, chocolate flavor",,USA,2.76,6
4,Chocolate and sweets,"Slim‐Fast Meal options, Chewy Granola, chocolate chip, artificially flavored","Slim‐Fast Foods co, USA",Norway,1.96,3
4,Chocolate and sweets,"Slim‐Fast Meal options, milk chocolate peanut flavored, meal on‐the‐go","Slim‐Fast Foods co, USA",Norway,2.1,3
4,Chocolate and sweets,"Slim‐Fast Meal options, oatmeal raisin, natural & artificially flavored,meal on‐ the‐go","Slim‐Fast Foods co, USA",Norway,3.55,3
5,Dairy and dairy products,"Buttermilk, skimmed","Tine, Norway",Norway,0.05,3
5,Dairy and dairy products,"Buttermilk, special 1.5% fat, Biola","Tine, Norway",Norway,0.05,3
5,Dairy and dairy products,"Buttermilk, special 1.5% fat, Cultura","Tine, Norway",Norway,0.04,3
5,Dairy and dairy products,"Cheese, american cheese/pasteurized process cheese",Kraft Singles,USA,0.06,6
5,Dairy and dairy products,"Cheese, american cheese/pasteurized process cheese food",Kraft Deluxe,USA,0.04,6
5,Dairy and dairy products,"Cheese, american cheese/pasteurized process cheese food",Store Brand,USA,0.06,6
5,Dairy and dairy products,"Cheese, american/skim, white, sliced, commodity",Land O Lakes,USA,0.03,6
5,Dairy and dairy products,"Cheese, american/skim, yellow, sliced",Schreiber,USA,0.04,6
5,Dairy and dairy products,"Cheese, american/skim, yellow, sliced, commodity",Land O Lakes,USA,0.04,6
5,Dairy and dairy products,"Cheese, Brie Coeur de Lion",France,Norway,0.22,"1, 3"
5,Dairy and dairy products,"Cheese, brown goat cheese","Tine, Norway",Norway,0.78,3
5,Dairy and dairy products,"Cheese, Cheddar, chunk",Store Brand,USA,0.06,"1, 6"
5,Dairy and dairy products,"Cheese, Cheddar, chunk",Kraft,USA,0.09,"1, 6"
5,Dairy and dairy products,"Cheese, Gorgonzola dolce",Italy,Norway,0.54,"1, 3"
5,Dairy and dairy products,"Cheese, Mozzarella, low moisture part skim",Store Brand,USA,0.06,"1, 6"
5,Dairy and dairy products,"Cheese, Mozzarella, low moisture part skim",Kraft,USA,0.04,"1, 6"
5,Dairy and dairy products,"Cheese, Mozzarella, whole milk",Precious,USA,0.12,"1, 6"
5,Dairy and dairy products,"Cheese, Mozzarella, whole milk",Store Brand,USA,0.06,"1, 6"
5,Dairy and dairy products,"Cheese, Mozzarella, whole milk",Polly‐O,USA,0.1,"1, 6"
5,Dairy and dairy products,"Cheese, Mozzarella, whole milk",Sorrento,USA,0.11,"1, 6"
5,Dairy and dairy products,"Cheese, Parmesan, grated",Kraft,USA,0.06,6
5,Dairy and dairy products,"Cheese, Parmesan, grated",Store Brand,USA,0.1,6
5,Dairy and dairy products,"Cheese, Philadelphia, original",Kraft,Norway,0.19,3
5,Dairy and dairy products,"Cheese, processed, commodity",Land O Lakes,USA,0.06,6
5,Dairy and dairy products,"Cheese, processed, white, sliced",AMPI,USA,0.03,6
5,Dairy and dairy products,"Cheese, processed, yellow, sliced, commodity",Bongards,USA,0.04,6
5,Dairy and dairy products,"Cheese, processed, yellow, sliced, commodity",Land O Lakes,USA,0.05,6
5,Dairy and dairy products,"Cheese, Roquefort",France,Norway,0.43,"1, 3"
5,Dairy and dairy products,"Cheese, St Agur",France,Norway,0.65,"1, 3"
5,Dairy and dairy products,"Cheese, Stilton ring",England,Norway,0.54,"1, 3"
5,Dairy and dairy products,"Cheese, Swiss Cheese, slices",Store Brand,USA,0.08,"1, 6"
5,Dairy and dairy products,"Cheese, Swiss Cheese, slices",Kraft,USA,0.07,"1, 6"
5,Dairy and dairy products,"Cheese, white, Norvegia","Tine, Norway",Norway,0.1,3
5,Dairy and dairy products,Cottage Cheese,"Tine, Norway",Norway,0.05,3
5,Dairy and dairy products,"Cream, 22% fat","Tine, Norway",Norway,0.06,3
5,Dairy and dairy products,"Cream, 35% fat","Tine, Norway",Norway,0.07,3
5,Dairy and dairy products,Goatmilk,"Tine, Norway",Norway,0.04,3
5,Dairy and dairy products,Ice cream,Burger King,USA,0.0,6
5,Dairy and dairy products,"Ice cream, chocolate, regular fat",Store Brand,USA,0.5,6
5,Dairy and dairy products,"Ice cream, chocolate, regular fat",Breyers,USA,0.76,6
5,Dairy and dairy products,"Ice cream, chocolate, regular fat, grand chocolate flavor",Edy's/Dreyer’s,USA,0.71,6
5,Dairy and dairy products,"Ice cream, regular fat, natural vanilla",Edy's/Dreyer’s,USA,0.05,6
5,Dairy and dairy products,"Ice cream, regular fat, natural vanilla",Breyers,USA,0.06,6
5,Dairy and dairy products,"Ice cream, vanilla","Nestlé, Norway",Norway,0.22,3
5,Dairy and dairy products,"Ice cream, vanilla","Møvenpick, Switzerland",Norway,0.32,3
5,Dairy and dairy products,"Ice cream, vanilla, regular fat",Other Brand,USA,0.07,6
5,Dairy and dairy products,"Ice cream, vanilla, regular fat",Store Brand,USA,0.06,6
5,Dairy and dairy products,"Ice cream, with strawberry","Hennig Olsen, Norway",Norway,0.21,3
5,Dairy and dairy products,"Milk, 1%",USA,USA,0.05,6
5,Dairy and dairy products,"Milk, 2%",USA,USA,0.04,6
5,Dairy and dairy products,"Milk, chocolate, 2% reduced fat",Hershey's,USA,0.17,6
5,Dairy and dairy products,"Milk, chocolate, 2%, reduced fat",Store Brand,USA,0.14,6
5,Dairy and dairy products,"Milk, extra semi‐skimmed","Tine, Norway",Norway,0.04,3
5,Dairy and dairy products,"Milk, Kefir","Tine, Norway",Norway,0.05,3
5,Dairy and dairy products,"Milk, semi‐skimmed","Tine, Norway",Norway,0.04,3
5,Dairy and dairy products,"Milk, semi‐skimmed, ecological","Tine, Norway",Norway,0.04,3
5,Dairy and dairy products,"Milk, semi‐skimmed, lactose reduced","Tine, Norway",Norway,0.05,3
5,Dairy and dairy products,"Milk, semi‐skimmed, Q‐Melk","Gausdal Meieriet for Kavli, Norway",Norway,0.05,3
5,Dairy and dairy products,"Milk, skim",USA,USA,0.04,6
5,Dairy and dairy products,"Milk, skimmed","Tine, Norway",Norway,0.04,3
5,Dairy and dairy products,"Milk, skimmed","MATFORSK, Norway",Norway,0.03,5
5,Dairy and dairy products,"Milk, skimmed fermented","MATFORSK, Norway",Norway,0.05,5
5,Dairy and dairy products,"Milk, skimmed fermented with blackcurrants","MATFORSK, Norway",Norway,0.27,5
5,Dairy and dairy products,"Milk, skimmed fermented with blueberries","MATFORSK, Norway",Norway,0.42,5
5,Dairy and dairy products,"Milk, skimmed with blueberries","MATFORSK, Norway",Norway,0.35,5
5,Dairy and dairy products,"Milk, skimmed, Q ‐Melk","Gausdal Meieriet for Kavli, Norway",Norway,0.05,3
5,Dairy and dairy products,"Milk, skimmed, with blackcurrants","MATFORSK, Norway",Norway,0.2,5
5,Dairy and dairy products,"Milk, whole, H‐Melk","Tine, Norway",Norway,0.04,3
5,Dairy and dairy products,"Milk, whole, Q‐Melk","Gausdal Meieriet for Kavli, Norway",Norway,0.04,3
5,Dairy and dairy products,Sour cream,Breakstone,USA,0.01,6
5,Dairy and dairy products,Sour cream,Store Brand,USA,0.06,3
5,Dairy and dairy products,Sour cream,"Tine, Norway",Norway,0.15,3
5,Dairy and dairy products,Sour cream,Other Brand,USA,0.03,6
5,Dairy and dairy products,"Sour cream, low fat","Tine, Norway",Norway,0.09,3
5,Dairy and dairy products,Vanilla milkshake,McDonald's,USA,0.12,6
5,Dairy and dairy products,Wendy's Ice,Wendy's,USA,0.0,6
5,Dairy and dairy products,Yogurt,Store Brand,USA,0.04,6
5,Dairy and dairy products,"Yogurt, 99% fat free, strawberry",Yoplait,USA,0.11,6
5,Dairy and dairy products,"Yogurt, frozen, chocolate",Other Brand,USA,0.45,6
5,Dairy and dairy products,"Yogurt, frozen, fat free, vanilla",Edy's/Dreyer’s,USA,0.06,6
5,Dairy and dairy products,"Yogurt, frozen, vanilla",Other Brand,USA,0.05,6
5,Dairy and dairy products,"Yogurt, mixed wild berries","Tine, Norway",Norway,0.25,3
5,Dairy and dairy products,"Yogurt, original","Tine, Norway",Norway,0.06,3
5,Dairy and dairy products,"Yogurt, prunes","Tine, Norway",Norway,0.11,3
5,Dairy and dairy products,"Yogurt, strawberries","Tine, Norway",Norway,0.08,3
5,Dairy and dairy products,"Yogurt, strawberry, fruit on the bottom",Dannon,USA,0.13,6
6,Desserts and cakes,Apple pie,Berthas,Norway,0.19,3
6,Desserts and cakes,Brownies,7 eleven,Norway,0.6,3
6,Desserts and cakes,"Bun, with cinnamon",ICA,Norway,0.5,3
6,Desserts and cakes,"Bun, with cinnamon and vanilla cream",ICA,Norway,0.37,3
6,Desserts and cakes,"Bun, with currants","Bakers, Norway",Norway,0.46,3
6,Desserts and cakes,"Cake frosting, chocolate, ready‐to‐spread, creamy chocolate",Pillsbury,USA,0.8,6
6,Desserts and cakes,"Cake frosting, chocolate, ready‐to‐spread, creamy homestyle classic chocolate",Duncan Hines,USA,0.92,6
6,Desserts and cakes,"Cake frosting, chocolate, ready‐to‐spread, creamy homestyle milk chocolate",Duncan Hines,USA,1.01,6
6,Desserts and cakes,"Cake frosting, chocolate, ready‐to‐spread, creamy milk chocolate",Pillsbury,USA,1.09,6
6,Desserts and cakes,"Cake frosting, chocolate, ready‐to‐spread, rich & creamy",Betty Crocker,USA,0.81,6
6,Desserts and cakes,"Cake frosting, vanilla, ready‐ to‐spread, creamy",Pillsbury,USA,0.09,6
6,Desserts and cakes,"Cake frosting, vanilla, ready‐ to‐spread, creamy homestyle",Duncan Hines,USA,0.04,6
6,Desserts and cakes,"Cake frosting, vanilla, ready‐ to‐spread, rich & creamy",Betty Crocker,USA,0.15,6
6,Desserts and cakes,"Cake mix, chocolate devils food cake mix, dry, Super Moist",Betty Crocker,USA,0.69,6
6,Desserts and cakes,"Cake mix, chocolate devils food cake mix, dry, Moist Deluxe",Duncan Hines,USA,0.9,6
6,Desserts and cakes,"Cake mix, chocolate devils food cake mix, dry, Moist Supreme",Pillsbury,USA,0.98,6
6,Desserts and cakes,"Cake Mix, chocolate devils food cake mix, prepared, moist deluxe",Duncan Hines,USA,0.38,6
6,Desserts and cakes,"Cake mix, chocolate devils food cake mix, prepared, super moist",Betty Crocker,USA,0.43,6
6,Desserts and cakes,Chocolate cake,"Studentkafeen A/S, Norway",Norway,0.38,3
6,Desserts and cakes,"Chocolate cake, filled","Baker Nordby, Norway",Norway,0.8,3
6,Desserts and cakes,"Chocolate cake, filled, dark, Sachertorte",Take away bakery,Norway,0.71,3
6,Desserts and cakes,"Chocolate devils food cake mix, moist supreme, prepared",Pillsbury,USA,0.61,6
6,Desserts and cakes,"Chocolate muffin, with chocolate chips",7 eleven,Norway,0.93,3
6,Desserts and cakes,Cini‐Minis,Burger King,USA,0.61,6
6,Desserts and cakes,"Cookies, chocolate chip",Chunky Chips Ahoy,USA,2.23,6
6,Desserts and cakes,"Cookies, chocolate chip",Entenmann's,USA,1.38,6
6,Desserts and cakes,"Cookies, chocolate chip",Store Brand,USA,1.29,6
6,Desserts and cakes,"Cookies, chocolate chip",Chips Ahoy,USA,1.72,6
6,Desserts and cakes,"Cookies, chocolate chip",7 eleven,Norway,0.6,3
6,Desserts and cakes,"Cookies, chocolate chip",Chips Deluxe,USA,1.0,6
6,Desserts and cakes,"Cookies, chocolate chip cookies, with hazelnuts","The horizon Biscuit Company Limited, England",Norway,0.88,3
6,Desserts and cakes,"Cookies, chocolate with vanilla creme filling",Oreo,USA,1.84,6
6,Desserts and cakes,"Cookies, chocolate with vanilla creme filling",Store Brand,USA,1.56,6
6,Desserts and cakes,"Cookies, chocolate with vanilla creme filling, double stuf",Oreo,USA,1.54,6
6,Desserts and cakes,"Cupcakes, chocolate",Hostess,USA,1.15,6
6,Desserts and cakes,"Cupcakes, chocolate",Little Debbie,USA,0.97,6
6,Desserts and cakes,Doughnuts with candy sprinkles,7 eleven,Norway,0.26,3
6,Desserts and cakes,"Doughnuts, cake, chocolate covered",Store Brand,USA,0.29,6
6,Desserts and cakes,"Doughnuts, cake, chocolate covered",Hostess Donettes,USA,0.87,6
6,Desserts and cakes,"Doughnuts, cake, plain",Store Bakery or prepackaged,USA,0.14,6
6,Desserts and cakes,"Doughnuts, chocolate‐glazed",7 eleven,Norway,0.45,3
6,Desserts and cakes,"Doughnuts, glazed, plain",Store Brand,USA,0.18,6
6,Desserts and cakes,"Doughnuts, glazed, plain",Krispy Kreme,USA,0.16,6
6,Desserts and cakes,"Doughnuts, mini‐cake‐type with powdered sugar",Hostess Donettes,USA,0.11,6
6,Desserts and cakes,"Doughnuts, original glazed",7 eleven,Norway,0.32,3
6,Desserts and cakes,Frosty dairy dessert,Wendy's,USA,0.16,6
6,Desserts and cakes,Fruit dessert,"Nora, Stabburet, Norway",Norway,0.29,3
6,Desserts and cakes,"Fruit dessert, red","Nora, Stabburet, Norway",Norway,0.38,3
6,Desserts and cakes,"Ice‐type novelties, containing fruit juice",Popsicle Scribblers,USA,0.1,6
6,Desserts and cakes,"Ice‐type novelties, regular, cherry flavor",Popsicle Ice Bar,USA,0.01,6
6,Desserts and cakes,"Ice‐type novelties, regular, grape flavor",Popsicle Ice Bar,USA,0.01,6
6,Desserts and cakes,"Ice‐type novelties, regular, orange flavor",Popsicle Ice Bar,USA,0.01,6
6,Desserts and cakes,"Ice‐type novelties, sugar free, cherry flavor",Popsicle Ice Bar,USA,0.09,6
6,Desserts and cakes,"Ice‐type novelties, sugar free, grape flavor",Popsicle Ice Bar,USA,0.09,6
6,Desserts and cakes,"Ice‐type novelties, sugar free, orange flavor",Popsicle Ice Bar,USA,0.09,6
6,Desserts and cakes,"Jello, snack, strawberry flavor",Hunts Juicy Gels,USA,0.03,6
6,Desserts and cakes,"Jello, snack, strawberry flavor",Jell‐O,USA,0.0,6
6,Desserts and cakes,"Jello, snack, strawberry/orange flavor",Jell‐O,USA,0.01,6
6,Desserts and cakes,"Jello, snack, strawberry/orange flavor",Hunts Juicy Gels,USA,0.01,6
6,Desserts and cakes,"Jello, with gooseberry flavor, powder, prepared","Freia, Norway",Norway,0.0,3
6,Desserts and cakes,"Jello, with strawberry flavor","Tine, Norway",Norway,0.05,3
6,Desserts and cakes,Muffin with blueberries,7 eleven,Norway,0.46,3
6,Desserts and cakes,Muffin with blueberries,Store Brand,USA,0.46,6
6,Desserts and cakes,"Muffin with blueberries, Mini Muffins",Hostess,USA,0.37,6
6,Desserts and cakes,"Pancakes, buttermilk frozen, microwave",Hungry Jack,USA,0.17,6
6,Desserts and cakes,"Pancakes, buttermilk, frozen, microwaved",Aunt Jemima,USA,0.07,6
6,Desserts and cakes,"Pancakes, buttermilk, frozen, microwaved",Eggo,USA,0.1,6
6,Desserts and cakes,"Pancakes, buttermilk, frozen, toasted",Eggo,USA,0.13,6
6,Desserts and cakes,"Pancakes, buttermilk, frozen, toasted",Hungry Jack,USA,0.27,6
6,Desserts and cakes,"Pancakes, buttermilk, frozen, uncooked",Hungry Jack,USA,0.23,6
6,Desserts and cakes,"Pancakes, buttermilk, frozen, uncooked",Eggo,USA,0.14,6
6,Desserts and cakes,"Pie crust, frozen deep dish, regular fat",Store Brand,USA,0.05,6
6,Desserts and cakes,"Pie crust, frozen deep dish, regular fat",Marie Callender's,USA,0.01,6
6,Desserts and cakes,"Pie crust, frozen deep dish, regular fat",Pilsbury Pet‐Ritz,USA,0.05,6
6,Desserts and cakes,"Pie crust, frozen deep dish, regular fat, baked",Store Brand,USA,0.15,6
6,Desserts and cakes,"Pie crust, frozen deep dish, regular fat, baked",Pilsbury Pet‐Ritz,USA,0.21,6
6,Desserts and cakes,"Pie crust, frozen deep dish, regular fat, baked",Marie Callender's,USA,0.17,6
6,Desserts and cakes,"Pie crust, frozen, regular fat",Store Brand,USA,0.08,6
6,Desserts and cakes,"Pie crust, frozen, regular fat, baked",Store Brand,USA,0.31,6
6,Desserts and cakes,Prune dessert,"Nora, Stabburet, Norway",Norway,0.67,3
6,Desserts and cakes,"Pudding mix, chocolate, cook & serve",Jell‐O,USA,2.24,6
6,Desserts and cakes,"Pudding mix, chocolate, sugar free, cook & serve",Jell‐O,USA,4.1,6
6,Desserts and cakes,"Pudding mix, chocolate, sugar‐free, fat‐free instant",Jell‐O,USA,2.74,6
6,Desserts and cakes,"Pudding mix, vanilla, sugar‐ free, fat‐free instant",Jell‐O,USA,0.37,6
6,Desserts and cakes,"Pudding mix, vanilla, cook & serve",Jell‐O,USA,0.14,6
6,Desserts and cakes,"Pudding mix, vanilla, instant",Jell‐O,USA,0.13,6
6,Desserts and cakes,"Pudding mix, vanilla, sugar free, cook & serve",Jell‐O,USA,0.75,6
6,Desserts and cakes,"Pudding, caramel, Piano, ready‐to‐eat","Tine, Norway",Norway,0.03,3
6,Desserts and cakes,"Pudding, chocolate, Piano, ready‐to‐eat","Tine, Norway",Norway,0.35,3
6,Desserts and cakes,"Pudding, handi snacks pudding, vanilla flavor",Kraft,USA,0.05,6
6,Desserts and cakes,"Pudding, handi snacks, chocolate flavor",Kraft,USA,0.41,6
6,Desserts and cakes,"Pudding, refrigerated fat free, snack pack, tapioca flavor",Jell‐O,USA,0.08,6
6,Desserts and cakes,"Pudding, refrigerated, snack pack, chocolate flavor",Jell‐O,USA,0.4,6
6,Desserts and cakes,"Pudding, refrigerated, snack pack, chocolate flavor",Swiss Miss,USA,0.31,6
6,Desserts and cakes,"Pudding, refrigerated, snack pack, vanilla flavor",Jell‐O,USA,0.02,6
6,Desserts and cakes,"Pudding, refrigerated, tapioca flavor",Swiss Miss,USA,0.04,6
6,Desserts and cakes,"Pudding, refrigerated, vanilla flavor",Swiss Miss,USA,0.06,6
6,Desserts and cakes,"Pudding, snack pack, chocolate flavor",Hunt's,USA,0.26,6
6,Desserts and cakes,"Pudding, snack pack, tapioca flavor",Hunt's,USA,0.03,6
6,Desserts and cakes,"Pudding, snack pack, vanilla flavor",Hunt's,USA,0.06,6
6,Desserts and cakes,"Soup, dog rose",Ekströms,Norway,2.79,3
6,Desserts and cakes,"Toaster pastries, strawberry, frosted",Store Brand,USA,0.18,6
6,Desserts and cakes,"Toaster pastries, strawberry, frosted",Kellogg's Pop Tarts,USA,0.15,6
6,Desserts and cakes,"Toaster pastries, strawberry, frosted, toasted",Store Brand,USA,0.28,6
6,Desserts and cakes,"Toaster pastries, strawberry, frosted, toasted",Kellogg's Pop Tarts,USA,0.28,6
6,Desserts and cakes,"Toaster pastries, strawberry, plain (not frosted)",Store Brand,USA,0.17,6
6,Desserts and cakes,"Toaster pastries, strawberry, plain (not frosted)",Kellogg's Pop Tarts,USA,0.16,6
6,Desserts and cakes,"Toaster pastries, strawberry, plain, toasted (not frosted)",Store Brand,USA,0.31,6
6,Desserts and cakes,Waffels,"Baker Nordby, Norway",Norway,0.21,3
6,Desserts and cakes,"Waffles, buttermilk, frozen",Aunt Jemima,USA,0.12,6
6,Desserts and cakes,"Waffles, buttermilk, frozen",Eggo,USA,0.08,6
6,Desserts and cakes,"Waffles, buttermilk, frozen, microwaved",Eggo,USA,0.07,6
6,Desserts and cakes,"Waffles, buttermilk, frozen, microwaved",Aunt Jemima,USA,0.12,6
6,Desserts and cakes,"Waffles, buttermilk, frozen, toasted",Downyflake,USA,0.16,6
6,Desserts and cakes,"Waffles, buttermilk, frozen, toasted",Store Brand,USA,0.2,6
6,Desserts and cakes,"Waffles, buttermilk, frozen, toasted",Eggo,USA,0.11,6
6,Desserts and cakes,"Waffles, buttermilk, frozen, toasted",Hungry Jack,USA,0.2,6
6,Desserts and cakes,"Waffles, regular, frozen",Eggo,USA,0.07,6
6,Desserts and cakes,"Waffles, regular, frozen",Store Brand,USA,0.1,6
6,Desserts and cakes,"Waffles, regular, frozen microwaved",Eggo,USA,0.06,6
6,Desserts and cakes,"Waffles, regular, frozen, microwaved",Store Brand,USA,0.09,6
6,Desserts and cakes,"Waffles, regular, frozen, toasted",Store Brand,USA,0.17,6
6,Desserts and cakes,"Waffles, regular, frozen, toasted",Aunt Jemima,USA,0.17,6
6,Desserts and cakes,"Waffles, regular, frozen, toasted",Downyflake,USA,0.16,6
6,Desserts and cakes,"Waffles, regular, frozen, toasted",Eggo,USA,0.11,6
7,Egg,"Egg, beaters",Beatrice Foods,USA,0.0,3
7,Egg,"Egg, scrambled, with milk","Prior, Norway",Norway,0.08,3
7,Egg,"Egg, whites","Prior, Norway",Norway,0.0,3
7,Egg,"Egg, whites",,USA,0.01,6
7,Egg,"Egg, whole","Prior, Norway",Norway,0.06,3
7,Egg,"Egg, whole",Store Brand,USA,0.04,6
7,Egg,"Egg, whole",,USA,0.02,6
7,Egg,"Egg, whole, fried",,USA,0.05,6
7,Egg,"Egg, whole, hard cooked",,USA,0.04,6
7,Egg,"Egg, yolk","Prior, Norway",Norway,0.16,3
7,Egg,"Egg, yolk",Norgården,Norway,0.05,3
7,Egg,"Egg, yolk",,USA,0.02,6
8,Fats and oils,Butter,"Tine, Norway",Norway,0.73,"1, 3"
8,Fats and oils,"Butter, Tine smør, Ekte Meierismør","Tine, Norway",Norway,0.36,"1, 3"
8,Fats and oils,Canola and corn oil blend,Store Brand,USA,0.29,"2, 6"
8,Fats and oils,Canola and corn oil blend,Mazola Right Blend,USA,0.19,"2, 6"
8,Fats and oils,Canola oil,Store Brand,USA,0.39,"2, 6"
8,Fats and oils,Canola oil,Crisco,USA,0.48,"2, 6"
8,Fats and oils,Canola oil,Mazola,USA,0.46,"2, 6"
8,Fats and oils,Canola oil,Wesson,USA,0.51,"2, 6"
8,Fats and oils,"Canola oil, cold‐pressed","AFB Askim Frukt‐ og Bærpresseri, Norway",Norway,0.44,"2, 3"
8,Fats and oils,Corn oil,Mazola,USA,0.34,"2, 6"
8,Fats and oils,Corn oil,Store Brand,USA,0.33,"2, 6"
8,Fats and oils,Corn oil,Euro Shopper,Norway,0.49,"2, 3"
8,Fats and oils,"Margarine, Brelett Oliven, light","Fjordland, Norway",Norway,0.44,"1, 3"
8,Fats and oils,"Margarine, Brelett, light","Fjordland, Norway",Norway,0.52,"1, 3"
8,Fats and oils,"Margarine, Bremykt","Fjordland, Norway",Norway,0.4,"1, 3"
8,Fats and oils,"Margarine, Melange","Mills, Norway",Norway,1.5,"1, 3"
8,Fats and oils,"Margarine, Per","A/S Margarinfabrikken, Norway",Norway,1.66,"1, 3"
8,Fats and oils,"Margarine, Soft Flora","Mills, Norway",Norway,1.38,"1, 3"
8,Fats and oils,"Margarine, Soft light","Mills, Norway",Norway,1.0,"1, 3"
8,Fats and oils,"Margarine, Soya","A/S Margarinfabrikken, Norway",Norway,1.53,"1, 3"
8,Fats and oils,Olive oil,Store Brand,USA,0.23,"2, 6"
8,Fats and oils,"Olive oil, extra virgin",Bertolli,USA,0.25,"2, 6"
8,Fats and oils,"Olive oil, extra virgin",Eldorado,Norway,0.41,"1, 3"
8,Fats and oils,"Olive oil, extra virgin","Gaea, Greece",Norway,0.29,"2, 3"
8,Fats and oils,"Olive oil, extra virgin","Ybarra, Spain",Norway,0.36,"2, 3"
8,Fats and oils,"Olive oil, extra virgin",Pompeian,USA,0.31,"2, 6"
8,Fats and oils,"Olive oil, extra virgin, Fraticello","Pietro Coricelli, Italy",Norway,0.19,"2, 3"
8,Fats and oils,"Olive oil, extra virgin, Kalamata D.O.P.","Gaea, Greece",Norway,0.31,"2, 3"
8,Fats and oils,"Olive oil, extra virgin, Sitia‐ crete D.O.P.","Gaea, Greece",Norway,0.28,"2, 3"
8,Fats and oils,"Olive oil, Kalamata extra virgin, golden selection","Iliada, Greece",Norway,0.29,"2, 3"
8,Fats and oils,"Olive oil, Kalamata extra virgin, organic farming","Iliada, Greece",Norway,0.25,"2, 3"
8,Fats and oils,Soy bean oil,"Mills, Norway",Norway,0.47,"2, 3"
8,Fats and oils,Soy bean oil,Mazola Vegetable Oil,USA,0.35,"2, 6"
8,Fats and oils,Soy bean oil,Store Brand,USA,0.53,"2, 6"
8,Fats and oils,Soy bean oil,Wesson Vegetable Oil,USA,0.43,"2, 6"
8,Fats and oils,Sunflower oil,Euro Shopper,Norway,0.33,"2, 3"
8,Fats and oils,Vegetable oil,Store Brand,USA,0.34,"2, 6"
8,Fats and oils,Vegetable oil,Crisco,USA,0.41,"2, 6"
9,Fish and seafood,"Crab, canned",Bumble Bee,USA,0.12,6
9,Fish and seafood,"Fish sticks, breaded, frozen, baked, Crunchy Fish Sticks",Van De Kamp’s,USA,0.08,6
9,Fish and seafood,"Fish sticks, breaded, frozen, baked, Crunchy Golden Fish Sticks",Gortons,USA,0.07,6
9,Fish and seafood,"Fish sticks, breaded, frozen, baked, Select Cuts Crunchy Fish Sticks",Mrs Paul's,USA,0.08,6
9,Fish and seafood,"Fish sticks, breaded, frozen, Crunchy Fish Sticks",Van De Kamp’s,USA,0.07,6
9,Fish and seafood,"Fish sticks, breaded, frozen, Crunchy Golden Fish Sticks",Gorton’s,USA,0.06,6
9,Fish and seafood,"Fish sticks, breaded, frozen, Select Cuts Crunchy Fish Sticks",Mrs Paul's,USA,0.07,6
9,Fish and seafood,"Kapenta, dried","Wopanada McHere, Malawi",Malawi,0.65,3
9,Fish and seafood,"Mackerel, fried",Norway,Norway,0.12,3
9,Fish and seafood,"Mackerel, raw",Norway,Norway,0.11,3
9,Fish and seafood,"Orange roughy, fillets",USA,USA,0.03,6
9,Fish and seafood,"Orange roughy, fillets, baked",USA,USA,0.04,6
9,Fish and seafood,"Pollock burger, fried","Fiskern Maritime Produkter, Norway",Norway,0.2,3
9,Fish and seafood,"Pollock filet, raw",Norway,Norway,0.04,3
9,Fish and seafood,"Prawns, peeled, cooked","Reinhartsen Seafood, Denmark",Norway,0.24,3
9,Fish and seafood,"Salmon, pink, canned with skin and bones",Other Brand,USA,0.08,6
9,Fish and seafood,"Salmon, pink, canned with skin and bones",Bumble Bee,USA,0.07,6
9,Fish and seafood,"Salmon, pink, canned with skin and bones",Chicken of the Sea,USA,0.07,6
9,Fish and seafood,"Salmon, pink, canned with skin and bones",Store Brand,USA,0.07,6
9,Fish and seafood,"Salmon, raw",Norway,Norway,0.03,3
9,Fish and seafood,"Salmon, Red/Sockeye, canned with skin and bones",Bumble Bee,USA,0.1,6
9,Fish and seafood,"Salmon, Red/Sockeye, canned with skin and bones",Chicken of the Sea,USA,0.08,6
9,Fish and seafood,"Salmon, Red/Sockeye, canned with skin and bones",Other Brand,USA,0.06,6
9,Fish and seafood,"Salmon, Red/Sockeye, canned with skin and bones",Store Brand,USA,0.13,6
9,Fish and seafood,"Shrimp, canned, cooked",Orleans or Bumblebee,USA,0.04,6
9,Fish and seafood,"Tilapia, fillets, baked",USA,USA,0.14,6
9,Fish and seafood,"Tilapia, fillets, raw",USA,USA,0.08,6
9,Fish and seafood,"Tuna, canned, chunk, light, in water",Bumble Bee,USA,0.1,6
9,Fish and seafood,"Tuna, canned, chunk, light, in water",Star Kist,USA,0.09,6
9,Fish and seafood,"Tuna, canned, chunk, light, in water",Store Brand,USA,0.12,6
9,Fish and seafood,"Tuna, canned, in oil",Diva,Norway,0.21,3
9,Fish and seafood,"Tuna, canned, in water",Chicken of the Sea,USA,0.09,6
10,Fruit and fruit juices,"Apples, Composite of Red Delicious, Golden Delicious, Granny Smith, Gala, & Fuji,",,USA,0.31,6
10,Fruit and fruit juices,"Apples, dried","Eldorado, Germany",Norway,1.86,3
10,Fruit and fruit juices,"Apples, dried","Fruit Zone, Horizon Food, UK",Norway,3.49,3
10,Fruit and fruit juices,"Apples, dried (Tasmanian dried apples)",Australia,New Zealand,6.07,3
10,Fruit and fruit juices,"Apples, Fuji",,USA,0.22,6
10,Fruit and fruit juices,"Apples, Gala",,USA,0.25,6
10,Fruit and fruit juices,"Apples, Gala",Italy,Norway,0.22,3
10,Fruit and fruit juices,"Apples, Golden Delicious",New Zealand,Norway,0.15,3
10,Fruit and fruit juices,"Apples, Golden Delicious",,USA,0.26,6
10,Fruit and fruit juices,"Apples, Golden Delicious, without peel",,USA,0.1,6
10,Fruit and fruit juices,"Apples, Granny Smith",,USA,0.54,6
10,Fruit and fruit juices,"Apples, Granny Smith",Le Crunch,Norway,0.51,3
10,Fruit and fruit juices,"Apples, green, Greenstar","Fruitmaster, Netherlands",Norway,1.22,3
10,Fruit and fruit juices,"Apples, red, Fuji",China,Norway,0.4,3
10,Fruit and fruit juices,"Apples, red, Pink Lady","VOG Terlano, Italy",Norway,0.35,3
10,Fruit and fruit juices,"Apples, red, Pinova","Coop, Italy",Norway,0.57,3
10,Fruit and fruit juices,"Apples, red, Red Delicious",,USA,0.4,6
10,Fruit and fruit juices,"Apples, red, Red Delicious, ecological","Friland, Italy",Norway,0.48,3
10,Fruit and fruit juices,"Apples, red, Red Delicious, without peel",,USA,0.08,6
10,Fruit and fruit juices,Apricots,,Norway,0.52,3
10,Fruit and fruit juices,"Apricots, canned, drained",Diva,Norway,0.14,3
10,Fruit and fruit juices,"Apricots, dried",India,India,1.32,3
10,Fruit and fruit juices,"Apricots, dried","Sunsweet, Turkey",Norway,3.23,3
10,Fruit and fruit juices,"Apricots, dried",Buyers Choice,New Zealand,4.67,3
10,Fruit and fruit juices,"Apricots, dried",Diva,Norway,3.23,3
10,Fruit and fruit juices,Banana,,USA,0.34,6
10,Fruit and fruit juices,Banana,Del Monte,Norway,0.27,3
10,Fruit and fruit juices,Banana,Mali,Mali,0.08,3
10,Fruit and fruit juices,Cherries,,USA,0.35,6
10,Fruit and fruit juices,"Cherries, sour, canned, heavy syrup, total can contents",Del Monte,USA,1.65,6
10,Fruit and fruit juices,"Cherries, sour, canned, water pack, drained liquid",Oregon and Kroger,USA,1.66,6
10,Fruit and fruit juices,"Cherries, sour, canned, water pack, drained liquid",Kroger and Red Tart,USA,1.72,6
10,Fruit and fruit juices,"Cherries, sour, canned, water pack, drained solids",Oregon and Kroger,USA,2.01,6
10,Fruit and fruit juices,"Cherries, sour, canned, water pack, drained solids",Kroger and Red Tart,USA,2.04,6
10,Fruit and fruit juices,Clementines,,USA,0.74,6
10,Fruit and fruit juices,Clementines,,Norway,0.99,3
10,Fruit and fruit juices,Clementines,"Gamma, Spania",Norway,0.75,3
10,Fruit and fruit juices,Clementines,Cevita,Norway,0.95,3
10,Fruit and fruit juices,Currant (raisins of Korinth),,Norway,0.67,3
10,Fruit and fruit juices,Dates,,Norway,1.04,3
10,Fruit and fruit juices,Dates,Mali,Mali,0.95,3
10,Fruit and fruit juices,"Dates, Deglet Noor",,USA,0.72,6
10,Fruit and fruit juices,"Dates, dried",Mali,Mali,1.53,3
10,Fruit and fruit juices,"Dates, dried, Chuhare",India,India,1.88,3
10,Fruit and fruit juices,"Dates, Medjool",,USA,0.56,6
10,Fruit and fruit juices,Figs,Turkey,Norway,0.73,3
10,Fruit and fruit juices,Figs,,USA,0.78,6
10,Fruit and fruit juices,"Figs, dried","Sunsweet, Turkey",Norway,0.75,3
10,Fruit and fruit juices,"Figs, dried","Smyrna, Turkey",Norway,0.76,3
10,Fruit and fruit juices,"Figs, dried","Dessert Maid, Australia",New Zealand,0.42,3
10,Fruit and fruit juices,"Figs, dried",India,India,1.08,3
10,Fruit and fruit juices,"Figs, dried, Calimyrna","Sun Maid, USA",Norway,1.83,3
10,Fruit and fruit juices,"Figs, dried, Mission","Sun Maid, USA",Norway,1.31,3
10,Fruit and fruit juices,Fruit from the African Baobab tree,Malawi,Malawi,10.84,4
10,Fruit and fruit juices,"Fruit salad, traditional, in natural juice","Golden Cicle, Australia",New Zealand,0.36,3
10,Fruit and fruit juices,Glacè cherries,Home Brand,New Zealand,0.14,3
10,Fruit and fruit juices,"Grapefruit, red",,USA,0.59,6
10,Fruit and fruit juices,"Grapefruit, red",Dole,Norway,0.83,3
10,Fruit and fruit juices,"Grapefruit, yellow",Jaffa,Norway,0.82,3
10,Fruit and fruit juices,"Grapes, blue","Chiquita, Chile",Norway,0.69,3
10,Fruit and fruit juices,"Grapes, blue","Carmel, Israel",Norway,2.42,3
10,Fruit and fruit juices,"Grapes, blue",Del Monte,Norway,0.9,3
10,Fruit and fruit juices,"Grapes, blue, Don Mario",Italy,Norway,0.78,3
10,Fruit and fruit juices,"Grapes, blue, Salvi","Puglia, Italy",Norway,0.8,3
10,Fruit and fruit juices,"Grapes, green",,USA,0.13,6
10,Fruit and fruit juices,"Grapes, green",Italy,Norway,0.41,3
10,Fruit and fruit juices,"Grapes, green, Mario de Cristo",Italy,Norway,0.3,3
10,Fruit and fruit juices,"Grapes, green, Salvi",Italy,Norway,0.24,3
10,Fruit and fruit juices,"Grapes, green, without stone",Turkey,Norway,0.18,3
10,Fruit and fruit juices,"Grapes, red",,USA,0.32,6
10,Fruit and fruit juices,"Grapes, red",Italy,Norway,0.47,3
10,Fruit and fruit juices,Guava,,Norway,1.21,3
10,Fruit and fruit juices,"Guava, wild",Malawi,Malawi,1.18,4
10,Fruit and fruit juices,Honeydew,,USA,0.12,6
10,Fruit and fruit juices,"Ice, sorbet, mango","Møvenpick, Switzerland",Norway,0.11,3
10,Fruit and fruit juices,"Jam, apple","Nora, Stabburet, Norway",Norway,0.86,3
10,Fruit and fruit juices,"Jam, apple","Lerum, Norway",Norway,0.77,3
10,Fruit and fruit juices,"Japanese plum pulp, paste",,Japan,0.45,3
10,Fruit and fruit juices,Juice from canned apricots,"Hervik, Norway",Norway,0.14,3
10,Fruit and fruit juices,"Juice, 4 frukter (4 fruits)","Nora, Stabburet, Norway",Norway,0.49,3
10,Fruit and fruit juices,"Juice, apple","Hakon, Norway",Norway,0.12,3
10,Fruit and fruit juices,"Juice, apple","Fellesmeieriet, Norway",Norway,0.17,3
10,Fruit and fruit juices,"Juice, apple",Very fine,USA,0.36,3
10,Fruit and fruit juices,"Juice, apple",Roche Bros,USA,0.2,3
10,Fruit and fruit juices,"Juice, apple","Meierienes, Norway",Norway,0.19,3
10,Fruit and fruit juices,"Juice, apple",Mott's,USA,0.41,3
10,Fruit and fruit juices,"Juice, apple","Lerum, Norway",Norway,0.17,3
10,Fruit and fruit juices,"Juice, apple","Ølen safteri, Norway",Norway,0.6,3
10,Fruit and fruit juices,"Juice, apple","Nora, Stabburet, Norway",Norway,0.16,3
10,Fruit and fruit juices,"Juice, apple, calcium enriched, with added vitamin C",Minute Maid,USA,0.72,6
10,Fruit and fruit juices,"Juice, apple, God Frokost","Nora, Stabburet, Norway",Norway,0.16,3
10,Fruit and fruit juices,"Juice, apple, premium","Meierienes, Norway",Norway,0.47,3
10,Fruit and fruit juices,"Juice, apple, with added vitamin C",Juicy Juice,USA,0.71,6
10,Fruit and fruit juices,"Juice, apple, with added vitamin C",Mott's,USA,0.34,6
10,Fruit and fruit juices,"Juice, apple, with added vitamin C",Dole,USA,0.59,6
10,Fruit and fruit juices,"Juice, apple, with dietary fibre","Nora, Stabburet, Norway",Norway,0.22,3
10,Fruit and fruit juices,"Juice, Cranapple",Ocean Spray,USA,0.71,6
10,Fruit and fruit juices,"Juice, fruits with pomegranate","Nora, Stabburet, Norway",Norway,0.72,3
10,Fruit and fruit juices,"Juice, grape","Fellesmeieriet, Norway",Norway,1.5,3
10,Fruit and fruit juices,"Juice, grape and grape blends",Welch's,USA,1.62,6
10,Fruit and fruit juices,"Juice, grape and grape blends, sweetened",Minute Maid,USA,0.87,6
10,Fruit and fruit juices,"Juice, grape and grape blends, unsweetened",Mott's,USA,0.69,6
10,Fruit and fruit juices,"Juice, grape and grape blends, unsweetened",Juicy Juice,USA,0.87,6
10,Fruit and fruit juices,"Juice, grape, purple",Welch's,USA,1.74,3
10,Fruit and fruit juices,"Juice, grapefruit",Roche Bros,USA,1.06,3
10,Fruit and fruit juices,"Juice, grapefruit","Mills, Norway",Norway,0.67,3
10,Fruit and fruit juices,"Juice, grapefruit, red, with pulp","Nora, Stabburet, Norway",Norway,0.55,3
10,Fruit and fruit juices,"Juice, lemon",Mali,Mali,0.33,3
10,Fruit and fruit juices,"Juice, mango and pineapple","Bræmhults, Sweden",Norway,0.34,3
10,Fruit and fruit juices,"Juice, orange",Farmer’s Fairtrade,Norway,0.6,3
10,Fruit and fruit juices,"Juice, orange","Bræmhults, Sweden",Norway,0.81,3
10,Fruit and fruit juices,"Juice, orange",Delights,Norway,0.47,3
10,Fruit and fruit juices,"Juice, orange","Mills, Norway",Norway,0.84,3
10,Fruit and fruit juices,"Juice, orange","Nora, Stabburet, Norway",Norway,0.61,3
10,Fruit and fruit juices,"Juice, orange","Fellesmeieriet, Norway",Norway,0.68,3
10,Fruit and fruit juices,"Juice, orange",Eldorado,Norway,0.71,3
10,Fruit and fruit juices,"Juice, orange",Mali,Mali,0.81,3
10,Fruit and fruit juices,"Juice, orange and carrot","Bræmhults, Sweden",Norway,0.29,3
10,Fruit and fruit juices,"Juice, orange and pineapple","Bræmhults, Sweden",Norway,0.53,3
10,Fruit and fruit juices,"Juice, orange and pineapple with pulp","Nora, Stabburet, Norway",Norway,0.51,3
10,Fruit and fruit juices,"Juice, orange and strawberry","Bræmhults, Sweden",Norway,0.76,3
10,Fruit and fruit juices,"Juice, orange, from concentrate",Dean,USA,0.58,6
10,Fruit and fruit juices,"Juice, orange, from concentrate",Minute Maid,USA,0.58,6
10,Fruit and fruit juices,"Juice, orange, from concentrate, with added vitamin C",Minute Maid,USA,0.76,6
10,Fruit and fruit juices,"Juice, orange, from Florida, with Omega‐3 from plant","Nora, Stabburet, Norway",Norway,0.57,3
10,Fruit and fruit juices,"Juice, orange, frozen concentrate",Store Brand,USA,2.39,6
10,Fruit and fruit juices,"Juice, orange, frozen concentrate, country style",Minute Maid,USA,2.36,6
10,Fruit and fruit juices,"Juice, orange, frozen concentrate, original",Minute Maid,USA,2.51,6
10,Fruit and fruit juices,"Juice, orange, frozen concentrate, pulp free",Minute Maid,USA,2.35,6
10,Fruit and fruit juices,"Juice, orange, red","Bræmhults, Sweden",Norway,1.38,3
10,Fruit and fruit juices,"Juice, orange, refrigerated",Store Brand,USA,0.57,6
10,Fruit and fruit juices,"Juice, orange, refrigerated, premium",Minute Maid,USA,0.59,6
10,Fruit and fruit juices,"Juice, orange, refrigerated, pure premium",Tropicana,USA,0.56,6
10,Fruit and fruit juices,"Juice, orange, with pulp","Nora, Stabburet, Norway",Norway,0.65,3
10,Fruit and fruit juices,"Juice, orange, with pulp","Hakon, Norway",Norway,0.64,3
10,Fruit and fruit juices,"Juice, orange, with pulp","Mills, Norway",Norway,0.81,3
10,Fruit and fruit juices,"Juice, orange, with pulp","Fellesmeieriet, Norway",Norway,0.55,3
10,Fruit and fruit juices,"Juice, orange, with pulp, from Florida","Nora, Stabburet, Norway",Norway,0.6,3
10,Fruit and fruit juices,"Juice, pineapple","Fellesmeieriet, Norway",Norway,0.19,3
10,Fruit and fruit juices,"Juice, pineapple","S&W Fine Food, USA",Norway,0.42,3
10,Fruit and fruit juices,"Juice, pineapple, canned or bottled, unsweetened",Dole,USA,0.84,6
10,Fruit and fruit juices,"Juice, pomegranate, freshly squeezed from whole pomegranate",Spain,Norway,2.57,3
10,Fruit and fruit juices,"Juice, prune",Roche Bros,Norway,1.14,3
10,Fruit and fruit juices,"Juice, prune",Sunsweet,Norway,0.83,3
10,Fruit and fruit juices,"Juice, prune, with pulp",Sunsweet,Norway,1.1,3
10,Fruit and fruit juices,"Juice, Tropisk, original","Meierienes, Norway",Norway,0.22,3
10,Fruit and fruit juices,"Juice, Vie Shot, apple, carrot, strawberry",Knorr,Denmark,1.96,5
10,Fruit and fruit juices,"Juice, Vie Shot, banana, pumpkin, kiwi",Knorr,Denmark,1.0,5
10,Fruit and fruit juices,"Juice, white grape",Welch's,USA,1.14,3
10,Fruit and fruit juices,"Juice, white grape",Stop&Shop,USA,0.74,3
10,Fruit and fruit juices,"Juice, with fruits and berries, Noras Antioksidanter med bøåbær og bringebær","Nora, Stabburet, Norway",Norway,1.69,
10,Fruit and fruit juices,Kiwano,Delica (NZ) LTD,Norway,0.05,3
10,Fruit and fruit juices,Kiwi,,USA,1.02,6
10,Fruit and fruit juices,"Kiwi, Gold",,USA,1.63,6
10,Fruit and fruit juices,"Kiwi, green",,Norway,0.43,3
10,Fruit and fruit juices,"Kiwi, green","Zespri, New Zeland",Norway,1.02,3
10,Fruit and fruit juices,"Kiwi, yellow","Zespri, New Zeland",Norway,1.29,3
10,Fruit and fruit juices,Lemon,Argentina,Norway,0.56,3
10,Fruit and fruit juices,Lemon,"DANA D`OR, Spain",Norway,1.02,3
10,Fruit and fruit juices,Lemon skin,Argentina,Norway,2.74,3
10,Fruit and fruit juices,"Lemon skin, from lemon ecologically grown",South Africa,Norway,4.0,3
10,Fruit and fruit juices,"Lemon, ecologically grown",South Africa,Norway,0.7,3
10,Fruit and fruit juices,"Lemonade syrup, Blackthorn, undiluted",Helios,Norway,2.44,3
10,Fruit and fruit juices,"Lemonade, grape (ready to drink)","Helios, Germany",Norway,1.27,3
10,Fruit and fruit juices,Lime,,USA,0.47,6
10,Fruit and fruit juices,Lime,Brasil,Norway,0.58,3
10,Fruit and fruit juices,Lime,Netherlands,Norway,0.73,3
10,Fruit and fruit juices,Lime skin,Brasil,Norway,3.05,3
10,Fruit and fruit juices,Mango,Dole,Norway,0.33,3
10,Fruit and fruit juices,Mango,Mali,Mali,0.23,3
10,Fruit and fruit juices,"Mango, dried","Northwest Delights, USA",USA,0.58,3
10,Fruit and fruit juices,"Mango, dried",India,India,2.82,3
10,Fruit and fruit juices,"Mango, red",Mexico,Norway,0.37,3
10,Fruit and fruit juices,"Mango, yellow",Pakistan,Norway,0.36,3
10,Fruit and fruit juices,"Melon, Cantaloupe","Rose, Spain",Norway,0.19,3
10,Fruit and fruit juices,"Melon, Cantaloupe, small","Nolem, Brazil",Norway,0.12,3
10,Fruit and fruit juices,"Melon, pattern",Mali,Mali,0.15,3
10,Fruit and fruit juices,"Melon, yellow",Mali,Mali,0.29,3
10,Fruit and fruit juices,"Nectar, apple",Eldorado,Norway,0.11,3
10,Fruit and fruit juices,"Nectar, apple","Mills, Norway",Norway,0.14,3
10,Fruit and fruit juices,"Nectar, apple with pear","Nora, Stabburet, Norway",Norway,0.08,3
10,Fruit and fruit juices,"Nectar, orange","Nora, Stabburet, Norway",Norway,0.34,3
10,Fruit and fruit juices,"Nectar, Sydhavsnektar","Nora, Stabburet, Norway",Norway,0.4,3
10,Fruit and fruit juices,"Nectar, Tropical","Nora, Stabburet, Norway",Norway,0.44,3
10,Fruit and fruit juices,"Nectar, Tropical","Fellesmeieriet, Norway",Norway,0.14,3
10,Fruit and fruit juices,"Nectar, Tropical",Eldorado,Norway,0.17,3
10,Fruit and fruit juices,Nectarines,,USA,0.12,6
10,Fruit and fruit juices,"Olives, black Kalamata, with stone",Regina,Norway,3.25,3
10,Fruit and fruit juices,"Olives, black, Hojiblanca I, without stone","Mario’s, Spain",Norway,0.35,3
10,Fruit and fruit juices,"Olives, black, without stone","Euro Shopper, Spain",Norway,0.23,3
10,Fruit and fruit juices,"Olives, black, without stone","Hutesa, Spain",Norway,0.89,3
10,Fruit and fruit juices,"Olives, green, Hojiblanca I, without stone","Mario’s, Spain",Norway,0.99,3
10,Fruit and fruit juices,"Olives, green, with stone","Marmara, Turkey",Norway,2.26,3
10,Fruit and fruit juices,"Olives, green, without stone","Olymp, Greece",Norway,1.01,3
10,Fruit and fruit juices,"Olives, Kalamata, with stone","Gaea, Greece",Norway,2.11,3
10,Fruit and fruit juices,"Olives, Kalamata, with stone","Iliada, Greece",Norway,3.13,3
10,Fruit and fruit juices,Orange,Zenta,Norway,0.83,3
10,Fruit and fruit juices,Orange,"Outspan, Netherlands",Norway,1.08,3
10,Fruit and fruit juices,"Oranges, navel",,USA,0.89,6
10,Fruit and fruit juices,Papaya,,Norway,0.76,3
10,Fruit and fruit juices,Papaya,Mali,Mali,0.36,3
10,Fruit and fruit juices,"Papaya, dried","Northwest Delights, USA",USA,0.14,3
10,Fruit and fruit juices,"Passion fruit, wild, handpicked",Malawi,Malawi,0.44,4
10,Fruit and fruit juices,Peaches,,USA,0.15,6
10,Fruit and fruit juices,Peaches,,Norway,0.1,3
10,Fruit and fruit juices,"Peaches, canned in heavy syrup, drained liquid",Store Brand,USA,0.11,6
10,Fruit and fruit juices,"Peaches, canned in heavy syrup, drained liquid",Libby,USA,0.1,6
10,Fruit and fruit juices,"Peaches, canned in heavy syrup, drained solids",Store Brand,USA,0.1,6
10,Fruit and fruit juices,"Peaches, canned in heavy syrup, drained solids",Libby,USA,0.1,6
10,Fruit and fruit juices,"Peaches, canned in heavy syrup, drained solids",Del Monte,USA,0.09,6
10,Fruit and fruit juices,"Peaches, canned with syrup",Del Monte,Norway,0.14,3
10,Fruit and fruit juices,"Peaches, canned with syrup","S&W Fine Food, USA",Norway,0.37,3
10,Fruit and fruit juices,"Peaches, canned with syrup with spices","S&W Fine Food, USA",Norway,0.17,3
10,Fruit and fruit juices,"Peaches, canned, in heavy syrup, drained liquid",Del Monte,USA,0.1,6
10,Fruit and fruit juices,Pears,Netherlands,Norway,0.18,3
10,Fruit and fruit juices,"Pears, Bartlett",,USA,0.22,6
10,Fruit and fruit juices,"Pears, Bartlett, selected halve, premium, canned",S&W Fine Food for Oluf Lorentzen A/S,Norway,0.1,3
10,Fruit and fruit juices,"Pears, Bosc",,USA,0.18,6
10,Fruit and fruit juices,"Pears, composite of Bartlett, Green Anjou, and Bosc",,USA,0.23,6
10,Fruit and fruit juices,"Pears, Green Anjou",,USA,0.22,6
10,Fruit and fruit juices,"Pears, Red Anjou",,USA,0.23,6
10,Fruit and fruit juices,"Physalis (Physalis peruviana), wild",Malawi,Malawi,0.37,4
10,Fruit and fruit juices,Pineapple,Mali,Mali,0.29,3
10,Fruit and fruit juices,Pineapple,,USA,0.6,6
10,Fruit and fruit juices,"Pineapple, dried","Mariani, USA",USA,0.18,3
10,Fruit and fruit juices,"Pineapple, Gold",Del Monte,Norway,1.36,3
10,Fruit and fruit juices,"Pineapples, MDII, Extra Gold",Del Monte,USA,1.05,6
10,Fruit and fruit juices,Plantain,Mali,Mali,0.17,3
10,Fruit and fruit juices,Plums,Norway,Norway,1.02,3
10,Fruit and fruit juices,Plums,,USA,0.83,6
10,Fruit and fruit juices,"Plums, Black Diamond",,USA,1.83,6
10,Fruit and fruit juices,"Plums, dried","Sunsweet, USA",Norway,3.24,3
10,Fruit and fruit juices,"Plums, red","Forlimpopoli, Italy",Norway,0.73,3
10,Fruit and fruit juices,"Plums, red",Kitto’s,Norway,1.42,3
10,Fruit and fruit juices,"Plums, red, canned",S&W Fine Food for Oluf Lorentzen A/S,Norway,0.97,3
10,Fruit and fruit juices,"Pomegranate arils, dried",India,India,7.28,3
10,Fruit and fruit juices,"Pomegranate, arils",,Norway,1.94,3
10,Fruit and fruit juices,"Pomegranate, arils",,Norway,1.76,3
10,Fruit and fruit juices,"Pomegranate, arils and carpellar membrane",,Norway,9.05,3
10,Fruit and fruit juices,"Pomegranate, arils and juice",,Norway,2.26,3
10,Fruit and fruit juices,"Pomegranate, dried",,Norway,5.51,
10,Fruit and fruit juices,"Pomegranate, freshly squeezed juice",,Norway,1.59,3
10,Fruit and fruit juices,"Pomegranate, only the white kernels",,Norway,0.88,3
10,Fruit and fruit juices,"Pomegranate, only yellow pith",Spain,Norway,55.52,3
10,Fruit and fruit juices,"Pomegranate, sour, arils and juice",Turkey,Norway,1.59,
10,Fruit and fruit juices,"Pomegranate, sweet, arils and juice",Spain,Norway,1.0,
10,Fruit and fruit juices,"Pomegranate, whole","Meypa, Turkey",Norway,2.78,3
10,Fruit and fruit juices,"Pomegranate, whole",,Norway,1.44,3
10,Fruit and fruit juices,"Pomegranate, whole",,Norway,5.57,3
10,Fruit and fruit juices,"Pomegranate, whole",Spain,Norway,6.54,3
10,Fruit and fruit juices,Prune porridge,Nestlé,Norway,1.54,3
10,Fruit and fruit juices,Prunes,Eldorado,Norway,3.7,3
10,Fruit and fruit juices,Prunes,"Sunsweet, USA",Norway,2.17,3
10,Fruit and fruit juices,Prunes,"Sunsweet, USA",USA,2.31,3
10,Fruit and fruit juices,Prunes,Diva,Norway,1.95,3
10,Fruit and fruit juices,Prunes,"Angas Park, Australia",New Zealand,2.19,3
10,Fruit and fruit juices,Prunes,,USA,2.1,6
10,Fruit and fruit juices,Raisins,,USA,0.79,6
10,Fruit and fruit juices,Raisins,"Sun Maid, USA",USA,1.14,3
10,Fruit and fruit juices,Raisins,"Sunbeam Foods, Australia",New Zealand,0.79,3
10,Fruit and fruit juices,Raisins,"Sun Maid, USA",Norway,0.91,3
10,Fruit and fruit juices,"Raisins, big","Arteche, Spain",Norway,0.92,3
10,Fruit and fruit juices,"Raisins, green",India,India,0.65,3
10,Fruit and fruit juices,Sharon,,Norway,0.39,3
10,Fruit and fruit juices,Sharon,Italy,Norway,0.79,3
10,Fruit and fruit juices,"Squash, green (Cucurbita)",,Norway,0.11,3
10,Fruit and fruit juices,Sweet cherries,USA,Norway,0.62,3
10,Fruit and fruit juices,"Sweet cherries, dark, canned",S&W Fine Food for Oluf Lorentzen A/S,Norway,1.6,3
10,Fruit and fruit juices,"Sweet cherries, dried","Safeway, USA",USA,4.05,3
10,Fruit and fruit juices,Syrup from canned cherris,,Norway,1.68,3
10,Fruit and fruit juices,Syrup from canned pears,,Norway,0.1,3
10,Fruit and fruit juices,Syrup from canned plums,,Norway,0.79,3
10,Fruit and fruit juices,Tangerines,,USA,0.62,6
10,Fruit and fruit juices,"Tangerines, Honey",,USA,0.44,6
10,Fruit and fruit juices,Watermelon,,USA,0.18,6
10,Fruit and fruit juices,Watermelon,Mali,Mali,0.02,3
10,Fruit and fruit juices,"Watermelon, red, seedless","Bouquet, Spania",Norway,0.06,3
10,Fruit and fruit juices,"Watermelon, yellow, seedless","Bouquet, Spania",Norway,0.04,3
11,Grains and grain products,"Autumn wheat, Bastian",Norwegian University of Life Sciences,Norway,3.24,5
11,Grains and grain products,"Bagels, frozen","Hatting Bageri, Denmark",Norway,0.23,3
11,Grains and grain products,"Bagels, plain",Store Bakery,USA,0.11,6
11,Grains and grain products,"Bagels, plain",Pepperidge Farm,USA,0.1,6
11,Grains and grain products,"Bagels, plain, frozen",Lenders Original Recipe,USA,0.11,6
11,Grains and grain products,"Bagels, plain, frozen",Sara Lee,USA,0.15,6
11,Grains and grain products,"Bagels, plain, frozen, toasted",Sara Lee,USA,0.29,6
11,Grains and grain products,"Bagels, plain, frozen, toasted",Lenders Original Recipe,USA,0.24,6
11,Grains and grain products,"Bagels, plain, New York style",Thomas,USA,0.12,6
11,Grains and grain products,"Bagels, plain, New York style, toasted",Thomas,USA,0.31,6
11,Grains and grain products,"Bagels, plain, toasted",Store Bakery,USA,0.4,6
11,Grains and grain products,"Bagels, plain, toasted",Pepperidge Farm,USA,0.23,6
11,Grains and grain products,"Barley, flour","Regal, Norway",Norway,0.74,3
11,Grains and grain products,"Barley, flour","Møllerens, Norway",Norway,1.09,3
11,Grains and grain products,"Barley, pearl barley","Regal, Norway",Norway,0.94,3
11,Grains and grain products,"Barley, wholemeal flour, crushed","Helios, Norway",Norway,1.19,3
11,Grains and grain products,"Biscuits, refridgerated, Big Country Buttermilk",Pillsbury,USA,0.01,6
11,Grains and grain products,"Biscuits, refridgerated, Buttermilk Fluffy, cooked",Pillsbury Hungry Jack,USA,0.27,6
11,Grains and grain products,"Biscuits, refrigerated, Big Country Butter Tastin' Fluffy Biscuits, cooked",Pillsbury,USA,0.28,6
11,Grains and grain products,"Biscuits, refrigerated, Golden Layers Butter Tastin' Biscuits",Pillsbury Hungry Jack,USA,0.03,6
11,Grains and grain products,"Biscuits, refrigerated, Golden Layers Butter Tastin', cooked",Pillsbury Hungry Jack,USA,0.19,6
11,Grains and grain products,"Biscuits, refrigerated, Golden Layers buttermilk",Pillsbury Hungry Jack,USA,0.08,6
11,Grains and grain products,"Biscuits, refrigerated, Golden Layers buttermilk, cooked",Pillsbury Hungry Jack,USA,0.33,6
11,Grains and grain products,"Biscuits, refrigerated, Grands Butter Tastin' Biscuits",Pillsbury,USA,0.08,6
11,Grains and grain products,"Biscuits, refrigerated, Grands Butter Tastin' Biscuits, cooked",Pillsbury,USA,0.26,6
11,Grains and grain products,"Biscuits, refrigerated, Grands Buttermilk Biscuits",Pillsbury,USA,0.02,6
11,Grains and grain products,"Biscuits, refrigerated, Grands Buttermilk Biscuits, cooked",Pillsbury,USA,0.16,6
11,Grains and grain products,"Bread crumbs, plain",Colonna,USA,0.32,6
11,Grains and grain products,"Bread crumbs, plain",Store Brand,USA,0.31,6
11,Grains and grain products,"Bread crumbs, plain",Progresso,USA,0.32,6
11,Grains and grain products,"Bread crumbs, seasoned",Store Brand,USA,0.4,6
11,Grains and grain products,"Bread crumbs, seasoned, garlic & herb",Progresso,USA,0.47,6
11,Grains and grain products,"Bread crumbs, seasoned, italian style",Progresso,USA,0.42,6
11,Grains and grain products,"Bread crumbs, seasoned, Parmesan cheese",Progresso,USA,0.37,6
11,Grains and grain products,"Bread, Graham","Bakers, Norway",Norway,0.46,3
11,Grains and grain products,"Bread, white","Plaza bakeri, Norway",Norway,0.2,3
11,Grains and grain products,"Bread, white","Bakers, Norway",Norway,0.3,3
11,Grains and grain products,"Bread, with fibre/wholemeal","Plaza bakeri, Norway",Norway,0.63,3
11,Grains and grain products,"Bread, with fibre/wholemeal, Birkebeiner","Bakers, Norway",Norway,0.41,3
11,Grains and grain products,"Bread, with fibre/wholemeal, Panda","Plaza bakeri, Norway",Norway,0.53,3
11,Grains and grain products,"Bread, with fibre/wholemeal, with walnuts","Åpent bakeri, Norway",Norway,3.11,3
11,Grains and grain products,"Buckwheat, white flour","Helios, Norway",Norway,1.73,3
11,Grains and grain products,"Buckwheat, white flour","Nutana, Denmark",Norway,1.08,3
11,Grains and grain products,"Buckwheat, wholemeal flour","Nutana, Denmark",Norway,2.24,3
11,Grains and grain products,"Buckwheat, wholemeal flour","Helios, Norway",Norway,1.83,3
11,Grains and grain products,Bulgur,Edel,Norway,0.2,3
11,Grains and grain products,"Bulgur, prepared",Edel,Norway,0.04,3
11,Grains and grain products,Colosseo (durum),Norwegian University of Life Sciences,Norway,2.59,5
11,Grains and grain products,"Common millet, white flour",Mali,Mali,0.36,3
11,Grains and grain products,"Common millet, white flour","E. Zwicky, Switzerland",Norway,0.14,3
11,Grains and grain products,"Common millet, wholemeal flour",Mali,Mali,0.82,3
11,Grains and grain products,"Corn Grits, white, instant",Store Brand,USA,0.12,6
11,Grains and grain products,"Corn Grits, white, instant",Quaker,USA,0.18,6
11,Grains and grain products,"Corn Grits, white, instant, microwave cooked",Store Brand,USA,0.02,6
11,Grains and grain products,"Corn Grits, white, instant, microwave cooked",Quaker,USA,0.03,6
11,Grains and grain products,"Corn Grits, white, instant, prepared with boiling water",Quaker,USA,0.05,6
11,Grains and grain products,"Corn Grits, white, instant, prepared with boiling water",Store Brand,USA,0.03,6
11,Grains and grain products,"Corn Grits, white, quick",Store Brand,USA,0.14,6
11,Grains and grain products,"Corn Grits, white, quick",Quaker,USA,0.22,6
11,Grains and grain products,"Corn Grits, white, quick, cooked on stovetop",Quaker,USA,0.06,6
11,Grains and grain products,"Corn Grits, white, quick, cooked on stovetop",Store Brand,USA,0.04,6
11,Grains and grain products,"Corn Grits, white, quick, microwave cooked",Store Brand,USA,0.04,6
11,Grains and grain products,"Corn Grits, white, quick, microwave cooked",Quaker,USA,0.05,6
11,Grains and grain products,"Corn Grits, yellow, cooked on stovetop",Quaker,USA,0.28,6
11,Grains and grain products,"Corn Grits, yellow, quick",Store Brand,USA,0.19,6
11,Grains and grain products,"Corn Grits, yellow, quick, cooked on stovetop",Quaker,USA,0.08,6
11,Grains and grain products,"Corn Grits, yellow, quick, cooked on stovetop",Store Brand,USA,0.08,6
11,Grains and grain products,"Corn Grits, yellow, quick, microwave cooked",Store Brand,USA,0.06,6
11,Grains and grain products,"Corn Grits, yellow, quick, microwave cooked",Quaker,USA,0.08,6
11,Grains and grain products,"Corn Meal, degermed",Name Brand,USA,0.4,6
11,Grains and grain products,"Corn Meal, degermed",Store Brand,USA,0.27,6
11,Grains and grain products,"Corn tortillas, refrigerated",El Toro,USA,0.48,6
11,Grains and grain products,"Corn tortillas, refrigerated",Guerrero,USA,0.4,6
11,Grains and grain products,"Corn tortillas, refrigerated",Don Pancho,USA,0.38,6
11,Grains and grain products,"Corn, whole kernel, canned, drained liquid",Lakeside Foods,USA,0.17,6
11,Grains and grain products,"Corn, whole kernel, canned, drained solids",Lakeside Foods,USA,0.19,6
11,Grains and grain products,Couscous,Ferrero,Norway,0.06,3
11,Grains and grain products,"Couscous, swelled",Ferrero,Norway,0.07,3
11,Grains and grain products,"Cream of Wheat, cooked on stovetop, 1 minute",Nabisco,USA,0.02,6
11,Grains and grain products,"Cream of Wheat, cooked on stovetop, 1 minute",Store Brand,USA,0.02,6
11,Grains and grain products,"Cream of Wheat, cooked on stovetop, 2 1/2 minute",Store Brand,USA,0.03,6
11,Grains and grain products,"Cream of Wheat, cooked on stovetop, 2 1/2 minutes",Nabisco,USA,0.03,6
11,Grains and grain products,"Cream of Wheat, instant, microwave cooked",Store Brand,USA,0.02,6
11,Grains and grain products,"Cream of Wheat, instant, microwave cooked",Nabisco,USA,0.02,6
11,Grains and grain products,"Cream of Wheat, instant, not prepared","Kraft Foods North Amerika, INC",USA,0.17,3
11,Grains and grain products,"Cream of Wheat, instant, prepared (boiled)","Kraft Foods North Amerika, INC",USA,0.05,3
11,Grains and grain products,"Cream of Wheat, instant, prepared with boiling water",Nabisco,USA,0.01,6
11,Grains and grain products,"Cream of Wheat, instant, prepared with boiling water",Store Brand,USA,0.04,6
11,Grains and grain products,"Cream of Wheat, microwave cooked, 2 1/2 minute",Store Brand,USA,0.03,6
11,Grains and grain products,"Cream of Wheat, microwave cooked, 2 1/2 minutes",Nabisco,USA,0.03,6
11,Grains and grain products,"Crispbread, brown","Hakon, Norway",Norway,0.93,3
11,Grains and grain products,"Crispbread, brown, rye‐crisp","Ryvita, England",Norway,1.13,3
11,Grains and grain products,"Crispbread, brown, Wasa Husmann","Wasabrød AB, Sweden",Norway,1.11,3
11,Grains and grain products,"Crispbread, white, Frokost","Hakon, Norway",Norway,0.43,3
11,Grains and grain products,"Crispbread, white, Wasa Frukost","Wasabrød AB, Sweden",Norway,0.43,3
11,Grains and grain products,"Dinner rolls, brown and serve rolls",Any Brand,USA,0.07,6
11,Grains and grain products,"Dinner rolls, brown and serve rolls, cooked",Any Brand,USA,0.09,6
11,Grains and grain products,"Dinner rolls, soft dinner rolls, country style",Pepperidge Farm,USA,0.05,6
11,Grains and grain products,"Dinner rolls, soft dinner rolls, country style, cooked",Pepperidge Farm,USA,0.22,6
11,Grains and grain products,"Dinner rolls, soft dinner rolls, Parker House",Pepperidge Farm,USA,0.07,6
11,Grains and grain products,"Dinner rolls, soft dinner rolls, Parker House, cooked",Pepperidge Farm,USA,0.16,6
11,Grains and grain products,Durum wheat,"Helios, Norway",Norway,0.14,3
11,Grains and grain products,"Durum wheat, brown",Libanon,Norway,0.35,3
11,Grains and grain products,"Durum wheat, white",Turkey,Norway,0.29,3
11,Grains and grain products,"Egg noodles, wide",Light 'N Fluffy,USA,0.07,6
11,Grains and grain products,"Egg noodles, wide",Mueller’s,USA,0.07,6
11,Grains and grain products,"Egg noodles, wide, cooked",Light 'N Fluffy,USA,0.03,6
11,Grains and grain products,"Egg noodles, wide, cooked",Mueller’s,USA,0.02,6
11,Grains and grain products,"Egg noodles, wide, cooked",Store Brand,USA,0.04,6
11,Grains and grain products,"Einkorn wheat, triticum monococcum",Norwegian University of Life Sciences,Norway,0.73,5
11,Grains and grain products,"Elbow macaroni, cooked",Creamette,USA,0.03,6
11,Grains and grain products,"Elbow macaroni, cooked",Store Brand,USA,0.03,6
11,Grains and grain products,"English muffins, cinnamon raisin",Thomas,USA,0.2,6
11,Grains and grain products,"English muffins, cinnamon raisin",Store Brand,USA,0.21,6
11,Grains and grain products,"English muffins, cinnamon raisin, toasted",Store Brand,USA,0.36,6
11,Grains and grain products,"English muffins, cinnamon raisin, toasted",Thomas,USA,0.36,6
11,Grains and grain products,"English muffins, plain",Thomas,USA,0.04,6
11,Grains and grain products,"English muffins, plain",Store Brand,USA,0.05,6
11,Grains and grain products,"English muffins, plain, toasted",Store Brand,USA,0.16,6
11,Grains and grain products,"English muffins, plain, toasted",Thomas,USA,0.11,6
11,Grains and grain products,"Flour tortillas, refrigerated",Mex American,USA,0.06,6
11,Grains and grain products,"Flour tortillas, refrigerated",La Favorita,USA,0.06,6
11,Grains and grain products,"Flour tortillas, refrigerated",Foods of New Mexico,USA,0.07,6
11,Grains and grain products,"Fonio, whole grain",Mali,Mali,0.03,3
11,Grains and grain products,French bread,Any Brand,USA,0.17,6
11,Grains and grain products,"French bread, toasted",Store Brand,USA,0.31,6
11,Grains and grain products,"Hamburger bread, with sesame seeds","Norsk Mat, Norway",Norway,0.34,3
11,Grains and grain products,"Hamburger/hot dog rolls, hamburger rolls",Store Brand,USA,0.18,6
11,Grains and grain products,"Hamburger/hot dog rolls, hot dog rolls",Store Brand,USA,0.17,6
11,Grains and grain products,Maize cob (Corn cob),"Carmel, Israel",Norway,0.21,3
11,Grains and grain products,Maize cob (Corn cob),Spain,Norway,0.26,3
11,Grains and grain products,"Maize cob (Corn cob), frozen","Findus, Norway (corn from Hungary)",Norway,0.25,3
11,Grains and grain products,"Maize cob (Corn cob), frozen","Enghav AS, Norway (corn from Belgium)",Norway,0.29,3
11,Grains and grain products,"Maize cob (Corn), canned","Diva, Canada",Norway,0.26,3
11,Grains and grain products,"Maize cob (Corn), dried",India,India,0.4,3
11,Grains and grain products,"Maize flour, Ufa, made from locally grown white mais",Malawi,Malawi,0.32,3
11,Grains and grain products,"Maize, white flour",Asia,Norway,0.88,3
11,Grains and grain products,"Maize, white flour","Moka, Slovenia",Norway,0.47,3
11,Grains and grain products,"Maize, whole grain",Mali,Mali,0.1,3
11,Grains and grain products,Maizena,Bestfoods Nordic A/S,Norway,0.04,3
11,Grains and grain products,"Millet, white fluor","Jalpur, England",Norway,1.31,3
11,Grains and grain products,Oat bran,"Møllerens, Norway",Norway,0.27,3
11,Grains and grain products,Oat patent flour,"Regal, Norway",Norway,0.31,3
11,Grains and grain products,"Oat, flour","Regal, Norway",Norway,0.5,3
11,Grains and grain products,"Oat, rolled, Bjørn havregryn",Axa,Norway,0.32,3
11,Grains and grain products,"Oat, rolled, rough oatmeal, precooked","Møllerens, Norway",Norway,0.7,3
11,Grains and grain products,"Oatmeal porridge with milk and water, prepared",,Norway,0.06,3
11,Grains and grain products,"Oatmeal porridge with water, Bjørn Havregyn, prepared",Axa,Norway,0.06,3
11,Grains and grain products,"Oatmeal, instant",Quaker,USA,0.46,6
11,Grains and grain products,"Oatmeal, instant",Store Brand,USA,0.45,6
11,Grains and grain products,"Oatmeal, instant, boiled",Quaker,USA,0.11,6
11,Grains and grain products,"Oatmeal, instant, boiled",Store Brand,USA,0.1,6
11,Grains and grain products,"Oatmeal, instant, microwave cooked",Store Brand,USA,0.09,6
11,Grains and grain products,"Oatmeal, instant, microwave cooked",Quaker,USA,0.08,6
11,Grains and grain products,"Oatmeal, old fashioned",Store Brand,USA,0.34,6
11,Grains and grain products,"Oatmeal, old fashioned",Quaker,USA,0.37,6
11,Grains and grain products,"Oatmeal, old fashioned, boiled",Quaker,USA,0.11,6
11,Grains and grain products,"Oatmeal, old fashioned, boiled",Store Brand,USA,0.1,6
11,Grains and grain products,"Oatmeal, old fashioned, microwave cooked",Store Brand,USA,0.09,6
11,Grains and grain products,"Oatmeal, old fashioned, microwave cooked",Quaker,USA,0.09,6
11,Grains and grain products,"Oatmeal, quick cooking",Store Brand,USA,0.36,6
11,Grains and grain products,"Oatmeal, quick cooking, 1‐ Minute Oats",Quaker,USA,0.45,6
11,Grains and grain products,"Oatmeal, quick cooking, 1‐ minute oats, boiled",Quaker,USA,0.1,6
11,Grains and grain products,"Oatmeal, quick cooking, 1‐ minute oats, microwave cooked",Quaker,USA,0.08,6
11,Grains and grain products,"Oatmeal, quick cooking, boiled",Store Brand,USA,0.09,6
11,Grains and grain products,"Oatmeal, quick cooking, microwave cooked",Store Brand,USA,0.08,6
11,Grains and grain products,"Oats, rolled, rough oatmeal","Helios, Norway",Norway,0.54,3
11,Grains and grain products,Rice,Shakati Bhoug Snacks LTD Dehli,India,0.16,3
11,Grains and grain products,Rice porridge,"Fjordland, Norway",Norway,0.06,3
11,Grains and grain products,"Rice, brown, ecologically grown","Urtekram, Denmark",Norway,0.33,3
11,Grains and grain products,"Rice, brown, grain, Basmati","Tilda, England",Norway,0.36,3
11,Grains and grain products,"Rice, brown, grain, Basmati, cooked","Tilda, England",Norway,0.27,3
11,Grains and grain products,"Rice, grain, fast",Ming,Norway,0.01,3
11,Grains and grain products,"Rice, grain, Jasmin","Hakon, Norway",Norway,0.02,3
11,Grains and grain products,"Rice, long grain, white",Store Brand,USA,0.08,6
11,Grains and grain products,"Rice, long grain, white, cooked",Store Brand,USA,0.02,6
11,Grains and grain products,"Rice, white flour",Risenta,Norway,0.06,3
11,Grains and grain products,"Rice, white flour","Nutana, Denmark",Norway,0.05,3
11,Grains and grain products,"Rice, white flour",Thailand,Norway,0.02,3
11,Grains and grain products,"Rice, white, cooked, instant",Store Brand,USA,0.02,6
11,Grains and grain products,"Rice, white, cooked, instant",Minute,USA,0.03,6
11,Grains and grain products,"Rice, white, extra long grain, cooked",Canilla,USA,0.03,6
11,Grains and grain products,"Rice, white, extra long grain, cooked, (tap water)",Canilla,USA,0.03,6
11,Grains and grain products,"Rice, white, grain, instant",Minute,USA,0.07,6
11,Grains and grain products,"Rice, white, long grain",Canilla,USA,0.1,6
11,Grains and grain products,"Rice, white, long grain",Store Brand,USA,0.12,6
11,Grains and grain products,"Rice, white, long grain",Canilla,USA,0.1,6
11,Grains and grain products,"Rice, white, long grain, american",Eldorado,Norway,0.14,3
11,Grains and grain products,"Rice, white, long grain, cooked",Store Brand,USA,0.04,6
11,Grains and grain products,"Rice, white, long grain, cooked",Canilla,USA,0.04,6
11,Grains and grain products,"Rice, white, long grain, cooked (tap water)",Store Brand,USA,0.03,6
11,Grains and grain products,"Rice, white, long grain, cooked, (tap water)",Canilla,USA,0.03,6
11,Grains and grain products,"Rice, white, long grain, parboiled",Uncle Ben's,USA,0.17,6
11,Grains and grain products,"Rice, white, long grain, parboiled, cooked",Uncle Ben's,USA,0.12,6
11,Grains and grain products,"Rice, whole grain",Mali,Mali,0.02,3
11,Grains and grain products,"Rye, flour, sieved","Regal, Norway",Norway,0.2,3
11,Grains and grain products,"Rye, flour, sieved","Møllerens, Norway",Norway,0.25,3
11,Grains and grain products,"Rye, squeezed, wholemeal flour","Helios, Norway",Norway,0.35,3
11,Grains and grain products,"Rye, white flour","Regal, Norway",Norway,0.2,3
11,Grains and grain products,"Rye, wholemeal flour","Regal, Norway",Norway,0.5,3
11,Grains and grain products,"Rye, wholemeal, fine","Regal, Norway",Norway,0.57,3
11,Grains and grain products,Salmone (brohvete),Norwegian University of Life Sciences,Norway,0.84,5
11,Grains and grain products,Sinskajae,,Japan,0.68,5
11,Grains and grain products,Sorghum,Parma,Norway,0.06,3
11,Grains and grain products,"Sorghum (Sorgam), flour",Jalpur,Norway,0.3,3
11,Grains and grain products,"Sorghum, whole grain",Mali,Mali,0.19,3
11,Grains and grain products,"Spaghetti, regular",Store Brand,USA,0.12,6
11,Grains and grain products,"Spaghetti, regular","Hakon, Norway",Norway,0.12,3
11,Grains and grain products,"Spaghetti, regular","Buitoni, Italy",Norway,0.13,3
11,Grains and grain products,"Spaghetti, regular",Mueller’s,USA,0.12,6
11,Grains and grain products,"Spaghetti, regular","Sopps, Norway",Norway,0.03,3
11,Grains and grain products,"Spaghetti, regular",Ronzoni,USA,0.04,6
11,Grains and grain products,"Spaghetti, regular, cooked",San Giorgio,USA,0.02,6
11,Grains and grain products,"Spaghetti, regular, cooked",Mueller’s,USA,0.04,6
11,Grains and grain products,"Spaghetti, regular, cooked",Store Brand,USA,0.06,6
11,Grains and grain products,"Spaghetti, regular, cooked",Ronzoni,USA,0.02,6
11,Grains and grain products,"Spelt, sieved","Regal, Norway",Norway,0.21,3
11,Grains and grain products,"Spelt, wholemeal flour, ecologically grown","Kvelde Mølle, Norway",Norway,0.21,3
11,Grains and grain products,"Spelt, wholemeal, grov","Regal, Norway",Norway,0.16,3
11,Grains and grain products,"Spring wheat, Bastian",Norwegian University of Life Sciences,Norway,3.31,5
11,Grains and grain products,Taco shells,"Dinner Hakon, Norway",Norway,0.2,3
11,Grains and grain products,"Taco shells, corn, hard, ready‐to‐eat",Store Brand,USA,0.53,6
11,Grains and grain products,"Taco shells, corn, hard, ready‐to‐eat",Ortega,USA,0.58,6
11,Grains and grain products,"Taco shells, corn, hard, ready‐to‐eat",Old El Paso,USA,0.37,6
11,Grains and grain products,"Taco shells, Mariachi","Meadowlands, Netherlands",Norway,0.28,3
11,Grains and grain products,"Taco shells, Texmex","Santa Maria, Danske krydderier, Denmark",Norway,0.27,3
11,Grains and grain products,Wheat bread,Other Brand,USA,0.32,6
11,Grains and grain products,Wheat bread,Store Brand,USA,0.34,6
11,Grains and grain products,Wheat bread,Wonder,USA,0.31,6
11,Grains and grain products,"Wheat bread, toasted",Wonder,USA,0.54,6
11,Grains and grain products,"Wheat bread, toasted",Store Brand,USA,0.52,6
11,Grains and grain products,"Wheat bread, toasted",Other Brand,USA,0.6,6
11,Grains and grain products,Wheat germ,"Møllerens, Norway",Norway,3.23,3
11,Grains and grain products,"Wheat, white flour","Regal, Norway",Norway,0.08,3
11,Grains and grain products,"Wheat, white flour, sieved","Møllerens, Norway",Norway,0.12,3
11,Grains and grain products,"Wheat, white fluor, imported",Mali,Mali,0.18,3
11,Grains and grain products,"Wheat, whole grain",,India,0.38,3
11,Grains and grain products,"Wheat, wholemeal flour",,Norway,0.36,3
11,Grains and grain products,"Wheat, wholemeal flour, Graham flour","Helios, Norway",Norway,0.32,3
11,Grains and grain products,"White bread, sliced",Wonder,USA,0.15,6
11,Grains and grain products,"White bread, sliced",Store Brand,USA,0.16,6
11,Grains and grain products,Whole wheat bread,Oroweat,USA,0.46,6
11,Grains and grain products,Whole wheat bread,Nature's Own,USA,0.51,6
11,Grains and grain products,Whole wheat bread,Wonder,USA,0.47,6
11,Grains and grain products,"Whole wheat bread, toasted",Wonder,USA,1.0,6
11,Grains and grain products,"Whole wheat bread, toasted",Nature's Own,USA,0.93,6
12,Herbal/traditional plant medicine,"Amalaki (Amla), powder in capsule",The Himalaya Herbal Health Care,India,301.14,3
12,Herbal/traditional plant medicine,Angelicae Radix,"Tsumura Pharmaceutical Company, Japan",Japan,2.96,5
12,Herbal/traditional plant medicine,"Arjuna, powder in capsule",The Himalaya Herbal Health Care,India,146.95,3
12,Herbal/traditional plant medicine,"Arnica (Arnica montana), flower and seeds, dried",Mexico,Mexico,36.28,3
12,Herbal/traditional plant medicine,"Arnica (Arnica montana), leaves",Mexico,Mexico,3.72,3
12,Herbal/traditional plant medicine,Astragali Radix,"Tsumura Pharmaceutical Company, Japan",Japan,4.87,5
12,Herbal/traditional plant medicine,Atractylodis Lanceae Rhizoma,"Tsumura Pharmaceutical Company, Japan",Japan,7.37,5
12,Herbal/traditional plant medicine,Aurantii Nobilis Pericarpium,"Tsumura Pharmaceutical Company, Japan",Japan,17.48,5
12,Herbal/traditional plant medicine,"Ayur Slim, powder in capsule",The Himalaya Herbal Health Care,India,4.94,3
12,Herbal/traditional plant medicine,"Blood Purifier, powder in capsule",The Himalaya Herbal Health Care,India,25.42,3
12,Herbal/traditional plant medicine,Bordelobo,Mexico,Mexico,17.98,3
12,Herbal/traditional plant medicine,"Brahmi, powder in capsule",The Himalaya Herbal Health Care,India,10.4,3
12,Herbal/traditional plant medicine,Bupleuri Radix,"Tsumura Pharmaceutical Company, Japan",Japan,5.66,5
12,Herbal/traditional plant medicine,Cancerina,Mexico,Mexico,19.14,3
12,Herbal/traditional plant medicine,Cascara Sagrada,Mexico,Mexico,47.15,3
12,Herbal/traditional plant medicine,"Chyavanprash, Dabur",Dabur India Limited,India,35.7,3
12,Herbal/traditional plant medicine,"Chyavanprash, Zandu in Asli Ghee",The Zandum Pharmaceutical Works,India,18.32,3
12,Herbal/traditional plant medicine,Cimicifugae Rhizoma,"Tsumura Pharmaceutical Company, Japan",Japan,64.31,5
12,Herbal/traditional plant medicine,Cinnamomi Cortex,"Tsumura Pharmaceutical Company, Japan",Japan,120.18,5
12,Herbal/traditional plant medicine,Cnidii Rhizoma,"Tsumura Pharmaceutical Company, Japan",Japan,6.68,5
12,Herbal/traditional plant medicine,"Digestiv, powder in capsule",The Himalaya Herbal Health Care,India,7.68,3
12,Herbal/traditional plant medicine,Domiana de SanLuis,Mexico,Mexico,10.69,3
12,Herbal/traditional plant medicine,Eucalipto,Mexico,Mexico,47.3,3
12,Herbal/traditional plant medicine,Ginseng Radix,"Tsumura Pharmaceutical Company, Japan",Japan,1.45,5
12,Herbal/traditional plant medicine,Glycyrrhizae Radix,"Tsumura Pharmaceutical Company, Japan",Japan,11.58,5
12,Herbal/traditional plant medicine,"Goshuyutou, kampo, traditional Chinese medicine from Japan, powder",Japan,Japan,132.58,3
12,Herbal/traditional plant medicine,Hochuekkito,"Tsumura Pharmaceutical Company, Japan",Japan,9.67,5
12,Herbal/traditional plant medicine,Holelen,"Tsumura Pharmaceutical Company, Japan",Japan,2.82,5
12,Herbal/traditional plant medicine,Huacharable,Mexico,Mexico,39.18,3
12,Herbal/traditional plant medicine,Juzentaihoto,"Tsumura Pharmaceutical Company, Japan",Japan,14.18,5
12,Herbal/traditional plant medicine,"Kampo, traditional Chinese medicine from Japan, powder",Japan,Japan,4.02,3
12,Herbal/traditional plant medicine,"Karela, bitter gourd, powder in capsule",The Himalaya Herbal Health Care,India,7.57,3
12,Herbal/traditional plant medicine,"Lasuna, garlic, powder in capsule",The Himalaya Herbal Health Care,India,0.8,3
12,Herbal/traditional plant medicine,"Neem Guard, powder in capsule",,India,89.23,3
12,Herbal/traditional plant medicine,"Nimba (Neem Tree), powder in capsule",The Himalaya Herbal Health Care,India,19.99,3
12,Herbal/traditional plant medicine,Paeoniae Radix,"Tsumura Pharmaceutical Company, Japan",Japan,55.13,5
12,Herbal/traditional plant medicine,Pinelliae Tuber,"Tsumura Pharmaceutical Company, Japan",Japan,0.28,5
12,Herbal/traditional plant medicine,Pinguica,Mexico,Mexico,2.31,3
12,Herbal/traditional plant medicine,Rhemanniae Radix,"Tsumura Pharmaceutical Company, Japan",Japan,3.94,5
12,Herbal/traditional plant medicine,Saikokeishito,"Tsumura Pharmaceutical Company, Japan",Japan,21.35,5
12,Herbal/traditional plant medicine,"Sangre de grado (Croton lechleri), liquid solution","Iquitos, Peru",Peru,2897.11,3
12,Herbal/traditional plant medicine,Sano Sano,Peru,Peru,0.47,3
12,Herbal/traditional plant medicine,Scutellariae Radix,"Tsumura Pharmaceutical Company, Japan",Japan,111.33,5
12,Herbal/traditional plant medicine,"Shallaki, powder in capsule",The Himalaya Herbal Health Care,India,2.58,3
12,Herbal/traditional plant medicine,"Shuddha guggulu, powder in capsule",The Himalaya Herbal Health Care,India,13.77,3
12,Herbal/traditional plant medicine,"Stress Guard, anti stress, powder in capsule",,India,6.39,3
12,Herbal/traditional plant medicine,"Tagara, valerian, powder in capsule",The Himalaya Herbal Health Care,India,6.44,3
12,Herbal/traditional plant medicine,Tepezcohuite,Mexico,Mexico,64.58,3
12,Herbal/traditional plant medicine,Tetzar,Mexico,Mexico,5.88,3
12,Herbal/traditional plant medicine,Tila,Mexico,Mexico,19.49,3
12,Herbal/traditional plant medicine,"Triphala, powder in capsule",The Himalaya Herbal Health Care,India,706.25,3
12,Herbal/traditional plant medicine,Hangebyakujutsutemmato,"Tsumura Pharmaceutical Company, Japan",Japan,5.15,3
12,Herbal/traditional plant medicine,"Tulasi, (Holy basil), powder in capsule",The Himalaya Herbal Health Care,India,39.67,3
12,Herbal/traditional plant medicine,"Un Compuesto, herbal condiment against insomnia",Mexico,Mexico,40.89,3
12,Herbal/traditional plant medicine,Uncaria Tomentosa (Uña de gato),"Cusco, Peru",Peru,37.1,3
12,Herbal/traditional plant medicine,Zapote,Mexico,Mexico,38.78,3
12,Herbal/traditional plant medicine,"Zarzaparrilla, root","Cusco, Peru",Peru,13.73,3
12,Herbal/traditional plant medicine,Zingiberis Rhizoma,"Tsumura Pharmaceutical Company, Japan",Japan,17.52,5
12,Herbal/traditional plant medicine,Zizyphi Fructus,"Tsumura Pharmaceutical Company, Japan",Japan,5.88,5
13,Infant foods and beverages,Beef,Beechnut Stage 1,USA,0.08,6
13,Infant foods and beverages,Beef,Gerber 2nd Foods,USA,0.05,6
13,Infant foods and beverages,Beef,Heinz,USA,0.06,6
13,Infant foods and beverages,Broccoli and chicken dinner,Gerber 2nd Foods,USA,0.38,6
13,Infant foods and beverages,Broccoli and chicken dinner,Gerber Graduates,USA,0.13,6
13,Infant foods and beverages,Broccoli and chicken dinner,Heinz,USA,0.45,6
13,Infant foods and beverages,"Broccoli and chicken dinner, heated",Heinz,USA,0.47,6
13,Infant foods and beverages,Chicken,Heinz,USA,0.02,6
13,Infant foods and beverages,Chicken,Gerber 2nd Foods,USA,0.06,6
13,Infant foods and beverages,Chicken,Beechnut Stage 1,USA,0.1,6
13,Infant foods and beverages,"Chicken and vegetable risotto, ecological (from 8 months)","Hipp, Germany",Norway,0.12,3
13,Infant foods and beverages,Chicken and vegetables (from 6 months),"Nestlé, Norway",Norway,0.15,3
13,Infant foods and beverages,"Dessert, Solskinnspuré, from 6 months","Nestlé, Norway",Norway,0.86,3
13,Infant foods and beverages,"Dog Rose, extract","Weiders Farmasøytiske A/S, Norway",Norway,18.52,3
13,Infant foods and beverages,Dog Rosepurée,"Nestlé, Norway",Norway,6.68,3
13,Infant foods and beverages,"Fruit salad, ecological (From 8 months)","Hipp, Germany",Norway,0.7,3
13,Infant foods and beverages,Green beans,Heinz,USA,0.05,6
13,Infant foods and beverages,Green beans,Gerber 1st Foods,USA,0.08,6
13,Infant foods and beverages,Human breast milk (mean of 49 samples),"Rikshospitalet University Hospital, Norway",Norway,2.03,5
13,Infant foods and beverages,"Infant formula with omega 3, Collett, prepared",Nycomed Pharma,Norway,0.18,3
13,Infant foods and beverages,"Infant formula, NAN, prepared",Nestlé,Norway,0.08,3
13,Infant foods and beverages,Jungle dessert,"Småfolk Barnemat, Norway",Norway,0.7,3
13,Infant foods and beverages,Lamb,Beechnut Stage 1,USA,0.05,6
13,Infant foods and beverages,Lamb,Gerber 2nd Foods,USA,0.05,6
13,Infant foods and beverages,"Oatmeal cereal, unprepared",Gerber,USA,0.56,6
13,Infant foods and beverages,Pasta bolognese,"Småfolk Barnemat, Norway",Norway,0.2,3
13,Infant foods and beverages,Pasta with beef (from 8 months),"Nestlé, Norway",Norway,0.21,3
13,Infant foods and beverages,Peaches,Beechnut Stage 1,USA,1.17,6
13,Infant foods and beverages,Peaches,Heinz,USA,1.25,6
13,Infant foods and beverages,Peaches,Gerber 1st Foods,USA,1.06,6
13,Infant foods and beverages,Peas,Gerber 1st Foods,USA,0.1,6
13,Infant foods and beverages,Peas,Heinz,USA,0.09,6
13,Infant foods and beverages,Peas,Beechnut Stage 1,USA,0.1,6
13,Infant foods and beverages,"Porridge with oat and banana, prepared","Småfolk Barnemat, Norway",Norway,0.06,3
13,Infant foods and beverages,"Porridge, wholemeal, with oat and apple, ecological, prepared","Hipp, Germany",Norway,0.15,3
13,Infant foods and beverages,"Porridge, wholemeal, without sugar, with banana/apricot and supplements, prepared","Nestlé, Norway",Norway,0.27,3
13,Infant foods and beverages,"Porridge, wholemeal, without sugar, with fruit and supplements, prepared","Nestlé, Norway",Norway,0.31,3
13,Infant foods and beverages,Prune juice,"Nestlé, Norway",Norway,1.18,3
13,Infant foods and beverages,"Spaghetti bolognese, ecological","Hipp, Germany",Norway,0.14,3
13,Infant foods and beverages,Squash,Gerber 1st Foods,USA,0.11,6
13,Infant foods and beverages,Squash,Heinz,USA,0.17,6
13,Infant foods and beverages,"Stew with chicken, turkey and herbs","Småfolk Barnemat, Norway",Norway,0.19,3
13,Infant foods and beverages,Turkey,Heinz,USA,0.04,6
13,Infant foods and beverages,Turkey,Gerber 2nd Foods,USA,0.05,6
13,Infant foods and beverages,Turkey,Beechnut Stage 1,USA,0.06,6
13,Infant foods and beverages,"Turkey, sticks and diced",Beechnut Table Time,USA,0.05,6
13,Infant foods and beverages,"Turkey, sticks and diced",Gerber Graduates,USA,0.06,6
13,Infant foods and beverages,Veal,Beechnut Stage 1,USA,0.07,6
13,Infant foods and beverages,Veal,Gerber 2nd Foods,USA,0.05,6
13,Infant foods and beverages,Vegetable and beef dinner,Heinz,USA,0.09,6
13,Infant foods and beverages,Vegetable and beef dinner,Gerber 2nd Foods,USA,0.12,6
13,Infant foods and beverages,Vegetable and beef dinner,Beechnut Stage 2,USA,0.06,6
14,Legumes,"Beans, red, canned, boiled","Conservas Viter, Spain",Norway,0.33,3
14,Legumes,"Beans, white, large size, haricotes lingots Blanc","Toko‐sun, Netherlands",Norway,0.36,3
14,Legumes,Berlotti beans,McKenzie’s,New Zealand,1.96,3
14,Legumes,"Black eye beans, haricot blance",Thailand,Norway,0.75,3
14,Legumes,"Black eye beans, white, cornille","GFT Darmstadt, Germany",Norway,0.47,3
14,Legumes,"Black eyes beans, white, medium size, dry",India,India,0.5,3
14,Legumes,Blue beans,,Norway,0.85,3
14,Legumes,"Blue beans, cooked",,Norway,0.98,3
14,Legumes,"Broad beans, green",,Norway,1.97,3
14,Legumes,"Broad beans, split","Toko‐sun, Netherlands",Norway,1.64,3
14,Legumes,Chickpeas,India,India,0.19,3
14,Legumes,Chickpeas,"Kkorhan, Turkey",Norway,0.22,3
14,Legumes,"Chickpeas, small size",India,India,0.57,3
14,Legumes,Chinese broad bean paste,,Japan,0.85,3
14,Legumes,"Edamame, frozen",,USA,0.47,6
14,Legumes,"Edamame, frozen, prepared",,USA,0.43,6
14,Legumes,"Flageolets beans, green, canned, boiled","Roland, Belgium",Norway,0.2,3
14,Legumes,"Kidney beans, canned, light red",Store Brand,USA,0.27,6
14,Legumes,"Kidney beans, canned, light red, cooked",Store Brand,USA,0.26,6
14,Legumes,"Kidney beans, dry",India,India,0.81,3
14,Legumes,"Kidney beans, large size",India,India,0.81,3
14,Legumes,"Kidney beans, medium size, dry",India,India,1.39,3
14,Legumes,"Kidney beans, striped, large size, dry",India,India,1.61,3
14,Legumes,"Lentils, black with peel",India,India,0.66,3
14,Legumes,"Lentils, Cole‐Dal, yellow, split",India,India,0.16,3
14,Legumes,"Lentils, green",Turkey,Norway,1.0,3
14,Legumes,"Lentils, Masoor‐Dal Sabat, dark brown, with peel",India,India,0.34,3
14,Legumes,"Lentils, Masoor‐Dal, pink, without peel",India,India,0.1,3
14,Legumes,"Lentils, Moong‐Dal, yellow, split",India,India,0.15,3
14,Legumes,"Lentils, Posune",India,India,1.14,3
14,Legumes,"Lentils, red","Kkorhan, Turkey",Norway,0.23,3
14,Legumes,"Lentils, Toor Dal, yellow",India,India,0.35,3
14,Legumes,"Lentils, white, split, Maa‐Dal",India,India,0.16,3
14,Legumes,"Moung Dal, with peel",India,India,0.53,3
14,Legumes,Mung beans,"Toko‐sun, Netherlands",Norway,0.34,3
14,Legumes,"Mung beans, peeled",Thailand,Norway,0.1,3
14,Legumes,Navy beans,Viter,Norway,0.38,3
14,Legumes,"Navy beans, dry",,USA,0.57,6
14,Legumes,"Navy beans, dry, cooked",,USA,0.11,6
14,Legumes,Peas,Produced in Norway for Hakon Gruppen A/S,Norway,0.26,3
14,Legumes,Peas,Norrek Engros A/S,Norway,0.25,3
14,Legumes,"Peas, baby, canned, drained liquid",Store Brand,USA,0.1,6
14,Legumes,"Peas, baby, canned, drained liquid",Le Sueur,USA,0.11,6
14,Legumes,"Peas, baby, canned, drained solids",Store Brand,USA,0.01,6
14,Legumes,"Peas, regular, canned, drained liquid",Del Monte,USA,0.15,6
14,Legumes,"Peas, regular, canned, drained liquid",Store Brand,USA,0.06,6
14,Legumes,"Peas, regular, canned, drained liquid",Green Giant,USA,0.17,6
14,Legumes,"Peas, regular, canned, drained solids",Store Brand,USA,0.09,6
14,Legumes,"Peas, regular, canned, drained solids",Green Giant,USA,0.12,6
14,Legumes,"Peas, regular, canned, drained solids",Del Monte,USA,0.12,6
14,Legumes,"Peas, regular, canned, drained solids, heated",Store Brand,USA,0.11,6
14,Legumes,"Peas, regular, canned, drained solids, heated",Green Giant,USA,0.12,6
14,Legumes,"Peas, regular, canned, drained solids, heated",Del Monte,USA,0.11,6
14,Legumes,"Peas, yellow, split","S&W, USA",Norway,0.12,3
14,Legumes,Pinto beans,"S&W, USA",Norway,1.15,3
14,Legumes,"Pinto beans, dried",,USA,1.18,6
14,Legumes,"Pinto beans, dried, cooked",,USA,0.19,6
14,Legumes,"Soy beans, Red Bean (Soja rouge)",Thailand,Norway,0.82,3
14,Legumes,"Soy beans, white, small size, dry",India,India,0.99,3
14,Legumes,"Soy milk with chocolate, Alpro Soya",Alpro,Norway,0.3,3
14,Legumes,"Soy milk, chocolate, enriched with vitamins A, D & calsium","Trader Joe's, USA",USA,0.25,3
14,Legumes,"Soy milk, ecological","Provamel Alpro NV, Belgium",Norway,0.08,3
14,Legumes,"Soy milk, original, enriched with vitamins A, D & calsium","Trader Joe's, USA",USA,0.05,3
14,Legumes,"Soy milk, Soy dream original","The Hain Celestial Group, Inc",Norway,0.07,3
14,Legumes,"Soy milk, vanilla, enriched with vitamins A, D & calsium","Trader Joe's, USA",USA,0.1,3
14,Legumes,Soyatein (protein rich soya),"Vital Soya Industy, Sri Goindwal Sahib, District Amritsar",India,1.32,3
14,Legumes,Tofu naturell,Scandinavian Soya,Norway,0.09,3
14,Legumes,"Tofutti, creamy smooth",Tofutti London,Norway,0.05,3
14,Legumes,Urid Dal Split,India,Norway,0.36,3
15,Meat and meat products,"Bacon, fried","Spis, Norway",Norway,0.85,3
15,Meat and meat products,"Bacon, Frokostbacon","Spis, Norway",Norway,0.32,3
15,Meat and meat products,Beef hot dogs,Kahn's,USA,0.43,6
15,Meat and meat products,Beef hot dogs,Oscar Mayer,USA,0.47,6
15,Meat and meat products,Beef hot dogs,Ball Park,USA,0.37,6
15,Meat and meat products,Beef hot dogs,Store Brand,USA,0.39,6
15,Meat and meat products,Beef hot dogs,Nathan's,USA,0.38,6
15,Meat and meat products,Beef hot dogs,Farmer John,USA,0.51,6
15,Meat and meat products,"Beef hot dogs, cooked (boiled)",Ball Park,USA,0.34,6
15,Meat and meat products,"Beef hot dogs, cooked (boiled)",Oscar Mayer,USA,0.47,6
15,Meat and meat products,Hamburger frozen,"Produced for Dagens by Danish Prima, Denmark",Norway,0.04,3
15,Meat and meat products,"Hamburger, frozen","Spis, Norway",Norway,0.12,3
15,Meat and meat products,"Hamburger, frozen, fried","Norsk Mat, Norway",Norway,0.11,3
15,Meat and meat products,"Hot dog, barbecue","Gilde, Norway",Norway,0.51,3
15,Meat and meat products,"Hot dog, barbecue, fried","Gilde, Norway",Norway,0.59,3
15,Meat and meat products,"Hot dog, frankfurter","Spis, Norway",Norway,0.29,3
15,Meat and meat products,"Liver, ox, frozen",,Norway,0.71,3
15,Meat and meat products,"Liver, pork, frozen",,Norway,0.46,3
15,Meat and meat products,Meat franks,Oscar Mayer,USA,0.3,6
15,Meat and meat products,Meat franks,Bryan,USA,0.32,6
15,Meat and meat products,Meat franks,Hygrade,USA,0.16,6
15,Meat and meat products,"Meat franks, cooked (boiled)",Hygrade,USA,0.24,6
15,Meat and meat products,"Meat franks, cooked (boiled)",Oscar Mayer,USA,0.35,6
15,Meat and meat products,"Meat franks, jumbo","Bar S, Jumbo",USA,0.25,6
15,Meat and meat products,Salami,"Gilde, Norway",Norway,0.46,3
15,Meat and meat products,"Salami, Jubel","Grilstad fabrikker AS, Norway",Norway,0.08,3
15,Meat and meat products,"Steak, calf",,Norway,0.02,3
15,Meat and meat products,"Steak, moose",,Norway,0.03,3
15,Meat and meat products,"Steak, ox",,Norway,0.01,3
15,Meat and meat products,"Steak, pork",,Norway,0.0,3
15,Meat and meat products,"Steak, reindeer",,Norway,0.01,3
16,Miscellanous ingredients,Artificial sweetener,Equal,USA,0.02,6
16,Miscellanous ingredients,"Artificial sweetener, calorie‐ free",Splenda,USA,0.0,6
16,Miscellanous ingredients,Artificial sweetener; calorie‐ free,Sugar Twin,USA,0.01,6
16,Miscellanous ingredients,Aspartame,Monsanto,USA,0.04,6
16,Miscellanous ingredients,"Barley malt syrup, organic",Sweet Cloud,USA,2.12,6
16,Miscellanous ingredients,"Brown rice malt syrup, organic",Sweet Cloud,USA,0.72,6
16,Miscellanous ingredients,"Brown rice syrup, powder, organic",Emperor`s Kitchen,USA,1.04,6
16,Miscellanous ingredients,"Coffee mate, powder",Nestlé,Norway,0.11,3
16,Miscellanous ingredients,"Corn syrup, light",Karo,USA,0.01,6
16,Miscellanous ingredients,"Corn syrup, light",Clements Foods Co,USA,0.0,6
16,Miscellanous ingredients,Honey,Store Brand,USA,0.16,6
16,Miscellanous ingredients,Honey,Sue Bee,USA,0.14,6
16,Miscellanous ingredients,Honey,Golden Blossom,USA,0.19,6
16,Miscellanous ingredients,Honey,Dutch Gold,USA,0.14,6
16,Miscellanous ingredients,Honey,Any Brand,USA,0.13,6
16,Miscellanous ingredients,"Honey, clover",FMV,USA,0.16,6
16,Miscellanous ingredients,"Honey, pure","Best‐in, England",Norway,0.16,3
16,Miscellanous ingredients,"Malt‐extract, Moss","Jensen & Co, Norway",Norway,1.69,3
16,Miscellanous ingredients,"Maple syrup, 100% pure",Spring Tree,USA,0.45,6
16,Miscellanous ingredients,"Molasses, dark",Brer Raddit,USA,4.9,6
16,Miscellanous ingredients,"Salt, iodized",Morton,USA,0.0,6
16,Miscellanous ingredients,Soumbala,Mali,Mali,1.7,3
16,Miscellanous ingredients,"Stevia Dryss, powder",www.naturlegemiddel.no,Norway,0.31,
16,Miscellanous ingredients,"Stevia Dråper, liquid",www.naturlegemiddel.no,Norway,0.4,
16,Miscellanous ingredients,"Stevia Plus, powder plus fiber",Sweet Leaf,Norway,0.1,
16,Miscellanous ingredients,"Stevia powder, pluss fiber",Sweet Leaf,USA,0.04,6
16,Miscellanous ingredients,"Stevia, Max 80, liquid","Stevia Canada, JG Group",Canada,0.02,
16,Miscellanous ingredients,"Sugar colour, Negro","Toro, Norway",Norway,15.54,3
16,Miscellanous ingredients,"Sugar, raw cane, organic",Sweet Cloud,USA,0.33,6
16,Miscellanous ingredients,"Sugar, refined, granulated",Kroger,USA,0.0,6
16,Miscellanous ingredients,"Sugar, turbinado",Sugar In The Raw,USA,0.21,6
16,Miscellanous ingredients,"Vinegar, apple cider",Other Brand,USA,0.11,6
16,Miscellanous ingredients,"Vinegar, apple cider",Heinz,USA,0.11,6
16,Miscellanous ingredients,"Vinegar, apple cider",Heinz,Norway,0.1,3
16,Miscellanous ingredients,"Vinegar, apple cider",Store Brand,USA,0.12,6
16,Miscellanous ingredients,"Vinegar, balsamic",Brand 2,USA,0.74,6
16,Miscellanous ingredients,"Vinegar, balsamic",Brand 3,USA,0.88,6
16,Miscellanous ingredients,"Vinegar, balsamic",Brand 1,USA,0.24,6
16,Miscellanous ingredients,"Vinegar, destilled white",Store Brand,USA,0.0,6
16,Miscellanous ingredients,"Vinegar, destilled white",Heinz,USA,0.0,6
16,Miscellanous ingredients,"Vinegar, distilled, white",Other brand,USA,0.0,6
16,Miscellanous ingredients,"Vinegar, red wine",Other Brand,USA,0.28,6
16,Miscellanous ingredients,"Vinegar, red wine",Store Brand,USA,0.23,6
16,Miscellanous ingredients,"Vinegar, red wine",Regina,USA,0.41,6
17,Mixed food entrees,Bacon egg and cheese biscuit,McDonald's,USA,0.1,6
17,Mixed food entrees,"Baked beans, pork and beans in brown sugar sauce",Bush's,USA,0.24,6
17,Mixed food entrees,"Baked beans, pork and beans in brown sugar sauce",Heinz,USA,0.29,6
17,Mixed food entrees,"Baked beans, pork and beans in brown sugar sauce",Campbell's,USA,0.22,6
17,Mixed food entrees,"Baked beans, pork and beans in brown sugar sauce",B & M,USA,0.39,6
17,Mixed food entrees,"Baked beans, pork and beans in brown sugar sauce",Store Brand,USA,0.29,6
17,Mixed food entrees,"Baked beans, pork and beans in brown sugar sauce, heated",Bush's,USA,0.21,6
17,Mixed food entrees,"Baked beans, pork and beans in brown sugar sauce, heated",Store Brand,USA,0.28,6
17,Mixed food entrees,"Baked beans, pork and beans in brown sugar sauce, heated",B & M,USA,0.38,6
17,Mixed food entrees,"Baked beans, pork and beans in tomato sauce",Bush's,USA,0.19,6
17,Mixed food entrees,"Baked beans, pork and beans in tomato sauce",Campbell's,USA,0.21,6
17,Mixed food entrees,"Baked beans, pork and beans in tomato sauce",B & M,USA,0.16,6
17,Mixed food entrees,"Baked beans, pork and beans in tomato sauce",Store Brand,USA,0.14,6
17,Mixed food entrees,"Baked beans, pork and beans in tomato sauce",Heinz,USA,0.18,6
17,Mixed food entrees,"Baked beans, pork and beans in tomato sauce, heated",Campbell's,USA,0.21,6
17,Mixed food entrees,"Baked beans, pork and beans in tomato sauce, heated",Store Brand,USA,0.17,6
17,Mixed food entrees,"Baked beans, vegetarian",B & M,USA,0.29,6
17,Mixed food entrees,"Baked beans, vegetarian",Store Brand,USA,0.23,6
17,Mixed food entrees,"Baked beans, vegetarian",Bush's,USA,0.25,6
17,Mixed food entrees,"Baked beans, vegetarian",Campbell`s,USA,0.22,6
17,Mixed food entrees,"Baked beans, vegetarian",Heinz,USA,0.26,6
17,Mixed food entrees,"Baked beans, vegetarian, heated",Bush's,USA,0.27,6
17,Mixed food entrees,"Baked beans, vegetarian, heated",Heinz,USA,0.24,6
17,Mixed food entrees,"Bean and cheese burritos, frozen",Las Campanas,USA,0.13,6
17,Mixed food entrees,"Bean and cheese burritos, frozen",Old El Paso,USA,0.08,6
17,Mixed food entrees,"Bean and cheese burritos, frozen",Tina's,USA,0.11,6
17,Mixed food entrees,"Bean and cheese burritos, frozen",Marquez,USA,0.13,6
17,Mixed food entrees,"Bean and cheese burritos, frozen, cooked",Tina's,USA,0.13,6
17,Mixed food entrees,"Bean and cheese burritos, frozen, cooked",Old El Paso,USA,0.09,6
17,Mixed food entrees,"Beef and bean burritos, frozen",Tina's,USA,0.09,6
17,Mixed food entrees,"Beef and bean burritos, frozen",Patio,USA,0.07,6
17,Mixed food entrees,"Beef and bean burritos, frozen",Marquez,USA,0.12,6
17,Mixed food entrees,"Beef and bean burritos, frozen",El Monterey,USA,0.17,6
17,Mixed food entrees,"Beef and bean burritos, frozen, cooked",Tina's,USA,0.11,6
17,Mixed food entrees,"Beef and bean burritos, frozen, cooked",Patio,USA,0.11,6
17,Mixed food entrees,"Beef and bean burritos, frozen, family pack",Tina's,USA,0.17,6
17,Mixed food entrees,"Beef stew, canned",Store Brand,USA,0.14,6
17,Mixed food entrees,"Beef stew, canned",Armour,USA,0.07,6
17,Mixed food entrees,"Beef stew, canned",Castleberry,USA,0.18,6
17,Mixed food entrees,"Beef stew, canned",Dinty Moore,USA,0.12,6
17,Mixed food entrees,"Beef stew, canned",Austex,USA,0.14,6
17,Mixed food entrees,"Beef stew, canned, cooked",Dinty Moore,USA,0.13,6
17,Mixed food entrees,"Big Mac, national",McDonald's,USA,0.08,6
17,Mixed food entrees,"Big Mac, no cheese, national",McDonald's,USA,0.09,6
17,Mixed food entrees,BK Big Fish with cheese,Burger King,USA,0.09,6
17,Mixed food entrees,BK Broiler,Burger King,USA,0.11,6
17,Mixed food entrees,Breast Filet,Wendy's,USA,0.12,6
17,Mixed food entrees,"Burrito, bean",Taco Bell,USA,0.16,6
17,Mixed food entrees,"Burrito, supreme with beef",Taco Bell,USA,0.12,6
17,Mixed food entrees,"Burrito, supreme with chicken",Taco Bell,USA,0.13,6
17,Mixed food entrees,"Burrito, supreme with steak",Taco Bell,USA,0.12,6
17,Mixed food entrees,"Cheese lasagna, frozen, five cheese",Stouffer's,USA,0.73,6
17,Mixed food entrees,"Cheese lasagna, frozen, five cheese, cooked",Stouffer's,USA,0.53,6
17,Mixed food entrees,"Cheese lasagna, frozen, Mozzarella",Budget Gourmet,USA,0.14,6
17,Mixed food entrees,"Cheese lasagna, frozen, three cheese",Budget Gourmet,USA,0.23,6
17,Mixed food entrees,"Cheese lasagna, frozen, three cheese, cooked",Budget Gourmet,USA,0.18,6
17,Mixed food entrees,"Cheese pizza, frozen, regular thin crust",Tony's,USA,0.13,6
17,Mixed food entrees,"Cheese pizza, frozen, rising crust",Tombstone,USA,0.16,6
17,Mixed food entrees,Cheeseburger,Burger King,USA,0.15,6
17,Mixed food entrees,"Cheeseburger, national",McDonald's,USA,0.11,6
17,Mixed food entrees,"Chicken pot pie, frozen, cooked",Banquet,USA,0.05,6
17,Mixed food entrees,Chicken Sandwich,Burger King,USA,0.17,6
17,Mixed food entrees,"Chili with meat and beans, canned",Hormel,USA,0.52,6
17,Mixed food entrees,"Chili with meat and beans, canned",Chili Man,USA,0.41,6
17,Mixed food entrees,"Chili with meat and beans, canned",Wolf,USA,0.4,6
17,Mixed food entrees,"Chili with meat and beans, canned",Bryan,USA,0.42,6
17,Mixed food entrees,"Chili with meat and beans, canned",Dennison’s,USA,0.42,6
17,Mixed food entrees,"Chili with meat and beans, canned",Nalley,USA,0.32,6
17,Mixed food entrees,"Chili with meat and beans, canned",Armour,USA,0.4,6
17,Mixed food entrees,"Chili with meat and beans, canned (hot)",Store Brand,USA,0.39,6
17,Mixed food entrees,"Chili with meat and beans, canned (thick)",Nalley,USA,0.48,6
17,Mixed food entrees,"Chili with meat and beans, canned, heated",Hormel,USA,0.5,6
17,Mixed food entrees,"Chili with meat, no beans, canned",Hormel,USA,0.39,6
17,Mixed food entrees,"Chili with meat, no beans, canned",Armour,USA,0.45,6
17,Mixed food entrees,"Chili with meat, no beans, canned",Bunker Hill,USA,0.46,6
17,Mixed food entrees,"Chili with meat, no beans, canned",Store Brand,USA,0.35,6
17,Mixed food entrees,"Chili with meat, no beans, canned",Wolf,USA,0.49,6
17,Mixed food entrees,"Chili with meat, no beans, canned, heated",Hormel,USA,0.4,6
17,Mixed food entrees,Classic Double with Cheese,Wendy's,USA,0.07,6
17,Mixed food entrees,Croissanwich with egg and cheese,Burger King,USA,0.15,6
17,Mixed food entrees,Croissanwich with sausage and cheese,Burger King,USA,0.21,6
17,Mixed food entrees,"Croissanwich with sausage, egg and cheese",Burger King,USA,0.16,6
17,Mixed food entrees,Double Whopper,Burger King,USA,0.07,6
17,Mixed food entrees,Double Whopper with cheese,Burger King,USA,0.04,6
17,Mixed food entrees,Egg McMuffin,McDonald's,USA,0.09,6
17,Mixed food entrees,Eggwich with bacon and cheese,Burger King,USA,0.06,6
17,Mixed food entrees,"Eggwich with bacon, egg and cheese",Burger King,USA,0.08,6
17,Mixed food entrees,Eggwich with egg and cheese,Burger King,USA,0.06,6
17,Mixed food entrees,Filet‐o‐Fish,McDonald's,USA,0.13,6
17,Mixed food entrees,Ham Egg and Cheese Bagel,McDonald's,USA,0.13,6
17,Mixed food entrees,Hamburger,McDonald's,USA,0.14,6
17,Mixed food entrees,Hamburger,Burger King,USA,0.18,6
17,Mixed food entrees,"Hamburger with cheese, 1/4 lb Single",Wendy's,USA,0.12,6
17,Mixed food entrees,"Hamburger with cheese, Junior",Wendy's,USA,0.1,6
17,Mixed food entrees,"Hamburger, Junior",Wendy's,USA,0.14,6
17,Mixed food entrees,"Hamburger, No Cheese, 1/4 lb Single",Wendy's,USA,0.12,6
17,Mixed food entrees,Hotcakes and sausage,McDonald's,USA,0.18,6
17,Mixed food entrees,"Lasagna with meat, frozen, lower fat",Weight Watchers Smart Ones,USA,0.13,6
17,Mixed food entrees,"Lasagna with meat, frozen, lower fat",Lean Cuisine,USA,0.37,6
17,Mixed food entrees,"Lasagna with meat, frozen, regular, cooked",Stouffer's,USA,0.18,6
17,Mixed food entrees,"Lasagna with meat, frozen, regular, cooked",Michelina's,USA,0.12,6
17,Mixed food entrees,"Lasagna with meat, regular, frozen",Stouffer's,USA,0.48,6
17,Mixed food entrees,"Lasagna with meat, regular, frozen",Michelina's,USA,0.16,6
17,Mixed food entrees,"Macaroni and cheese (microwaveable cans), canned",Hormel Kid's Kitchen,USA,0.12,6
17,Mixed food entrees,Macaroni and cheese mix (with dry cheese powder),Kraft,USA,0.06,6
17,Mixed food entrees,Macaroni and cheese mix (with dry cheese powder),Store Brand,USA,0.06,6
17,Mixed food entrees,"Macaroni and cheese mix (with dry cheese powder), prepared",Kraft,USA,0.04,6
17,Mixed food entrees,"Macaroni and cheese mix (with prepared cheese sauce), prepared",Kraft Velveeta,USA,0.03,6
17,Mixed food entrees,"Macaroni and cheese mix (with prepared cheese sauce), prepared",Kraft Deluxe,USA,0.03,6
17,Mixed food entrees,"Macaroni and cheese mix (with prepared cheese sauce), prepared",Store Brand,USA,0.05,6
17,Mixed food entrees,"Macaroni and cheese, canned",Chef Boyardee,USA,0.04,6
17,Mixed food entrees,"Macaroni and cheese, canned",Franco American,USA,0.04,6
17,Mixed food entrees,Nachos,Taco Bell,USA,0.36,6
17,Mixed food entrees,Nachos supreme,Taco Bell,USA,0.3,6
17,Mixed food entrees,"Pizza, Big One Classic, prepared","Stabburet, Norway",Norway,0.13,3
17,Mixed food entrees,"Pizza, cheese pizza, frozen, regular thin crust",Celeste pizza for one,USA,0.15,6
17,Mixed food entrees,"Pizza, cheese pizza, frozen, regular thin crust",Mr. P's,USA,0.16,6
17,Mixed food entrees,"Pizza, cheese pizza, frozen, regular thin crust",Totino's,USA,0.1,6
17,Mixed food entrees,"Pizza, cheese pizza, frozen, regular thin crust",McCain Ellio's,USA,0.11,6
17,Mixed food entrees,"Pizza, cheese pizza, frozen, rising crust",Tony's,USA,0.08,6
17,Mixed food entrees,"Pizza, cheese pizza, frozen, rising crust",DiGiorno,USA,0.21,6
17,Mixed food entrees,"Pizza, cheese pizza, frozen, rising crust",Red Baron,USA,0.19,6
17,Mixed food entrees,"Pizza, cheese, classic hand‐ tossed",Domino's,USA,0.2,6
17,Mixed food entrees,"Pizza, cheese, large deep dish",Little Caesar’s,USA,0.18,6
17,Mixed food entrees,"Pizza, cheese, original crust",Papa John's,USA,0.3,6
17,Mixed food entrees,"Pizza, cheese, regular crust",Pizza Hut,USA,0.18,6
17,Mixed food entrees,"Pizza, cheese, thick crust",Pizza Hut,USA,0.17,6
17,Mixed food entrees,"Pizza, cheese, thin crust",Papa John's,USA,0.26,6
17,Mixed food entrees,"Pizza, cheese, thin crust",Little Caesar’s,USA,0.22,6
17,Mixed food entrees,"Pizza, cheese, thin crust",Pizza Hut,USA,0.2,6
17,Mixed food entrees,"Pizza, cheese, ultimate deep dish",Domino's,USA,0.2,6
17,Mixed food entrees,"Pizza, extravaganza feast, classic hand‐tossed",Domino's,USA,0.18,6
17,Mixed food entrees,"Pizza, Grandiosa","Stabburet, Norway",Norway,0.31,3
17,Mixed food entrees,"Pizza, Grandiosa, prepared","Stabburet, Norway",Norway,0.25,3
17,Mixed food entrees,"Pizza, La Mia Pizzeria Speciale, ham and tomato, prepared","Stabburet, Norway",Norway,0.1,3
17,Mixed food entrees,"Pizza, Original Round, cheese",Little Caesar’s,USA,0.21,6
17,Mixed food entrees,"Pizza, Original Round, meal+ vegetab",Little Caesar’s,USA,0.19,6
17,Mixed food entrees,"Pizza, pepperoni, classic hand‐tossed",Domino's,USA,0.21,6
17,Mixed food entrees,"Pizza, pepperoni, large deep dish",Little Caesar’s,USA,0.16,6
17,Mixed food entrees,"Pizza, pepperoni, original crust",Papa John's,USA,0.24,6
17,Mixed food entrees,"round Pizza, pepperoni, regular crust, prepared",Pizza Hut,USA,0.18,6
17,Mixed food entrees,"Pizza, pepperoni, thick crust",Pizza Hut,USA,0.14,6
17,Mixed food entrees,"Pizza, pepperoni, ultimate deep dish",Domino's,USA,0.19,6
17,Mixed food entrees,"Pizza, Pig's Knuckle, prepared","Peppes Pizza, Norway",Norway,0.24,3
17,Mixed food entrees,"Pizza, Pizza Margherita",Comisal Int.Srl.Italy for Hakon,Norway,0.31,3
17,Mixed food entrees,"Pizza, Pizza Margherita, prepared",Comisal Int.Srl.Italy for Hakon,Norway,0.33,3
17,Mixed food entrees,"Pizza, prepared",First Price,Norway,0.08,3
17,Mixed food entrees,"Pizza, prepared",Eldorado,Norway,0.15,3
17,Mixed food entrees,"Pizza, Ristorante Pizza Speciale, prepared",Dr Oetker,Norway,0.19,3
17,Mixed food entrees,"Pizza, sausage & pepperoni pizza, frozen, cooked",Red Baron,USA,0.18,6
17,Mixed food entrees,"Pizza, Super Suprime, regular crust",Pizza Hut,USA,0.2,6
17,Mixed food entrees,"Pizza, The Works, original crust",Papa John's,USA,0.23,6
17,Mixed food entrees,"Pizza, thin crust",Domino's,USA,0.28,6
17,Mixed food entrees,"Quarter pounder, national",McDonald's,USA,0.08,6
17,Mixed food entrees,"Quarter Pounder, no cheese, national",McDonald's,USA,0.09,6
17,Mixed food entrees,"Sausage & pepperoni pizza, frozen, cooked",Tony's,USA,0.16,6
17,Mixed food entrees,Sausage biscuit,McDonald's,USA,0.37,6
17,Mixed food entrees,Sausage biscuit with egg,McDonald's,USA,0.21,6
17,Mixed food entrees,Sausage breakfast burrito,McDonald's,USA,0.09,6
17,Mixed food entrees,Sausage McMuffin,McDonald's,USA,0.23,6
17,Mixed food entrees,Sausage McMuffin with egg,McDonald's,USA,0.16,6
17,Mixed food entrees,"Spaghetti with meat, canned",Chef Boyardee,USA,0.22,6
17,Mixed food entrees,"Spaghetti with meat, canned, heated",Chef Boyardee,USA,0.22,6
17,Mixed food entrees,"Spaghetti with meat, Spaghettios with Meatballs, canned",Franco American,USA,0.17,6
17,Mixed food entrees,"Spaghetti with meat, Spaghettios with Meatballs, canned, heated",Franco American,USA,0.16,6
17,Mixed food entrees,"Spaghetti, Garfield Spaghettios, no meat, canned",Franco American,USA,0.13,6
17,Mixed food entrees,"Spaghetti, no meat, canned",Franco American,USA,0.12,6
17,Mixed food entrees,"Spaghetti, Spaghettios, no meat, canned",Franco American,USA,0.14,6
17,Mixed food entrees,"Spaghetti, Spaghettios, no meat, canned, heated",Franco American,USA,0.13,6
17,Mixed food entrees,"Spaghetti, Where's Waldo, no meat, canned",Franco American,USA,0.14,6
17,Mixed food entrees,Spanish Omelet Bagel,McDonald's,USA,0.15,6
17,Mixed food entrees,Steak egg and cheese bagel,McDonald's,USA,0.08,6
17,Mixed food entrees,"Stew, in brown sauce","Trondhjems, Norway",Norway,0.19,3
17,Mixed food entrees,"Stew, light type","Terina as, Norway",Norway,0.13,3
17,Mixed food entrees,Taco salad,Taco Bell,USA,0.13,6
17,Mixed food entrees,"Taco, crunchy",Taco Bell,USA,0.24,6
17,Mixed food entrees,"Taco, soft with beef",Taco Bell,USA,0.1,6
17,Mixed food entrees,"Taco, soft with chicken",Taco Bell,USA,0.06,6
17,Mixed food entrees,"Taco, soft with steak",Taco Bell,USA,0.07,6
17,Mixed food entrees,"Turkey pot pie, frozen, cooked",Swanson,USA,0.06,6
17,Mixed food entrees,"Vegatarian burgers, Morningstar Farms Garden Veggie",Morningstar Farms,USA,0.3,6
17,Mixed food entrees,"Vegetarian burger, Morningstar Farms Harvest Burger's",Morningstar Farms,USA,0.17,3
17,Mixed food entrees,"Vegetarian burger, Morningstar Farms Harvest Burger's, fried",Morningstar Farms,USA,0.19,3
17,Mixed food entrees,"Vegetarian burgers, Boca Burgers Chef Max's All American Classic",Boca Burgers,USA,0.11,6
17,Mixed food entrees,"Vegetarian burgers, Morningstar Farms Grillers Hamburger Style",Morningstar Farms,USA,0.2,6
17,Mixed food entrees,Veggie burgers,Gardenburger Original,USA,0.17,6
17,Mixed food entrees,Whopper,Burger King,USA,0.06,6
17,Mixed food entrees,Whopper with cheese,Burger King,USA,0.06,6
18,Nuts and seeds,"Almonds, with pellicle",Kjøkkensjefens,Norway,0.23,"1, 3"
18,Nuts and seeds,"Almonds, with pellicle",Eldorado,Norway,0.37,"1, 3"
18,Nuts and seeds,"Almonds, with pellicle",Coop Chef's,Norway,0.28,"1, 3"
18,Nuts and seeds,"Almonds, with pellicle",,USA,0.53,"1, 6"
18,Nuts and seeds,"Almonds, with pellicle, sliced","Blue Diamond, USA",Norway,0.26,"1, 3"
18,Nuts and seeds,"Almonds, without pellicle (scalded using hot water)",Eldorado,Norway,0.13,"1, 3"
18,Nuts and seeds,"Almonds, without pellicle (scalded using hot water)",Coop Chef's,Norway,0.22,"1, 3"
18,Nuts and seeds,"Almonds, without pellicle, sliced",Freia,Norway,0.2,"1, 3"
18,Nuts and seeds,Brazil nuts,,USA,0.47,"1, 6"
18,Nuts and seeds,"Brazil nuts, with pellicle (partly)",Den Lille Nøttefabrikken,Norway,0.5,"1, 3"
18,Nuts and seeds,"Cashews, without pellicle",,USA,0.66,"1, 6"
18,Nuts and seeds,"Cashews, without pellicle, roasted","Den Lille Nøttefabrikken, Norway",Norway,0.4,"1, 3"
18,Nuts and seeds,"Chest nuts, with pellicle (purchased with shell)",,Italy,4.67,3
18,Nuts and seeds,"Chest nuts, without pellicle (purchased with shell)",,Italy,0.75,3
18,Nuts and seeds,Flaxseed,Peru,Peru,0.64,4
18,Nuts and seeds,"Flaxseed, ground",,USA,1.13,6
18,Nuts and seeds,"Flaxseed, whole brown",,USA,0.8,6
18,Nuts and seeds,"Hazelnuts, roasted with salt and spices, with pellicle",Iran,Iran,0.46,3
18,Nuts and seeds,"Hazelnuts, with pellicle","Den Lille Nøttefabrikken, Norway",Norway,0.49,3
18,Nuts and seeds,"Hazelnuts, with pellicle",,Norway,0.5,3
18,Nuts and seeds,"Hazelnuts, with pellicle",Sunport,Norway,0.69,3
18,Nuts and seeds,"Hazelnuts, with pellicle",,USA,0.94,6
18,Nuts and seeds,"Hazelnuts, without pellicle",Sunrise Food,Norway,0.08,
18,Nuts and seeds,"Hazelnuts, without pellicle",Sunport,Norway,0.16,3
18,Nuts and seeds,"Kernel from watermelon, roasted with salt and spices",Iran,Iran,3.27,3
18,Nuts and seeds,"Kernels from pumpkin, roasted with salt and spices",Iran,Iran,0.4,3
18,Nuts and seeds,"Macadamia nuts, without pellicle","Den Lille Nøttefabrikken, Norway",Norway,0.55,"1, 3"
18,Nuts and seeds,"Macadamia nuts, without pellicle",,USA,0.44,"1, 6"
18,Nuts and seeds,"Peanut butter, coarse type","Mills, Norway",Norway,0.47,"1, 3"
18,Nuts and seeds,"Peanut butter, creamy",Skippy,USA,0.66,"1, 6"
18,Nuts and seeds,"Peanut butter, creamy",Jif,USA,0.57,"1, 6"
18,Nuts and seeds,"Peanut butter, crunchy",Store Brand,USA,0.51,"1, 6"
18,Nuts and seeds,"Peanut butter, crunchy",Skippy,USA,0.55,"1, 6"
18,Nuts and seeds,"Peanuts, Malawi nuts, Traditional African Roasted Peanuts","Rab Processors Ltd, Malawi",Malawi,0.89,"1, 3"
18,Nuts and seeds,"Peanuts, Polly, roasted, with salt, without pellicle","KiMs, Norway",Norway,0.62,"1, 3"
18,Nuts and seeds,"Peanuts, roasted, with pellicle (purchased with shell)",Food Man,Norway,1.97,"1 ,3"
18,Nuts and seeds,"Peanuts, without pellicle",,USA,0.35,"1, 6"
18,Nuts and seeds,"Pecans, with pellicle","Den Lille Nøttefabrikken, Norway",Norway,8.24,3
18,Nuts and seeds,"Pecans, with pellicle",San Lázara,Mexico,10.62,3
18,Nuts and seeds,"Pecans, with pellicle",Sunport,Norway,7.31,3
18,Nuts and seeds,"Pecans, with pellicle",The Green Valley,Norway,9.24,3
18,Nuts and seeds,"Pecans, with pellicle",,Norway,6.32,3
18,Nuts and seeds,"Pecans, with pellicle","La Pasiega, Mexico",Mexico,7.91,3
18,Nuts and seeds,"Pecans, with pellicle",,USA,9.67,6
18,Nuts and seeds,Pine nuts,"Den Lille Nøttefabrikken, Norway",Norway,0.52,"1, 3"
18,Nuts and seeds,Pine nuts,,USA,0.71,"1, 6"
18,Nuts and seeds,Pine nuts,"Davy's, Holland",Norway,0.1,3
18,Nuts and seeds,"Pine nuts, ecologically grown","Urtekram, Denmark",Norway,0.07,3
18,Nuts and seeds,Pistachios,India,Norway,4.98,3
18,Nuts and seeds,Pistachios,"Den Lille Nøttefabrikken, Norway",Norway,0.78,3
18,Nuts and seeds,Pistachios,Sunport,Norway,1.08,3
18,Nuts and seeds,Pistachios,Iran,Iran,1.16,3
18,Nuts and seeds,Pistachios,,Norway,1.0,3
18,Nuts and seeds,Pistachios,,USA,1.43,6
18,Nuts and seeds,Pistachios (purchased with shell),Mexico,Mexico,1.41,3
18,Nuts and seeds,"Pistachios, roasted with salt and spices",Iran,Iran,1.38,3
18,Nuts and seeds,Poppy seeds,Spice Cargo,Mexico,0.44,3
18,Nuts and seeds,Poppy seeds,,USA,0.03,6
18,Nuts and seeds,"Poppy seeds, dried","Black Boy, Rieber og søn",Norway,0.31,3
18,Nuts and seeds,"Poppy seeds, dried","TRS Wholesale CO, England",Norway,0.16,3
18,Nuts and seeds,Sesame seeds,"Nutana, Denmark",Norway,1.21,3
18,Nuts and seeds,Sesame seeds,Spice Cargo,Mexico,0.95,3
18,Nuts and seeds,Sesame seeds (ajonjoli),La Surtidora,Mexico,1.32,3
18,Nuts and seeds,"Sesame seeds, black",India,India,0.26,3
18,Nuts and seeds,"Sesame seeds, hulled",,USA,0.06,6
18,Nuts and seeds,"Sesame seeds, white",India,India,0.49,3
18,Nuts and seeds,"Sesame seeds, with shell","Risenta, Finland",Norway,1.16,3
18,Nuts and seeds,"Sesame seeds, without shell","Hakon, Norway",Norway,0.3,3
18,Nuts and seeds,"Sesame seeds, without shell","NatuVit, Denmark",Norway,0.43,3
18,Nuts and seeds,Sunflower seeds,"Hakon, Norway",Norway,7.5,3
18,Nuts and seeds,Sunflower seeds,"NatuVit, Denmark",Norway,5.39,3
18,Nuts and seeds,"Walnuts, with pellicle",USA,Norway,15.16,3
18,Nuts and seeds,"Walnuts, with pellicle","Den Lille Nøttefabrikken, Norway",Norway,14.29,3
18,Nuts and seeds,"Walnuts, with pellicle",,Norway,25.41,3
18,Nuts and seeds,"Walnuts, with pellicle",Diamond,Norway,16.02,3
18,Nuts and seeds,"Walnuts, with pellicle",,USA,13.13,6
18,Nuts and seeds,"Walnuts, with pellicle",India,India,15.84,3
18,Nuts and seeds,"Walnuts, with pellicle","Demanter, Bio'noix, France",Norway,19.75,3
18,Nuts and seeds,"Walnuts, with pellicle (purchased with shell and cupule)",,Italy,18.67,3
18,Nuts and seeds,"Walnuts, with pellicle (purchased with shell)",Shells Bl,Norway,33.09,3
18,Nuts and seeds,"Walnuts, with pellicle (purchased with shell)",,Italy,33.04,3
18,Nuts and seeds,"Walnuts, with pellicle (purchased with shell)",India,India,15.76,3
18,Nuts and seeds,"Walnuts, with pellicle (purchased with shell)",Natural,Norway,31.38,3
18,Nuts and seeds,"Walnuts, with pellicle (purchased with shell)",,Norway,33.29,3
18,Nuts and seeds,"Walnuts, without pellicle",,Norway,1.81,3
18,Nuts and seeds,"Walnuts, without pellicle (purchased with shell and cupule)",,Italy,0.46,3
18,Nuts and seeds,"Walnuts, without pellicle (purchased with shell)",Shells,Norway,0.74,3
18,Nuts and seeds,"Walnuts, without pellicle (purchased with shell)",,Italy,1.04,3
18,Nuts and seeds,"Walnuts, without pellicle (purchased with shell)",,Norway,0.79,3
18,Nuts and seeds,"Walnuts, without pellicle (purchased with shell)",Natural,Norway,1.27,3
19,Poultry and poultry products,"BBQ chicken wings, frozen",Tyson,USA,0.39,6
19,Poultry and poultry products,"BBQ chicken wings, frozen",TGIF,USA,0.07,6
19,Poultry and poultry products,"BBQ chicken wings, frozen",Simmons,USA,0.21,6
19,Poultry and poultry products,"BBQ chicken wings, frozen, cooked in conventional oven",Tyson,USA,0.38,6
19,Poultry and poultry products,"BBQ chicken wings, frozen, cooked in conventional oven",Mixed brands,USA,0.33,6
19,Poultry and poultry products,"BBQ chicken wings, frozen, cooked in conventional oven",Remarkable,USA,0.12,6
19,Poultry and poultry products,"BBQ chicken wings, frozen, cooked in conventional oven",Simmons,USA,0.23,6
19,Poultry and poultry products,"BBQ chicken wings, frozen, cooked in conventional oven",TGIF,USA,0.08,6
19,Poultry and poultry products,"BBQ chicken wings, frozen, microwave cooked",Tyson,USA,0.34,6
19,Poultry and poultry products,"BBQ chicken wings, frozen, microwave cooked",TGIF,USA,0.08,6
19,Poultry and poultry products,"BBQ chicken wings, frozen, microwave cooked",Simmons,USA,0.28,6
19,Poultry and poultry products,Chicken hot dogs,Gwaltney,USA,0.15,6
19,Poultry and poultry products,Chicken hot dogs,Shorgood,USA,0.2,6
19,Poultry and poultry products,Chicken hot dogs,Weaver,USA,0.15,6
19,Poultry and poultry products,Chicken hot dogs,Talmadge Farms,USA,0.18,6
19,Poultry and poultry products,Chicken hot dogs,Grillmaster,USA,0.16,6
19,Poultry and poultry products,"Chicken hot dogs, cooked",Gwaltney,USA,0.17,6
19,Poultry and poultry products,"Chicken liver, frozen","Prior, Norway",Norway,1.0,3
19,Poultry and poultry products,"Chicken liver, frozen, fried","Prior, Norway",Norway,0.96,3
19,Poultry and poultry products,"Chicken McGrill, national",McDonald's,USA,0.07,6
19,Poultry and poultry products,Chicken McNuggets,McDonald's,USA,0.2,6
19,Poultry and poultry products,Chicken Nuggets,Wendy's,USA,0.25,6
19,Poultry and poultry products,"Chicken nuggets, frozen",Weaver,USA,0.12,6
19,Poultry and poultry products,"Chicken nuggets, frozen",Store Brand,USA,0.09,6
19,Poultry and poultry products,"Chicken nuggets, frozen, cooked",Store Brand,USA,0.14,6
19,Poultry and poultry products,"Chicken nuggets, frozen, cooked",Advance Fast Fixin',USA,0.12,6
19,Poultry and poultry products,"Chicken nuggets, frozen, cooked",Weaver,USA,0.16,6
19,Poultry and poultry products,"Chicken patties, frozen",Kings Delight,USA,0.13,6
19,Poultry and poultry products,"Chicken patties, frozen",Tyson,USA,0.13,6
19,Poultry and poultry products,"Chicken patties, frozen, cooked",Tyson,USA,0.15,6
19,Poultry and poultry products,"Chicken Sandwich, grilled",Wendy's,USA,0.15,6
19,Poultry and poultry products,Chicken tenders,Burger King,USA,0.12,6
19,Poultry and poultry products,"Chicken tenders, frozen",Mixed brands,USA,0.13,6
19,Poultry and poultry products,"Chicken tenders, frozen",Tyson,USA,0.09,6
19,Poultry and poultry products,"Chicken tenders, frozen, cooked in conventional oven",Store Brand,USA,0.16,6
19,Poultry and poultry products,"Chicken tenders, frozen, cooked in conventional oven",Tyson,USA,0.12,6
19,Poultry and poultry products,"Chicken tenders, frozen, cooked in conventional oven",Banquet,USA,0.12,6
19,Poultry and poultry products,"Chicken tenders, frozen, cooked in conventional oven",Weaver,USA,0.11,6
19,Poultry and poultry products,"Chicken tenders, frozen, cooked in conventional oven",Butterball,USA,0.12,6
19,Poultry and poultry products,"Chicken tenders, frozen, microwave cooked",Mixed brands,USA,0.14,6
19,Poultry and poultry products,"Chicken tenders, frozen, southern, cooked in conventional oven",Banquet,USA,0.15,6
19,Poultry and poultry products,"Chicken, drumstick, grilled, with skin","Prior, Norway",Norway,0.44,3
19,Poultry and poultry products,"Chicken, drumstick, grilled, without skin","Prior, Norway",Norway,0.65,3
19,Poultry and poultry products,"Chicken, with skin, frozen","Prior, Norway",Norway,0.06,3
19,Poultry and poultry products,"Chicken, with skin, frozen, fried","Prior, Norway",Norway,0.05,3
19,Poultry and poultry products,"Chicken, without skin, frozen","Prior, Norway",Norway,0.05,3
19,Poultry and poultry products,"Chicken, without skin, frozen, fried","Prior, Norway",Norway,0.06,3
19,Poultry and poultry products,"Crispy chicken sandwich, national",McDonald's,USA,0.18,6
19,Poultry and poultry products,"Turkey hot dog, Frankfurter","Prior, Norway",Norway,0.61,3
19,Poultry and poultry products,Turkey hot dogs (barbecue),"Prior, Norway",Norway,0.76,3
20,Snacks,"Biscuits, Bixit","Sætre AS, Norway",Norway,0.66,3
20,Snacks,"Biscuits, crunch cream croustillants",StMichael for Marks and Spencer,Norway,0.36,3
20,Snacks,"Biscuits, oat, Kornmo","Sætre AS, Norway",Norway,0.86,3
20,Snacks,"Biscuits, RITZ crackers","Oxford Biscuits A/S, Denmark",Norway,0.41,3
20,Snacks,Cheese crackers with cheese filling,Austin,USA,0.77,"1, 6"
20,Snacks,Cheese crackers with cheese filling,Frito Lay,USA,0.73,"1, 6"
20,Snacks,Cheese crackers with cheese filling,Lance,USA,0.82,"1, 6"
20,Snacks,Cheese crackers with cheese filling,Store Brand,USA,0.76,"1, 6"
20,Snacks,Cheese crackers with peanut butter filling,Little Debbie,USA,0.95,"1, 6"
20,Snacks,Cheese crackers with peanut butter filling,Austin,USA,0.9,"1, 6"
20,Snacks,Cheese crackers with peanut butter filling,Lance,USA,0.86,"1, 6"
20,Snacks,Cheese puff‐type cheese snacks,Cheetos,USA,0.5,"1, 6"
20,Snacks,"Cheese puff‐type cheese snacks, crunchy",Cheetos,USA,0.63,"1, 6"
20,Snacks,"Kernel popcorn, air popped",Orville Redenbacher,USA,0.83,6
20,Snacks,"Kernel popcorn, air popped",Jolly Time,USA,0.86,6
20,Snacks,"Kernel popcorn, air popped",Store Brand,USA,0.82,6
20,Snacks,"Kernel popcorn, oil popped",Jolly Time,USA,0.75,6
20,Snacks,"Kernel popcorn, oil popped",Store Brand,USA,0.74,6
20,Snacks,"Kernel popcorn, oil popped",Orville Redenbacher,USA,0.72,6
20,Snacks,Multigrain snack chips,Sun Chips,USA,0.75,"1, 6"
20,Snacks,Popcorn,"Maarud, Norway",Norway,0.56,3
20,Snacks,"Popcorn, microwave, 94% fat free butter flavor",Pop Secret,USA,0.46,6
20,Snacks,"Popcorn, microwave, 94% fat free butter flavor",Orville Redenbacher Smart Pop,USA,0.59,6
20,Snacks,"Popcorn, microwave, 94% fat free, butter flavor",Store Brand,USA,0.59,6
20,Snacks,"Popcorn, microwave, 94% fat free, butter flavor",Jolly Time Healthy Pop,USA,0.62,6
20,Snacks,"Popcorn, microwave, butter flavor",Store Brand,USA,0.47,6
20,Snacks,"Popcorn, microwave, butter flavor",Pop Secret,USA,0.48,6
20,Snacks,"Popcorn, microwave, butter flavor",Orville Redenbacher,USA,0.37,6
20,Snacks,"Popcorn, microwave, butter flavor",Jolly Time Butterlicious,USA,0.52,6
20,Snacks,Potato chips,Lays Classic,USA,0.78,"1, 6"
20,Snacks,Potato chips,Lays,USA,0.74,"1, 6"
20,Snacks,Potato chips,Store Brand,USA,0.47,"1, 6"
20,Snacks,Potato chips,Ruffles,USA,0.59,"1, 6"
20,Snacks,"Potato chips, fat free, made with olean (olestra), original flavor",Pringles,USA,0.44,"1, 6"
20,Snacks,"Potato chips, made with olestra, original flavor",Lays Wow,USA,0.15,"1, 6"
20,Snacks,"Potato chips, Potetgull, classic, salt","Maarud, Norway",Norway,0.66,"1, 3"
20,Snacks,Pretzels,Store Brand,USA,0.77,6
20,Snacks,Pretzels,Frito Lay Rold Gold,USA,1.1,6
20,Snacks,Pretzels,Snyders of Hanover/Utz,USA,0.98,6
20,Snacks,Saltine crackers,Store Brand,USA,0.28,6
20,Snacks,Saltine crackers,Nabisco Premium Original,USA,0.37,6
20,Snacks,Saltine crackers,Sunshine Krispy Original,USA,0.43,6
20,Snacks,Saltine crackers,Sunshine Keebler Zesty Original,USA,0.28,6
20,Snacks,Toasty peanut butter filled crackers,Keebler,USA,1.06,"1, 6"
20,Snacks,Toasty peanut butter filled crackers,Golden Flake,USA,0.97,"1, 6"
20,Snacks,Toasty peanut butter filled crackers,Ritz Bits,USA,1.07,"1, 6"
20,Snacks,Toasty peanut butter filled crackers,Austin,USA,0.97,"1, 6"
20,Snacks,Toasty peanut butter filled crackers,Little Debbie,USA,1.17,"1, 6"
20,Snacks,Tortilla chips,Mission,USA,0.77,"1, 6"
20,Snacks,"Tortilla chips, 100% white corn",Tostitos,USA,0.77,"1, 6"
20,Snacks,"Tortilla chips, cheese","Maarud, Norway",Norway,0.48,"1, 3"
20,Snacks,"Tortilla chips, cooler ranch flavor",Doritos,USA,0.74,"1, 6"
20,Snacks,"Tortilla chips, made with olestra, nacho cheesier tortilla flavor",Doritos Wow,USA,0.22,"1, 6"
20,Snacks,"Tortilla chips, made with olestra, restaurant style",Tostitos Wow,USA,0.16,"1, 6"
20,Snacks,"Tortilla chips, nacho cheesier flavor",Doritos,USA,0.72,"1, 6"
21,"Soups, sauces, dressings and salsa",Barbecue sauce,"Heinz, Netherlands",Norway,0.55,3
21,"Soups, sauces, dressings and salsa",Barbeque ketchup,"Idun, Norway",Norway,0.36,3
21,"Soups, sauces, dressings and salsa","Barbeque oil, alround","Santa Maria, Sweden",Norway,0.81,3
21,"Soups, sauces, dressings and salsa","Barbeque oil, alround","Black Boy, Rieber og søn",Norway,0.97,3
21,"Soups, sauces, dressings and salsa",Barbeque sauce,Heinz,Norway,0.53,3
21,"Soups, sauces, dressings and salsa",BBQ classic,HP,Norway,0.8,3
21,"Soups, sauces, dressings and salsa",BBQ sauce orginal,Santa Maria,Norway,0.37,3
21,"Soups, sauces, dressings and salsa",Bruschetta,"Le ricette di MONTANINI, Italy",Norway,0.82,3
21,"Soups, sauces, dressings and salsa","Chicken broth, 99% fat free",Swanson,USA,0.0,6
21,"Soups, sauces, dressings and salsa",Concentrato di pomedoro,La BioIdea,Norway,0.89,3
21,"Soups, sauces, dressings and salsa",Doppio concentrato di pomodoro,Mutti,Norway,1.18,3
21,"Soups, sauces, dressings and salsa","Dressing, Caesar, salad dressing, max 3% fat","Idun, Norway",Norway,0.08,"1, 3"
21,"Soups, sauces, dressings and salsa","Dressing, French ,salad dressing, fat free",Kraft Free,USA,0.04,"1, 6"
21,"Soups, sauces, dressings and salsa","Dressing, French, salad dressing","Idun, Norway",Norway,0.02,"1, 3"
21,"Soups, sauces, dressings and salsa","Dressing, French, salad dressing, lite",Western,USA,0.42,"1, 6"
21,"Soups, sauces, dressings and salsa","Dressing, French, salad dressing, regular",Store Brand,USA,0.44,"1, 6"
21,"Soups, sauces, dressings and salsa","Dressing, French, salad dressing, regular",Kraft Creamy,USA,0.46,"1, 6"
21,"Soups, sauces, dressings and salsa","Dressing, French, salad dressing, regular",Western,USA,0.44,"1, 6"
21,"Soups, sauces, dressings and salsa","Dressing, French, salad dressing, regular",Henri's,USA,0.42,"1, 6"
21,"Soups, sauces, dressings and salsa","Dressing, Italian, salad dressing, fat free",Seven Seas,USA,0.08,"1, 6"
21,"Soups, sauces, dressings and salsa","Dressing, Italian, salad dressing, fat free",Kraft Free,USA,0.08,"1, 6"
21,"Soups, sauces, dressings and salsa","Dressing, Italian, salad dressing, lite",Wishbone,USA,0.14,"1, 6"
21,"Soups, sauces, dressings and salsa","Dressing, Italian, salad dressing, regular",Wishbone,USA,0.32,"1, 6"
21,"Soups, sauces, dressings and salsa","Dressing, Italian, salad dressing, regular",Store Brand,USA,0.41,"1, 6"
21,"Soups, sauces, dressings and salsa","Dressing, Ranch, salad dressing",Kraft,USA,0.46,"1, 6"
21,"Soups, sauces, dressings and salsa","Dressing, Ranch, salad dressing",Wishbone,USA,0.41,"1, 6"
21,"Soups, sauces, dressings and salsa","Dressing, Ranch, salad dressing",Hidden Valley,USA,0.37,"1, 6"
21,"Soups, sauces, dressings and salsa","Dressing, Ranch, salad dressing, fat free",Kraft,USA,0.02,"1, 6"
21,"Soups, sauces, dressings and salsa","Dressing, Ranch, salad dressing, fat free",Hidden Valley,USA,0.22,"1, 6"
21,"Soups, sauces, dressings and salsa","Dressing, Ranch, salad dressing, fat free",Wishbone,USA,0.03,"1, 6"
21,"Soups, sauces, dressings and salsa","Dressing, Ranch, salad dressing, light",Wishbone,USA,0.18,"1, 6"
21,"Soups, sauces, dressings and salsa","Dressing, Ranch, salad dressing, light",Kraft,USA,0.14,"1, 6"
21,"Soups, sauces, dressings and salsa","Dressing, Ranch, salad dressing, light",Hidden Valley,USA,0.19,"1, 6"
21,"Soups, sauces, dressings and salsa","Dressing, Soltørket tomat (Sundried Tomato), salad dressing","Idun, Norway",Norway,0.65,"1, 3"
21,"Soups, sauces, dressings and salsa","Dressing, Thousand Island, salad dressing","Idun, Norway",Norway,0.11,"1, 3"
21,"Soups, sauces, dressings and salsa","Dressing, Thousand Island, salad dressing, fat free",Kraft,USA,0.07,"1, 6"
21,"Soups, sauces, dressings and salsa","Dressing, Thousand Island, salad dressing, lite",Kraft,USA,0.32,"1, 6"
21,"Soups, sauces, dressings and salsa","Gravy, beef, Savory","Heinz, Home Style",USA,0.06,6
21,"Soups, sauces, dressings and salsa","Gravy, turkey, canned",Franco American,USA,0.06,6
21,"Soups, sauces, dressings and salsa","Gravy, turkey, canned",Store Brand,USA,0.04,6
21,"Soups, sauces, dressings and salsa","Gravy, turkey, canned, Home Style",Heinz,USA,0.05,6
21,"Soups, sauces, dressings and salsa",Hot chili sauce,Heinz,Norway,0.36,3
21,"Soups, sauces, dressings and salsa",Jalfrezi cooking sauce,Santa Maria,Norway,0.59,3
21,"Soups, sauces, dressings and salsa","Mashed potatoe, powder","Mills, Norway",Norway,1.2,3
21,"Soups, sauces, dressings and salsa","Mashed potatoes, prepared",Maggi,Norway,0.23,3
21,"Soups, sauces, dressings and salsa","Mashed potatoes, prepared","Mills, Norway",Norway,0.28,3
21,"Soups, sauces, dressings and salsa","Mashed potatoes, with milk powder, prepared",Maggi,Norway,0.17,3
21,"Soups, sauces, dressings and salsa","Mashed potatoes, with milk powder, prepared","Mills, Norway",Norway,0.22,3
21,"Soups, sauces, dressings and salsa","Mayonnaise, original","Mills, Norway",Norway,1.08,"1, 3"
21,"Soups, sauces, dressings and salsa",Meditarranean olive sauce,Heinz,Norway,0.28,3
21,"Soups, sauces, dressings and salsa",Mexican sauce,Heinz,Norway,0.36,3
21,"Soups, sauces, dressings and salsa","Mustard, Bodsennep, prepared","Stabburet, Norway",Norway,1.7,3
21,"Soups, sauces, dressings and salsa","Mustard, Dijon originale, prepared","Maille, France",Norway,2.48,3
21,"Soups, sauces, dressings and salsa","Mustard, hot, prepared","Stabburet, Norway",Norway,1.76,3
21,"Soups, sauces, dressings and salsa","Mustard, Original, prepared","Slotts, Sweden",Norway,2.09,3
21,"Soups, sauces, dressings and salsa","Mustard, paste, prepared",Japan,Japan,2.61,3
21,"Soups, sauces, dressings and salsa","Mustard, Premium Americana, prepared","S&W, USA",Norway,1.43,3
21,"Soups, sauces, dressings and salsa","Mustard, Savora, prepared",Colman's,Norway,0.8,3
21,"Soups, sauces, dressings and salsa","Mustard, yellow, Classic Yellow Mustard, prepared",French`s,USA,1.57,6
21,"Soups, sauces, dressings and salsa","Mustard, yellow, prepared",Store Brand,USA,1.52,6
21,"Soups, sauces, dressings and salsa","Mustard, yellow, prepared",Other Brand,USA,1.42,6
21,"Soups, sauces, dressings and salsa",Nali Ginger Chilie Sauce,"Nali, Malawi",Malawi,0.7,3
21,"Soups, sauces, dressings and salsa",Nali Hot Peri‐Peri Sauce,"Nali, Malawi",Malawi,1.42,3
21,"Soups, sauces, dressings and salsa",Passata di pomodoro con basilico,La BioIdea,Norway,0.36,3
21,"Soups, sauces, dressings and salsa","Paste, canned tomato",Contadina,USA,1.03,6
21,"Soups, sauces, dressings and salsa","Paste, canned tomato",Hunt's,USA,0.98,6
21,"Soups, sauces, dressings and salsa","Paste, canned tomato",Store Brand,USA,0.88,6
21,"Soups, sauces, dressings and salsa",Pelali mediterranei,Mutti,Norway,0.22,3
21,"Soups, sauces, dressings and salsa",Pesto Rosso,"Le ricette di MONTANINI, Italy",Norway,0.91,3
21,"Soups, sauces, dressings and salsa",Pesto Rosso Piccante,HGL Gourmet Line's middelhavskjøkken,Norway,0.49,3
21,"Soups, sauces, dressings and salsa","Pesto Rosso Piccante, sundried tomato",HGL Gourmet Line's middelhavskjøkken,Norway,1.2,3
21,"Soups, sauces, dressings and salsa","Pesto Rosso, sundried tomato","Paradiso, Italy",Norway,0.68,3
21,"Soups, sauces, dressings and salsa","Pesto Rosso, sundried tomato","Le ricette di MONTANINI, Italy",Norway,0.86,3
21,"Soups, sauces, dressings and salsa","Pesto, alla Genovese con Basilico fresco","Barilla, Italy",Norway,2.55,3
21,"Soups, sauces, dressings and salsa","Pesto, basil","Le ricette di MONTANINI, Italy",Norway,2.48,3
21,"Soups, sauces, dressings and salsa","Pesto, basil, Italia","ICA, Sweden",Norway,4.36,3
21,"Soups, sauces, dressings and salsa","Piccante sauce, medium",Pace,Norway,0.37,3
21,"Soups, sauces, dressings and salsa",Pizza filling,"Mesterkokkens, Norway",Norway,0.48,3
21,"Soups, sauces, dressings and salsa","Pizza filling, with edible mushroom (Agaricus bisporus) and bell pepper, Casa di Italia, prepared","Toro, Norway",Norway,0.71,3
21,"Soups, sauces, dressings and salsa","Pizza filling, with tomatoes and herbs, Casa di Italia, prepared","Toro, Norway",Norway,0.89,3
21,"Soups, sauces, dressings and salsa","Pizza filling, with tomatoes and onion, Casa di Italia, prepared","Toro, Norway",Norway,0.62,3
21,"Soups, sauces, dressings and salsa",Polpa pomodori in finissimini pezzi,Mutti,Norway,0.34,3
21,"Soups, sauces, dressings and salsa",Polpapezzi di pomodori italiani,Mutti,Norway,0.38,3
21,"Soups, sauces, dressings and salsa",Pomodori capperi acciughi,Azienda Terra Shardana,Norway,0.47,3
21,"Soups, sauces, dressings and salsa",Pomodori del sole,Cicina Antica,Norway,0.82,3
21,"Soups, sauces, dressings and salsa",Pomodori secchi,"Le ricette di MONTANINI, Italy",Norway,0.72,3
21,"Soups, sauces, dressings and salsa",Pomodorini di collini,Mutti,Norway,0.49,3
21,"Soups, sauces, dressings and salsa",Pomodoro al basilico,Andalini,Norway,0.56,3
21,"Soups, sauces, dressings and salsa",Pomodoro mousse,Azienda Terra Shardana,Norway,0.8,3
21,"Soups, sauces, dressings and salsa",Ragu alla bolognese,"Barilla, Italy",Norway,0.37,3
21,"Soups, sauces, dressings and salsa",Ricotta,"Barilla, Italy",Norway,0.41,3
21,"Soups, sauces, dressings and salsa","Salsa dip, medium",Old El Paso,Norway,0.51,3
21,"Soups, sauces, dressings and salsa","Salsa dip, medium",First Price,Norway,0.31,3
21,"Soups, sauces, dressings and salsa","Salsa, All natural mild, bottled",Tostitos,USA,0.33,6
21,"Soups, sauces, dressings and salsa","Salsa, Chunky salsa, medium",Santa Maria,Norway,0.34,3
21,"Soups, sauces, dressings and salsa","Salsa, Chunky salsa, medium",ICA,Norway,3.92,3
21,"Soups, sauces, dressings and salsa","Salsa, Garlic salsa",Old El Paso,Norway,0.43,3
21,"Soups, sauces, dressings and salsa","Salsa, garlic, TEXMEX, medium","Santa Maria, Sweden",Norway,0.44,3
21,"Soups, sauces, dressings and salsa","Salsa, Habanero and tequila salsa, extra hot",Santa Maria,Norway,0.27,3
21,"Soups, sauces, dressings and salsa","Salsa, Kutbil‐ik de Chile Habanero",Mexico,Mexico,1.59,3
21,"Soups, sauces, dressings and salsa","Salsa, Rio grande, medium",Santa Maria,Norway,0.28,3
21,"Soups, sauces, dressings and salsa","Salsa, Roasted garlic, bottled",Tostitos,USA,0.31,6
21,"Soups, sauces, dressings and salsa","Salsa, Salsa picante verde de Chile Habanero",Mexico,Mexico,0.89,3
21,"Soups, sauces, dressings and salsa","Salsa, Sweet red chili salsa, medium",Santa Maria,Norway,0.46,3
21,"Soups, sauces, dressings and salsa","Salsa, Thick & Chunky mild, bottled",Pace,USA,0.36,6
21,"Soups, sauces, dressings and salsa","Salsa, Thick 'n' Chunky mild, bottled",Old El Paso,USA,0.31,6
21,"Soups, sauces, dressings and salsa","Salsa, Thick 'n Chunky, medium, bottled",Old El Paso,USA,0.3,6
21,"Soups, sauces, dressings and salsa","Salsa, Thick 'n Chunky, medium, bottled",Old El Paso,Norway,0.49,3
21,"Soups, sauces, dressings and salsa","Salsa, Tropical salsa, medium","Santa Maria, Sweden",Norway,0.29,3
21,"Soups, sauces, dressings and salsa","Sauce for pasta, tomato, oregano, onion and garlic",Knorr,Norway,0.63,3
21,"Soups, sauces, dressings and salsa","Sauce for pasta, with sundried tomato and shallot, Casa di Italia","Toro, Norway",Norway,0.34,3
21,"Soups, sauces, dressings and salsa","Sauce, BBQ","HP Foods, England",Norway,0.75,3
21,"Soups, sauces, dressings and salsa","Sauce, Bearnaise, prepared","Toro, Norway",Norway,0.03,3
21,"Soups, sauces, dressings and salsa","Sauce, brown, for meatballs, prepared",Knorr,Norway,0.09,3
21,"Soups, sauces, dressings and salsa","Sauce, canned tomato",Hunt's,USA,0.34,6
21,"Soups, sauces, dressings and salsa","Sauce, canned tomato",Store Brand,USA,0.29,6
21,"Soups, sauces, dressings and salsa","Sauce, Cayenne pepper, Red Devil",Trappeyey's Foods Inc.,Norway,0.26,3
21,"Soups, sauces, dressings and salsa","Sauce, chili, Oriental",Uncle Ben's,Norway,0.36,3
21,"Soups, sauces, dressings and salsa","Sauce, chilli sauce, hot","Heinz, Portugal",Norway,0.53,3
21,"Soups, sauces, dressings and salsa","Sauce, chilli, hot","Blue Dragon, Malaysia",Norway,0.2,3
21,"Soups, sauces, dressings and salsa","Sauce, for pasta",First Price,Norway,0.31,3
21,"Soups, sauces, dressings and salsa","Sauce, for pasta with parmesan and creem, Al forno",Dolmio,Norway,0.2,3
21,"Soups, sauces, dressings and salsa","Sauce, for pasta, classic",Knorr,Norway,0.55,3
21,"Soups, sauces, dressings and salsa","Sauce, for pasta, creamed, Casa d`Italia","Toro, Norway",Norway,0.24,3
21,"Soups, sauces, dressings and salsa","Sauce, for pasta, no meat, chunky garden combination",Ragu,USA,0.37,6
21,"Soups, sauces, dressings and salsa","Sauce, for pasta, no meat, mushroom flavor",Hunt's,USA,0.51,6
21,"Soups, sauces, dressings and salsa","Sauce, for pasta, no meat, mushroom flavor",Prego,USA,0.51,6
21,"Soups, sauces, dressings and salsa","Sauce, for pasta, no meat, old world style",Ragu,USA,0.4,6
21,"Soups, sauces, dressings and salsa","Sauce, for pasta, no meat, three‐cheese flavor",Prego,USA,0.37,6
21,"Soups, sauces, dressings and salsa","Sauce, for pasta, spanish olives",Meridian,Norway,0.61,3
21,"Soups, sauces, dressings and salsa","Sauce, for pasta, tomato and mushrooms",Meridian,Norway,0.49,3
21,"Soups, sauces, dressings and salsa","Sauce, for pasta, with basil","Barilla, Italy",Norway,0.57,3
21,"Soups, sauces, dressings and salsa","Sauce, for pasta, with basil, heated","Barilla, Italy",Norway,0.54,3
21,"Soups, sauces, dressings and salsa","Sauce, for pasta, with chilli",ICA,Norway,0.35,3
21,"Soups, sauces, dressings and salsa","Sauce, for pasta, with chilli and onion",Knorr,Norway,0.39,3
21,"Soups, sauces, dressings and salsa","Sauce, for pasta, with chilli and onion, heated",Knorr,Norway,0.57,3
21,"Soups, sauces, dressings and salsa","Sauce, for pasta, with chilli, Arrabbiata","Barilla, Italy",Norway,0.39,3
21,"Soups, sauces, dressings and salsa","Sauce, for pasta, with extra garlic",Dolmio,Norway,0.61,3
21,"Soups, sauces, dressings and salsa","Sauce, for pasta, with extra garlic, heated",Dolmio,Norway,0.68,3
21,"Soups, sauces, dressings and salsa","Sauce, for pasta, with extra spices",Dolmio,Norway,0.5,3
21,"Soups, sauces, dressings and salsa","Sauce, for pasta, with extra vegetables",Dolmio,Norway,0.43,3
21,"Soups, sauces, dressings and salsa","Sauce, for pasta, with garlic",ICA,Norway,0.5,3
21,"Soups, sauces, dressings and salsa","Sauce, for pasta, with garlic",Eldorado,Norway,0.33,3
21,"Soups, sauces, dressings and salsa","Sauce, for pasta, with sundried tomatoes",Dolmio,Norway,0.79,3
21,"Soups, sauces, dressings and salsa","Sauce, for pizza","Idun, Norway",Norway,0.63,3
21,"Soups, sauces, dressings and salsa","Sauce, for pizza, Casa di Italia","Toro, Norway",Norway,0.77,3
21,"Soups, sauces, dressings and salsa","Sauce, for pizza, Orginal",Dolmio,Norway,0.38,3
21,"Soups, sauces, dressings and salsa","Sauce, for pizza, Spicy",Mutti,Norway,0.57,3
21,"Soups, sauces, dressings and salsa","Sauce, for spagetti, Italian tomato sauce with spices",Knorr,Norway,0.31,3
21,"Soups, sauces, dressings and salsa","Sauce, for spaghetti","Sopps, Norway",Norway,0.27,3
21,"Soups, sauces, dressings and salsa","Sauce, for spaghetti","Toro, Norway",Norway,0.26,3
21,"Soups, sauces, dressings and salsa","Sauce, Hollandaise, prepared",Knorr,Norway,0.01,3
21,"Soups, sauces, dressings and salsa","Sauce, Indian Korma",Uncle Ben's,Norway,0.21,3
21,"Soups, sauces, dressings and salsa","Sauce, Indian Tandori","Toro, Norway",Norway,0.52,3
21,"Soups, sauces, dressings and salsa","Sauce, orginal",HP,Norway,1.48,3
21,"Soups, sauces, dressings and salsa","Sauce, slices of tomato, with basil, garlic and oregano",SW,Norway,0.18,3
21,"Soups, sauces, dressings and salsa","Sauce, slices of tomato, with chilli and mexican spices, canned",SW,Norway,0.26,3
21,"Soups, sauces, dressings and salsa","Sauce, slices of tomato, with garlic, oregano and basil, canned",SW,Norway,0.31,3
21,"Soups, sauces, dressings and salsa","Sauce, slices of tomato, with pepper, onion and creole spices, canned",SW,Norway,0.27,3
21,"Soups, sauces, dressings and salsa","Sauce, soya sauce","Kikkoman Foods, Netherlands",Norway,2.68,3
21,"Soups, sauces, dressings and salsa","Sauce, soya sauce, dark","Amoy Food LTD, Hong Kong",Norway,0.68,3
21,"Soups, sauces, dressings and salsa","Sauce, soya sauce, light","Amoy Food LTD, Hong Kong",Norway,0.54,3
21,"Soups, sauces, dressings and salsa","Sauce, sun dried tomato",Heinz,Norway,0.52,3
21,"Soups, sauces, dressings and salsa","Sauce, taco, hot",Landlord,Norway,4.25,3
21,"Soups, sauces, dressings and salsa","Sauce, taco, medium",ICA,Norway,0.88,3
21,"Soups, sauces, dressings and salsa","Sauce, taco, medium",Santa Maria,Norway,0.36,3
21,"Soups, sauces, dressings and salsa","Sauce, taco, medium",First Price,Norway,4.66,3
21,"Soups, sauces, dressings and salsa","Sauce, taco, medium",Casa Fiesta,Norway,3.5,3
21,"Soups, sauces, dressings and salsa","Sauce, taco, medium spiced, TexMex","Santa Maria, Sweden",Norway,0.2,3
21,"Soups, sauces, dressings and salsa","Sauce, taco, mildly spiced","ICA, Belgium",Norway,3.17,3
21,"Soups, sauces, dressings and salsa","Sauce, taco, smooth, medium spiced",Old El Paso,Norway,0.28,3
21,"Soups, sauces, dressings and salsa","Sauce, taco, smooth, strong spiced",Old El Paso,Norway,0.18,3
21,"Soups, sauces, dressings and salsa","Sauce, taco, strong spiced","ICA, Belgium",Norway,3.5,3
21,"Soups, sauces, dressings and salsa","Sauce, taco, strong spiced, TexMex","Santa Maria, Sweden",Norway,0.22,3
21,"Soups, sauces, dressings and salsa","Sauce, taco, TexMex, hot","Santa Maria, Sweden",Norway,0.48,3
21,"Soups, sauces, dressings and salsa","Sauce, taco, TexMex, mild","Santa Maria, Sweden",Norway,0.44,3
21,"Soups, sauces, dressings and salsa","Sauce, Tikka Masala, Indian",Uncle Ben's,Norway,0.36,3
21,"Soups, sauces, dressings and salsa","Sauce, tomato, Tomatensauce, Toskana",Zwergwnwiese,Norway,0.42,3
21,"Soups, sauces, dressings and salsa","Sauce, tomato, with basalmicovinegar, basil and oil, canned",Hunt's,Norway,0.25,3
21,"Soups, sauces, dressings and salsa","Sauce, tomato, with mushroom, canned",Hunt's,Norway,0.24,3
21,"Soups, sauces, dressings and salsa","Sauce, with chili","HP Foods, England",Norway,0.24,3
21,"Soups, sauces, dressings and salsa","Sauce, wrap, medium spiced",Casa Fiesta,Norway,3.7,3
21,"Soups, sauces, dressings and salsa","Soup stok, japanese (bonito,tangl), powder",,Japan,0.93,3
21,"Soups, sauces, dressings and salsa","Soup stok, japanese (small dried sardine), powder",Japan,Japan,0.07,3
21,"Soups, sauces, dressings and salsa","Soup, chicken noodle cup a soup, dry",Knorr,USA,0.45,6
21,"Soups, sauces, dressings and salsa","Soup, chicken noodle, canned, ready‐to‐eat",Progresso Traditional,USA,0.02,6
21,"Soups, sauces, dressings and salsa","Soup, chicken noodle, canned, ready‐to‐eat, Kitchen Classics",Campbell's,USA,0.02,6
21,"Soups, sauces, dressings and salsa","Soup, chinese chicken soup stock, powder",Japan,Japan,0.41,3
21,"Soups, sauces, dressings and salsa","Soup, clam chowder condensed",Campbell`s,USA,0.05,3
21,"Soups, sauces, dressings and salsa","Soup, condensed chicken noodle soup",Campbell's,USA,0.03,6
21,"Soups, sauces, dressings and salsa","Soup, condensed chicken noodle soup",Store Brand,USA,0.01,6
21,"Soups, sauces, dressings and salsa","Soup, condensed cream of chicken soup",Store Brand,USA,0.03,6
21,"Soups, sauces, dressings and salsa","Soup, condensed cream of chicken soup",Campbell's,USA,0.04,6
21,"Soups, sauces, dressings and salsa","Soup, condensed cream of mushroom soup",Campbell's,USA,0.04,6
21,"Soups, sauces, dressings and salsa","Soup, condensed tomato",Store Brand,USA,0.66,6
21,"Soups, sauces, dressings and salsa","Soup, curry chicken, cup a soup",Knorr,Denmark,0.14,5
21,"Soups, sauces, dressings and salsa","Soup, Minestrone",Campbell`s,Norway,0.25,3
21,"Soups, sauces, dressings and salsa","Soup, Pea soup, Svensk/Swedish type, prepared","Toro, Norway",Norway,0.52,3
21,"Soups, sauces, dressings and salsa","Soup, Pea soup, yellow, prepared","Toro, Norway",Norway,0.63,3
21,"Soups, sauces, dressings and salsa","Soup, potato and leek, cup a soup",Knorr,Denmark,0.07,5
21,"Soups, sauces, dressings and salsa","Soup, Ramen noodle soup, beef flavor, dry",Nissin Top Ramen Noodles,USA,0.41,6
21,"Soups, sauces, dressings and salsa","Soup, tomato, ABC kremet tomatsuppe, prepared","Toro, Norway",Norway,0.14,3
21,"Soups, sauces, dressings and salsa","Soup, tomato, canned, prepared",Campbell`s,Norway,0.29,3
21,"Soups, sauces, dressings and salsa","Soup, tomato, canned, prepared",Heinz,Norway,0.24,3
21,"Soups, sauces, dressings and salsa","Soup, tomato, condensed",Campbell's,USA,0.24,6
21,"Soups, sauces, dressings and salsa","Soup, tomato, cup a soup, prepared",Knorr,Denmark,0.18,5
21,"Soups, sauces, dressings and salsa","Soup, tomato, prepared","Confecta, Norway",Norway,0.07,3
21,"Soups, sauces, dressings and salsa","Soup, tomato, prepared",Knorr,Norway,0.16,3
21,"Soups, sauces, dressings and salsa","Soup, tomato, prepared","Toro, Norway",Norway,0.15,3
21,"Soups, sauces, dressings and salsa","Soup, tomato, Rett i koppen, prepared","Toro, Norway",Norway,0.17,3
21,"Soups, sauces, dressings and salsa","Soup, tomato, Sunny tomato extra, prepared",Knorr,Norway,0.34,3
21,"Soups, sauces, dressings and salsa","Soup, tomato, with macaroni, prepared",First Price,Norway,0.13,3
21,"Soups, sauces, dressings and salsa","Soup, tomato, with mozzarella and herbs, Rett i Koppen, prepared","Toro, Norway",Norway,0.12,3
21,"Soups, sauces, dressings and salsa","Soup, tomtato, Meksikansk tomatsuppe fra guerroro, World menus, prepared","Toro, Norway",Norway,0.16,3
21,"Soups, sauces, dressings and salsa","Spaghetti sauce, prepared","Toro, Norway",Norway,0.31,3
21,"Soups, sauces, dressings and salsa",Sundried tomato paste,"Sacla, Italy",Norway,0.75,3
21,"Soups, sauces, dressings and salsa","Sundried tomatoes, in oil",Eldorado,Norway,1.22,3
21,"Soups, sauces, dressings and salsa","Sundried tomatoes, in oil, chopped",Paradisi,Norway,1.69,3
21,"Soups, sauces, dressings and salsa",Tabasco Brand,Mcllhenny Company,Norway,0.56,3
21,"Soups, sauces, dressings and salsa",Tiptree organic tomato chutney,"Wilkin&Son Ltd, England",Norway,0.35,3
21,"Soups, sauces, dressings and salsa",Tomato ketchup,"Idun, Norway",Norway,0.37,3
21,"Soups, sauces, dressings and salsa",Tomato ketchup,Heinz,Norway,0.33,3
21,"Soups, sauces, dressings and salsa",Tomato ketchup,Heinz,USA,0.41,6
21,"Soups, sauces, dressings and salsa",Tomato ketchup,First Price,Norway,0.19,3
21,"Soups, sauces, dressings and salsa",Tomato ketchup,Store Brand,USA,0.37,6
21,"Soups, sauces, dressings and salsa",Tomato ketchup,Mutti,Norway,0.43,3
21,"Soups, sauces, dressings and salsa",Tomato ketchup,Pølsemaker Bergby,Norway,0.26,3
21,"Soups, sauces, dressings and salsa",Tomato ketchup,Eldorado,Norway,0.77,3
21,"Soups, sauces, dressings and salsa","Tomato ketchup, classico",La BioIdea,Norway,0.53,3
21,"Soups, sauces, dressings and salsa","Tomato ketchup, organic",Heinz,Norway,0.24,3
21,"Soups, sauces, dressings and salsa","Tomato ketchup, orginal",Gourmet Compagniet,Norway,0.14,3
21,"Soups, sauces, dressings and salsa","Tomato ketchup, Red Hot Chili","Idun, Norway",Norway,0.25,3
21,"Soups, sauces, dressings and salsa",Tomato purée,"Diva, Turkey",Norway,1.25,3
21,"Soups, sauces, dressings and salsa",Tomato purée,ICA,Norway,1.25,3
21,"Soups, sauces, dressings and salsa",Tomato purée,Starlands,Norway,1.19,3
21,"Soups, sauces, dressings and salsa",Tomato purée,Landlord,Norway,0.53,3
21,"Soups, sauces, dressings and salsa",Tomato purée,Eldorado,Norway,1.27,3
21,"Soups, sauces, dressings and salsa",Tomato purée,Heinz,Norway,0.96,3
21,"Soups, sauces, dressings and salsa","Tomato purée, canned",Pope,USA,0.42,6
21,"Soups, sauces, dressings and salsa","Tomato purée, canned",Tuttoroso,USA,0.43,6
21,"Soups, sauces, dressings and salsa","Tomato purée, canned",Progresso,USA,0.49,6
21,"Soups, sauces, dressings and salsa","Tomato purée, canned",Contadina,USA,0.4,6
21,"Soups, sauces, dressings and salsa","Tomato purée, canned",Redpack,USA,0.42,6
21,"Soups, sauces, dressings and salsa","Tomato purée, organic",Biona,Norway,0.97,3
21,"Soups, sauces, dressings and salsa",Tomato sauce,"Toro, Norway",Norway,0.2,3
21,"Soups, sauces, dressings and salsa","Tomatoes, with chili, chopped, canned",Eldorado,Norway,0.25,3
21,"Soups, sauces, dressings and salsa","Tomatoes, with garlic, chopped, canned",Eldorado,Norway,0.38,3
21,"Soups, sauces, dressings and salsa","Tomatoes, with sweet basil and oregano, chopped, canned",Eldorado,Norway,0.45,3
21,"Soups, sauces, dressings and salsa",Vinaigrette with sundried tomato,Crown,Norway,0.41,3
21,"Soups, sauces, dressings and salsa","Wok sauce, Indian Curry","Toro, Norway",Norway,0.46,3
21,"Soups, sauces, dressings and salsa","Wok sauce, Red Hot Curry Thailand","Santa Maria, Sweden",Norway,0.41,3
22,Spices and herbs,"A condiment with red pepper and six other spices, dried ground",Japan,Japan,6.08,3
22,Spices and herbs,"Ajwain fruit pods, whole",,Iran,0.94,3
22,Spices and herbs,"Ajwain fruit pods, dried",India,India,28.42,3
22,Spices and herbs,"Allspice, dried ground","Hindu, Norway",Norway,99.28,3
22,Spices and herbs,"Allspice, dried ground","Black Boy, Rieber og søn",Norway,101.52,3
22,Spices and herbs,"Alpine lady's‐mantle, leaves, dried","The Norwegian Crop Research Institute, Norway",Norway,130.36,5
22,Spices and herbs,"Angelica, fresh","The Norwegian Crop Research Institute, Norway",Norway,0.66,5
22,Spices and herbs,"Angelica, leaves, dried","Norsk Øko‐Urt AB, Norway",Norway,25.25,5
22,Spices and herbs,"Angelica, seeds, dried","Norsk Øko‐Urt AB, Norway",Norway,8.66,5
22,Spices and herbs,"Anisisop, leaves, dried","Norsk Øko‐Urt AB, Norway",Norway,33.14,5
22,Spices and herbs,"Ash, young leaves, dried","The Norwegian Crop Research Institute, Norway",Norway,47.78,5
22,Spices and herbs,"Bacon and eggs, flower, dried","The Norwegian Crop Research Institute, Norway",Norway,56.1,5
22,Spices and herbs,Barbeque spicemix,"Santa Maria, Sweden",Norway,1.65,3
22,Spices and herbs,Barbeque spicemix,"Engebretsen AS, Norway",Norway,2.13,3
22,Spices and herbs,"Barberry, bark","The Norwegian Crop Research Institute, Norway",Norway,55.63,5
22,Spices and herbs,"Basil, dried","Gökqehan ,Turkey",Norway,9.86,3
22,Spices and herbs,"Basil, dried","Norsk Øko‐Urt AB, Norway",Norway,28.1,5
22,Spices and herbs,"Basil, dried",,USA,12.31,6
22,Spices and herbs,"Basil, dried","Black Boy, Rieber og søn",Norway,30.86,3
22,Spices and herbs,"Basil, dried",Spice Cargo,Mexico,18.24,3
22,Spices and herbs,"Basil, dried","Natures Treats Australia PTY LTD, Australia",New Zealand,0.49,3
22,Spices and herbs,"Basil, fresh",Norway,Norway,1.12,3
22,Spices and herbs,"Basil, fresh",,Norway,0.67,3
22,Spices and herbs,"Basil, fresh",,USA,0.82,6
22,Spices and herbs,"Bay leaves, dried",Santa Maria,Norway,31.29,3
22,Spices and herbs,"Bay leaves, dried","Black Boy, Rieber og søn",Norway,24.29,3
22,Spices and herbs,"Bay leaves, fresh","Natures Treats Australia PTY LTD, Australia",New Zealand,15.05,3
22,Spices and herbs,"Bearberry (Arctostaphylos uva‐ursi), leaves, dried","The Norwegian Crop Research Institute, Norway",Norway,182.1,5
22,Spices and herbs,"Bee balm (Monarda didyma), flower, dried","Norsk Øko‐Urt AB, Norway",Norway,46.56,5
22,Spices and herbs,"Betonica officinalis, dried","The Norwegian Crop Research Institute, Norway",Norway,9.41,5
22,Spices and herbs,Betterave,Mali,Mali,2.34,3
22,Spices and herbs,"Birch, leaves, dried","Norsk Øko‐Urt AB, Norway",Norway,30.44,5
22,Spices and herbs,"Birch, leaves, fresh",Norway,Norway,26.23,4
22,Spices and herbs,"Birdcherry, flower, dried","The Norwegian Crop Research Institute, Norway",Norway,23.08,5
22,Spices and herbs,"Biting stonecrop, dried","The Norwegian Crop Research Institute, Norway",Norway,11.89,5
22,Spices and herbs,"Blackberry, leaves, dried","The Norwegian Crop Research Institute, Norway",Norway,23.31,5
22,Spices and herbs,"Blackcurrant, leaves, dried","Norsk Øko‐Urt AB, Norway",Norway,97.83,5
22,Spices and herbs,"Calamus root (Acorus calamus), rhizome","The Norwegian Crop Research Institute, Norway",Norway,6.65,5
22,Spices and herbs,"Caper, flower",Turkey,Norway,1.0,3
22,Spices and herbs,"Caper, fruits and stem, Caprons Finos","Cervera, Denmark",Norway,0.84,3
22,Spices and herbs,"Caper, small",Turkey,Norway,0.94,3
22,Spices and herbs,"Car Magaz, whole kernels",Asian Bazaar,Mexico,0.77,3
22,Spices and herbs,"Caraway seeds, dried","Norsk Øko‐Urt AB, Norway",Norway,3.35,5
22,Spices and herbs,"Caraway seeds, dried","Black Boy, Rieber og søn",Norway,4.48,3
22,Spices and herbs,"Cardamom pod, green, whole",India,India,1.85,3
22,Spices and herbs,Cardamom seeds (from green pod),"Roopaks, Ajmal Khan, N. Dehli",India,1.64,3
22,Spices and herbs,"Cardamom seeds, dried",India,India,1.13,3
22,Spices and herbs,"Cardamom seeds, dried","Black Boy, Rieber og søn",Norway,0.48,3
22,Spices and herbs,"Cardamom, dried ground","Engebretsen AS, Norway",Norway,2.35,3
22,Spices and herbs,"Cardamom, dried ground","Santa Maria, Sweden",Norway,1.65,3
22,Spices and herbs,"Cardamom, whole fruit, dried",India,India,1.64,3
22,Spices and herbs,"Cayenne pepper, dried ground",Spice Cargo,Mexico,5.38,3
22,Spices and herbs,"Cayenne pepper, dried ground",Santa Maria,Norway,4.18,3
22,Spices and herbs,"Cayenne pepper, dried ground","Black Boy, Rieber og søn",Norway,5.9,3
22,Spices and herbs,"Celery seeds, whole",Spice Cargo,Mexico,8.17,3
22,Spices and herbs,"Celery, leaves, dried","Norsk Øko‐Urt AB, Norway",Norway,16.91,5
22,Spices and herbs,"Chervil, dried","The Norwegian Crop Research Institute, Norway",Norway,17.67,5
22,Spices and herbs,"Chili, Chile Ancho, dark, whole, dried",Mexico,Mexico,5.09,3
22,Spices and herbs,"Chili, Chile de Arcbol, small red, whole, dried",Mexico,Mexico,3.11,3
22,Spices and herbs,"Chili, Chile Don Piquin, with seeds, crushed, dried",Mexico,Mexico,4.2,3
22,Spices and herbs,"Chili, Chile Guajillo, dark, whole, dried",Mexico,Mexico,2.25,3
22,Spices and herbs,"Chili, Chile Pasilla, dark, whole, dried","Verde Valle, Mexico",Mexico,7.54,3
22,Spices and herbs,"Chili, Chile Pasilla, dark, whole, dried","La Merced, Mexico",Mexico,3.01,3
22,Spices and herbs,"Chili, Chile Piquin, dried ground",,Mexico,1.4,3
22,Spices and herbs,"Chili, Chile, dried ground","La Anita, Mexico",Mexico,7.15,3
22,Spices and herbs,"Chili, dried","Santa Maria, Sweden",Norway,7.63,3
22,Spices and herbs,"Chili, dried ground",Spice Cargo,Mexico,12.21,3
22,Spices and herbs,"Chili, dried ground",Rajah,Norway,7.87,3
22,Spices and herbs,"Chili, dried ground","Engebretsen AS, Norway",Norway,12.15,3
22,Spices and herbs,"Chili, dried ground",USA,USA,8.37,6
22,Spices and herbs,"Chili, dried ground, hot","Hindu, Norway",Norway,5.96,3
22,Spices and herbs,"Chili, dried ground, mexican","Hindu, Norway",Norway,11.86,3
22,Spices and herbs,"Chili, green, whole",Spain,Norway,2.33,3
22,Spices and herbs,"Chili, red with seeds, dried",India,India,2.52,3
22,Spices and herbs,"Chili, red, whole",Spain,Norway,2.92,3
22,Spices and herbs,"Chili, red, whole",,Norway,2.08,3
22,Spices and herbs,"Chili, without seeds, dried",India,India,3.74,3
22,Spices and herbs,"Chives, chopped, dried",Spice Cargo,Mexico,7.8,3
22,Spices and herbs,"Chives, dried","Black Boy, Rieber og søn",Norway,7.11,3
22,Spices and herbs,"Chives, dried","Natures Treats Australia PTY LTD, Australia",New Zealand,2.56,3
22,Spices and herbs,"Chives, dried","Norsk Øko‐Urt AB, Norway",Norway,11.14,5
22,Spices and herbs,"Chives, fresh","BAMA gruppen, Norway",Norway,0.59,3
22,Spices and herbs,"Chives, fresh",,Norway,0.6,3
22,Spices and herbs,"Cinnamon sticks, Cassia vera indo","Natures Treats Australia PTY LTD, Australia",New Zealand,6.84,3
22,Spices and herbs,"Cinnamon, bark, whole",Mexico,Mexico,40.14,3
22,Spices and herbs,"Cinnamon, bark, whole",Asian Bazaar,Mexico,32.61,3
22,Spices and herbs,"Cinnamon, dried ground",India,India,31.64,3
22,Spices and herbs,"Cinnamon, dried ground",Spice Cargo,Mexico,139.89,3
22,Spices and herbs,"Cinnamon, dried ground",,USA,17.65,6
22,Spices and herbs,"Cinnamon, dried ground","Black Boy, Rieber og søn",Norway,53.04,3
22,Spices and herbs,"Cinnamon, dried ground","Engebretsen AS, Norway",Norway,63.27,3
22,Spices and herbs,"Cinnamon, dried ground","Santa Maria, Sweden",Norway,118.69,3
22,Spices and herbs,"Cinnamon, dried ground",Canela Molida,Mexico,114.98,3
22,Spices and herbs,"Cirsium heterohpyllum, leaves, dried","The Norwegian Crop Research Institute, Norway",Norway,38.18,5
22,Spices and herbs,"Clove, dried ground",,USA,125.55,6
22,Spices and herbs,"Clove, dried ground","Black Boy, Rieber og søn",Norway,465.32,3
22,Spices and herbs,"Clove, whole, dried",La Surtidora,Mexico,175.31,3
22,Spices and herbs,"Clove, whole, dried","TRS Wholesale CO, England",Norway,317.96,3
22,Spices and herbs,"Clove, whole, dried","Escosa, Mexico",Mexico,327.77,3
22,Spices and herbs,"Clove, whole, dried",India,India,252.04,3
22,Spices and herbs,"Club‐moss, dried","The Norwegian Crop Research Institute, Norway",Norway,4.56,5
22,Spices and herbs,"Coltsfoot, leaves, dried","The Norwegian Crop Research Institute, Norway",Norway,61.32,5
22,Spices and herbs,"Columbine, Granny's bonnet, dried","The Norwegian Crop Research Institute, Norway",Norway,3.96,5
22,Spices and herbs,"Common alkanet, dried","The Norwegian Crop Research Institute, Norway",Norway,18.37,5
22,Spices and herbs,"Common butterwort, leaves, dried","The Norwegian Crop Research Institute, Norway",Norway,41.93,5
22,Spices and herbs,"Common chickweed, dried","The Norwegian Crop Research Institute, Norway",Norway,5.17,5
22,Spices and herbs,"Common elder, flower, dried","The Norwegian Crop Research Institute, Norway",Norway,24.13,5
22,Spices and herbs,"Common elder, leaves, dried","The Norwegian Crop Research Institute, Norway",Norway,20.36,5
22,Spices and herbs,"Common fumitory, dried","The Norwegian Crop Research Institute, Norway",Norway,25.06,5
22,Spices and herbs,"Common horsetail, dried","The Norwegian Crop Research Institute, Norway",Norway,12.17,5
22,Spices and herbs,"Common mallow, flower and leaves, dried","The Norwegian Crop Research Institute, Norway",Norway,9.06,5
22,Spices and herbs,"Common mallow, flower, dried","Norsk Øko‐Urt AB, Norway",Norway,24.63,5
22,Spices and herbs,"Common mallow, leaves, dried","Norsk Øko‐Urt AB, Norway",Norway,9.2,5
22,Spices and herbs,"Common nettle, stinging nettle, leaves, dried","Norsk Øko‐Urt AB, Norway",Norway,35.23,5
22,Spices and herbs,"Common polypody, rhizome","The Norwegian Crop Research Institute, Norway",Norway,35.42,5
22,Spices and herbs,"Common silver birch, leaves, dried","The Norwegian Crop Research Institute, Norway",Norway,22.07,5
22,Spices and herbs,"Common valerian, flower and leaves, dried","The Norwegian Crop Research Institute, Norway",Norway,24.03,5
22,Spices and herbs,"Condiment with red pepper, dried ground",Japan,Japan,5.23,3
22,Spices and herbs,"Coriander (Dhaniya), dried ground",Rajah,Norway,4.66,3
22,Spices and herbs,Coriander seeds,"Onena Spices, Spain",Norway,0.28,3
22,Spices and herbs,Coriander seeds,Asian Bazaar,Mexico,1.26,3
22,Spices and herbs,"Coriander, leaves, dried","Santa Maria, Sweden",Norway,2.84,3
22,Spices and herbs,"Coriander, leaves, dried","Black Boy, Rieber og søn",Norway,2.1,3
22,Spices and herbs,"Coriander, leaves, fresh","BAMA gruppen, Norway",Norway,1.2,3
22,Spices and herbs,"Coriander, leaves, fresh",Norway,Norway,0.41,3
22,Spices and herbs,"Coriander, seeds, green, dried",India,India,3.49,3
22,Spices and herbs,"Cornflower, dried","The Norwegian Crop Research Institute, Norway",Norway,11.96,5
22,Spices and herbs,"Cornflower, flower, dried","Norsk Øko‐Urt AB, Norway",Norway,8.84,5
22,Spices and herbs,"Creeping jenny (Lysimachia nummularia), leaves, dried","The Norwegian Crop Research Institute, Norway",Norway,31.31,5
22,Spices and herbs,"Cumin, Comino, dried ground",Mexico,Mexico,8.23,3
22,Spices and herbs,"Cumin, dried ground","Black Boy, Rieber og søn",Norway,6.82,3
22,Spices and herbs,"Cumin, dried ground",Spice Cargo,Mexico,9.14,3
22,Spices and herbs,"Cumin, dried ground",Comino Molido,Mexico,10.3,3
22,Spices and herbs,"Cumin, Jerra, dried ground",Rajah,Norway,11.88,3
22,Spices and herbs,"Cumin, seeds, whole, dried","Santa Maria, Sweden",Norway,2.54,3
22,Spices and herbs,"Cumin, whole","Hindu, Norway",Norway,2.45,3
22,Spices and herbs,"Curled parsley, fresh","Hafskjold Gartneri, Norway",Norway,0.34,3
22,Spices and herbs,"Curry, powder",Japan,Japan,10.47,3
22,Spices and herbs,"Curry, powder",Spice Cargo,Mexico,14.92,3
22,Spices and herbs,"Curry, powder",USA,USA,9.98,6
22,Spices and herbs,"Curry, powder","TRS Wholesale CO, England",Norway,10.93,3
22,Spices and herbs,"Curry, powder","Black Boy, Rieber og søn",Norway,13.02,3
22,Spices and herbs,"Curry, powder, Madras, hot, dried ground",Rajah,Norway,6.65,3
22,Spices and herbs,"Curry, powder, Madras, mild, dried ground",Rajah,Norway,7.43,3
22,Spices and herbs,"Curry, powder, Premium, mild, dried ground",Rajah,Norway,4.17,3
22,Spices and herbs,"Dame's violet, dried","The Norwegian Crop Research Institute, Norway",Norway,22.63,5
22,Spices and herbs,"Dandelion, flower, dried","Norsk Øko‐Urt AB, Norway",Norway,12.72,5
22,Spices and herbs,"Dandelion, leaves",Norway,Norway,6.89,4
22,Spices and herbs,"Dandelion, leaves, dried","The Norwegian Crop Research Institute, Norway",Norway,21.07,5
22,Spices and herbs,"Dandelion, root","The Norwegian Crop Research Institute, Norway",Norway,4.91,5
22,Spices and herbs,"Devil's‐bit, dried","The Norwegian Crop Research Institute, Norway",Norway,30.18,5
22,Spices and herbs,"Dill, dried","Norsk Øko‐Urt AB, Norway",Norway,20.23,5
22,Spices and herbs,"Dill, dried","Goutess, GmbH",Norway,24.47,3
22,Spices and herbs,"Dill, dried","Black Boy, Rieber og søn",Norway,15.94,3
22,Spices and herbs,"Dill, dried","Hindu, Norway",Norway,2.79,
22,Spices and herbs,"Dill, dried",Santa Maria,Norway,2.68,
22,Spices and herbs,"Dill, fresh",Norway,Norway,1.39,3
22,Spices and herbs,"Dill, fresh",,Norway,2.18,3
22,Spices and herbs,"Dill, seeds","The Norwegian Crop Research Institute, Norway",Norway,3.37,5
22,Spices and herbs,"Dwarf birch, leaves, dried","The Norwegian Crop Research Institute, Norway",Norway,86.22,5
22,Spices and herbs,"English ivy, leaves, dried","The Norwegian Crop Research Institute, Norway",Norway,27.98,5
22,Spices and herbs,"Estragon, dried","Black Boy, Rieber og søn",Norway,43.31,3
22,Spices and herbs,"Estragon, dried",Santa Maria,Norway,13.63,
22,Spices and herbs,"Estragon, french, leaves, dried","Norsk Øko‐Urt AB, Norway",Norway,43.22,5
22,Spices and herbs,"Estragon, russian, leaves, dried","Norsk Øko‐Urt AB, Norway",Norway,44.75,5
22,Spices and herbs,"European golden rod, dried","The Norwegian Crop Research Institute, Norway",Norway,28.43,5
22,Spices and herbs,"Fakouhoye leaves, dried",Mali,Mali,10.2,3
22,Spices and herbs,"Fennel, leaves, dried","Norsk Øko‐Urt AB, Norway",Norway,18.91,5
22,Spices and herbs,"Fennel, whole seeds, dried","TRS Wholesale CO, England",Norway,5.84,3
22,Spices and herbs,"Fenugreek, seeds",India,India,2.09,3
22,Spices and herbs,"Fenugreek, whole",Asian Bazaar,Mexico,1.67,3
22,Spices and herbs,"Field bindweed, dried","The Norwegian Crop Research Institute, Norway",Norway,17.51,5
22,Spices and herbs,"Field forget‐me‐not, dried","The Norwegian Crop Research Institute, Norway",Norway,28.15,5
22,Spices and herbs,"Field horsetail (Equisetum arvense), leaves, dried","Norsk Øko‐Urt AB, Norway",Norway,9.41,5
22,Spices and herbs,"Field restharrow (Ononis arvensis), root","The Norwegian Crop Research Institute, Norway",Norway,10.15,5
22,Spices and herbs,"Figwort, dried","The Norwegian Crop Research Institute, Norway",Norway,8.69,5
22,Spices and herbs,"Fir clubmoss, dried","The Norwegian Crop Research Institute, Norway",Norway,10.58,5
22,Spices and herbs,"Garden Cat‐mint (Nepeta x faassenii), dried","The Norwegian Crop Research Institute, Norway",Norway,14.18,5
22,Spices and herbs,"Garlic, dried ground",,USA,0.8,6
22,Spices and herbs,"Garlic, dried ground","Black Boy, Rieber og søn",Norway,2.13,3
22,Spices and herbs,"Garlic, dried ground",Rajah,Norway,1.61,3
22,Spices and herbs,"Garlic, dried ground",Spice Cargo,Mexico,0.78,3
22,Spices and herbs,"Garlic, raw paste",Japan,Japan,0.08,3
22,Spices and herbs,Ginger,,Norway,2.79,3
22,Spices and herbs,Ginger,Mali,Mali,3.93,3
22,Spices and herbs,"Ginger (jengibre molido), dried ground",,Mexico,22.19,3
22,Spices and herbs,"Ginger, dried",India,India,11.31,3
22,Spices and herbs,"Ginger, dried ground","Santa Maria, Sweden",Norway,22.12,3
22,Spices and herbs,"Ginger, dried ground","Northwest Delights, USA",Norway,0.86,3
22,Spices and herbs,"Ginger, dried ground",Spice Cargo,Mexico,24.37,3
22,Spices and herbs,"Ginger, dried ground",,USA,21.57,6
22,Spices and herbs,"Ginger, raw paste",Japan,Japan,5.33,3
22,Spices and herbs,"Grass‐of‐Parnasuss (Parnassia palustris), dried","The Norwegian Crop Research Institute, Norway",Norway,52.27,5
22,Spices and herbs,"Greater burdock, root","The Norwegian Crop Research Institute, Norway",Norway,14.26,5
22,Spices and herbs,"Greater plantain, leaves, dried","The Norwegian Crop Research Institute, Norway",Norway,22.03,5
22,Spices and herbs,"Green mint, leaves, dried","Norsk Øko‐Urt AB, Norway",Norway,142.58,5
22,Spices and herbs,"Grey alder (Alnus incana), leaves, dried","The Norwegian Crop Research Institute, Norway",Norway,59.27,5
22,Spices and herbs,"Ground‐ivy (Glechoma hederacea), dried","The Norwegian Crop Research Institute, Norway",Norway,31.72,5
22,Spices and herbs,"Hazel, leaves, dried","The Norwegian Crop Research Institute, Norway",Norway,35.51,5
22,Spices and herbs,"Heather, flower, dried","The Norwegian Crop Research Institute, Norway",Norway,56.98,5
22,Spices and herbs,"Hoary plantain, leaves, dried","The Norwegian Crop Research Institute, Norway",Norway,29.35,5
22,Spices and herbs,"Hollyhock, flower and leaves, dried","The Norwegian Crop Research Institute, Norway",Norway,10.16,5
22,Spices and herbs,"Hop, cone","The Norwegian Crop Research Institute, Norway",Norway,30.96,5
22,Spices and herbs,"Hops, leaves, dried","Norsk Øko‐Urt AB, Norway",Norway,35.28,5
22,Spices and herbs,"Horehound (Marrubium vulgare), dried","The Norwegian Crop Research Institute, Norway",Norway,12.49,5
22,Spices and herbs,"Hound's tongue, leaves, dried","The Norwegian Crop Research Institute, Norway",Norway,32.65,5
22,Spices and herbs,"Houseleek, dried","The Norwegian Crop Research Institute, Norway",Norway,5.24,5
22,Spices and herbs,"Hyssop, flower, dried","Norsk Øko‐Urt AB, Norway",Norway,52.29,5
22,Spices and herbs,"Hyssop, leaves, dried","Norsk Øko‐Urt AB, Norway",Norway,44.9,5
22,Spices and herbs,"Iceland moss (Cetraria islandica), dried","The Norwegian Crop Research Institute, Norway",Norway,0.71,5
22,Spices and herbs,"Imperatoria ostruthium, rhizome","The Norwegian Crop Research Institute, Norway",Norway,27.56,5
22,Spices and herbs,"Jalapeño Pepper, dried","Black Boy, Rieber og søn",Norway,8.25,3
22,Spices and herbs,"Japanese pepper, dried ground",Japan,Japan,36.92,3
22,Spices and herbs,"Japanese rose, Ramanas rose, fruit shell, dried","The Norwegian Crop Research Institute, Norway",Norway,58.66,5
22,Spices and herbs,"Juniper berries, blue, dried","The Norwegian Crop Research Institute, Norway",Norway,19.29,5
22,Spices and herbs,"Juniper berries, coniferous litter, dried","The Norwegian Crop Research Institute, Norway",Norway,76.77,5
22,Spices and herbs,"Juniper berries, dried","Norsk Øko‐Urt AB, Norway",Norway,8.89,5
22,Spices and herbs,"Juniper berries, dried","Black Boy, Rieber og søn",Norway,9.27,3
22,Spices and herbs,"Juniper berries, green, dried","Norsk Øko‐Urt BA, Norway",Norway,8.42,5
22,Spices and herbs,"Juniper berries, green, dried","The Norwegian Crop Research Institute, Norway",Norway,80.26,5
22,Spices and herbs,"Kaloonji, whole seeds, dried","Ashiq Cash&Carry, England",Norway,1.02,3
22,Spices and herbs,"Knotgrass, dried","The Norwegian Crop Research Institute, Norway",Norway,16.62,5
22,Spices and herbs,"Lady's bedstraw, dried","The Norwegian Crop Research Institute, Norway",Norway,9.9,5
22,Spices and herbs,"Lady's mantle, leaves, dried","Norsk Øko‐Urt AB, Norway",Norway,43.31,5
22,Spices and herbs,"Lady's mantle, leaves, dried","The Norwegian Crop Research Institute, Norway",Norway,24.99,5
22,Spices and herbs,"Lavender, leaves and flower, dried","Norsk Øko‐Urt AB, Norway",Norway,29.61,5
22,Spices and herbs,"Lemon balm (Melissa officinalis), leaves, fresh",Norway,Norway,1.32,3
22,Spices and herbs,"Lemon balm, leaves, dried","Norsk Øko‐Urt AB, Norway",Norway,125.33,5
22,Spices and herbs,Lemon pepper,Santa Maria,Norway,0.66,
22,Spices and herbs,Lemon pepper,"Hindu, Norway",Norway,1.0,
22,Spices and herbs,"Lemon thyme, leaves and flower, dried","Norsk Øko‐Urt AB, Norway",Norway,92.18,5
22,Spices and herbs,"Lemon thyme, leaves, dried","Norsk Øko‐Urt AB, Norway",Norway,9.22,5
22,Spices and herbs,"Liquorice, sweet‐root, root and rhizome","The Norwegian Crop Research Institute, Norway",Norway,2.71,5
22,Spices and herbs,"Lovage (Levisticum officinale), leaves, dried","The Norwegian Crop Research Institute, Norway",Norway,23.7,5
22,Spices and herbs,"Lovage (Levisticum officinale), leaves, dried","Norsk Øko‐Urt AB, Norway",Norway,36.17,5
22,Spices and herbs,"Maghaj, dried",India,India,0.27,3
22,Spices and herbs,"Maral Root (Leuzea carthamoides), leaves, dried","The Norwegian Crop Research Institute, Norway",Norway,69.57,5
22,Spices and herbs,"Marigold (Calendula officinalis), flower and leaves, dried","The Norwegian Crop Research Institute, Norway",Norway,9.83,5
22,Spices and herbs,"Meadowsweet (Filipendula ulmaria), dried","The Norwegian Crop Research Institute, Norway",Norway,154.05,5
22,Spices and herbs,"Meadowsweet (Filipendula ulmaria), flower and leaves, dried","The Norwegian Crop Research Institute, Norway",Norway,117.77,5
22,Spices and herbs,"Meadowsweet (Filipendula ulmaria), flower, dried","Norsk Øko‐Urt AB, Norway",Norway,167.82,5
22,Spices and herbs,"Meadowsweet (Filipendula ulmaria), leaves, dried","Norsk Øko‐Urt AB, Norway",Norway,111.3,5
22,Spices and herbs,"Merian, dried","Santa Maria, Sweden",Norway,53.92,3
22,Spices and herbs,"Mint, dried","Onena Spices, Spain",Norway,71.95,3
22,Spices and herbs,"Mint, Mentha spicata, fresh",,Norway,1.27,3
22,Spices and herbs,"Motherworth (Leonurus cardiaca), dried","The Norwegian Crop Research Institute, Norway",Norway,13.19,5
22,Spices and herbs,"Mugwort, dried","The Norwegian Crop Research Institute, Norway",Norway,23.79,5
22,Spices and herbs,"Mullein, flower, dried","The Norwegian Crop Research Institute, Norway",Norway,37.71,5
22,Spices and herbs,Mustard powder,Spice Cargo,Mexico,10.3,3
22,Spices and herbs,Mustard powder,Colman's,Norway,10.39,3
22,Spices and herbs,"Mustard seed, yellow, ground",,USA,10.53,6
22,Spices and herbs,Mustard seeds,India,India,3.78,3
22,Spices and herbs,"Mustard seeds, brown, whole",Asian Bazaar,Mexico,6.7,3
22,Spices and herbs,"Mustard seeds, ground",Mexico,Mexico,9.44,3
22,Spices and herbs,"Mustard seeds, yellow, whole",Asian Bazaar,Mexico,7.52,3
22,Spices and herbs,"Nettle, White Deaed, dried","The Norwegian Crop Research Institute, Norway",Norway,18.21,5
22,Spices and herbs,"Northern dock, dried","The Norwegian Crop Research Institute, Norway",Norway,43.61,5
22,Spices and herbs,"Northern dock, root","The Norwegian Crop Research Institute, Norway",Norway,56.69,5
22,Spices and herbs,"Nutmeg (Jalwatri), dried","Roopaks, Ajmal Khan, N. Dehli",India,19.42,3
22,Spices and herbs,"Nutmeg, dried",India,India,33.0,3
22,Spices and herbs,"Nutmeg, dried ground","Black Boy, Rieber og søn",Norway,20.32,3
22,Spices and herbs,"Nutmeg, dried ground",Mexico,Mexico,43.52,3
22,Spices and herbs,"Nutmeg, whole, dried","Jaifal, England",Norway,15.83,3
22,Spices and herbs,"Onion, dried ground",,USA,0.95,6
22,Spices and herbs,"Oregano (oregano entero), dried",La Surtidora,Mexico,73.77,3
22,Spices and herbs,"Oregano, dried",,USA,40.3,6
22,Spices and herbs,"Oregano, dried",Greece,Norway,45.58,3
22,Spices and herbs,"Oregano, dried","Norsk Øko‐Urt AB, Norway",Norway,89.51,5
22,Spices and herbs,"Oregano, dried",Mexico,Mexico,47.64,3
22,Spices and herbs,"Oregano, dried","Gökqehan, Turkey",Norway,96.64,3
22,Spices and herbs,"Oregano, dried","Hindu, Norway",Norway,48.02,3
22,Spices and herbs,"Oregano, dried","Black Boy, Rieber og søn",Norway,44.99,3
22,Spices and herbs,"Oregano, dried",Santa Maria,Norway,21.42,
22,Spices and herbs,"Oregano, dried",McCormick,Mexico,82.61,3
22,Spices and herbs,"Oregano, fresh",Norway,Norway,3.75,3
22,Spices and herbs,"Oregano, fresh","Gartner, BAMA, Norway",Norway,3.81,3
22,Spices and herbs,"Orpine (Sedum telephium), rhizome","The Norwegian Crop Research Institute, Norway",Norway,57.83,5
22,Spices and herbs,"Paprika (powder), dried ground",Rajah,Norway,6.78,3
22,Spices and herbs,"Paprika (powder), dried ground",,USA,8.6,6
22,Spices and herbs,"Paprika (powder), dried ground","Santa Maria, Sweden",Norway,5.93,3
22,Spices and herbs,"Paprika (powder), dried ground",Paprika Molido,Mexico,7.44,3
22,Spices and herbs,"Paprika (powder), dried ground","Engebretsen AS, Norway",Norway,8.08,3
22,Spices and herbs,"Paprika, (powder), dried ground","Black Boy, Rieber og søn",Norway,5.59,3
22,Spices and herbs,"Paprika, (powder), red, dried ground",Spice Cargo,Mexico,5.75,3
22,Spices and herbs,"Parsely, big leaves, fresh","Linnes gård, Norway",Norway,1.93,3
22,Spices and herbs,Parsley,Mali,Mali,1.12,3
22,Spices and herbs,Parsley,Norway,Norway,0.86,3
22,Spices and herbs,Parsley,Sweden,Norway,1.22,5
22,Spices and herbs,Parsley,Lier,Norway,2.0,3
22,Spices and herbs,"Parsley, big leaves, fresh",Sweden,Norway,2.03,5
22,Spices and herbs,"Parsley, dried","Hindu, Norway",Norway,3.72,
22,Spices and herbs,"Parsley, dried",,USA,7.43,6
22,Spices and herbs,"Parsley, dried","Norsk Øko‐Urt AB, Norway",Norway,10.09,5
22,Spices and herbs,"Parsley, dried","Black Boy, Rieber og søn",Norway,3.64,3
22,Spices and herbs,"Parsley, dried",Santa Maria,Norway,3.81,
22,Spices and herbs,"Parsley, dried",Spice Cargo,Mexico,8.23,3
22,Spices and herbs,"Pepper (pimenta dulce molida), dried ground",McCormick,Mexico,50.96,3
22,Spices and herbs,"Pepper, black (pimenta negra molida), dried ground",La Surtidora,Mexico,5.08,3
22,Spices and herbs,"Pepper, black, dried ground",Spice Cargo,Mexico,6.68,3
22,Spices and herbs,"Pepper, black, dried ground",Rajah,Norway,6.65,3
22,Spices and herbs,"Pepper, black, dried ground","Black Boy, Rieber og søn",Norway,8.71,3
22,Spices and herbs,"Pepper, black, dried ground",,USA,4.54,6
22,Spices and herbs,"Pepper, black, whole, dried",India,India,4.15,3
22,Spices and herbs,"Pepper, black, whole, dried",,USA,4.34,6
22,Spices and herbs,"Pepper, dark green ""berries"" on the stem, fresh",Thailand,Norway,0.26,3
22,Spices and herbs,"Pepper, green ""berries"" on the stem, fresh",Thailand,Norway,0.46,3
22,Spices and herbs,"Pepper, white, dried ground",Santa Maria,Norway,3.92,3
22,Spices and herbs,"Pepper, white, dried ground",Rajah,Norway,5.02,3
22,Spices and herbs,"Pepper, white, whole","Roopaks, Ajmal Khan, N. Dehli",India,3.49,3
22,Spices and herbs,"Peppermint, leaves, dried","Norsk Øko‐Urt AB, Norway",Norway,160.82,5
22,Spices and herbs,"Pepperwort, garden cress, fresh",,Norway,2.42,3
22,Spices and herbs,"Perforate St. John's wort, flower and leaves, dried","The Norwegian Crop Research Institute, Norway",Norway,54.37,5
22,Spices and herbs,"Piffi, dried ground","Engebretsen AS, Norway",Norway,0.61,3
22,Spices and herbs,"Piri Piri, dried ground",Santa Maria,Norway,9.39,3
22,Spices and herbs,"Piri‐piri, dried","Black Boy, Rieber og søn",Norway,6.51,3
22,Spices and herbs,"Pot marigold, flower, dried","Norsk Øko‐Urt AB, Norway",Norway,11.47,5
22,Spices and herbs,"Purple Coneflower, flower and leaves, dried","Norsk Øko‐Urt AB, Norway",Norway,16.09,5
22,Spices and herbs,"Purple Loosestrife (Lythrum salicaria), flower and leaves, dried","The Norwegian Crop Research Institute, Norway",Norway,111.04,5
22,Spices and herbs,"Quack grass, rootstock (Elytrigia repens, rhizome)","The Norwegian Crop Research Institute, Norway",Norway,0.88,5
22,Spices and herbs,"Rai, dried",India,India,2.84,3
22,Spices and herbs,"Raspberry, leaves, dried","Norsk Øko‐Urt AB, Norway",Norway,46.89,5
22,Spices and herbs,"Raspberry, leaves, dried","The Norwegian Crop Research Institute, Norway",Norway,32.56,5
22,Spices and herbs,"Raspberry, leaves, fresh",Norway,Norway,21.36,4
22,Spices and herbs,"Red clover, flower, dried","Norsk Øko‐Urt AB, Norway",Norway,39.92,5
22,Spices and herbs,"Red wortleberries, leaves, dried","The Norwegian Crop Research Institute, Norway",Norway,102.07,5
22,Spices and herbs,"Red‐berried elder, leaves, dried","The Norwegian Crop Research Institute, Norway",Norway,56.66,5
22,Spices and herbs,"Ribwort, leaves, dried","The Norwegian Crop Research Institute, Norway",Norway,34.81,5
22,Spices and herbs,"Rose, flower, dried","Norsk Øko‐Urt AB, Norway",Norway,153.9,5
22,Spices and herbs,"Rose‐bay, leaves, dried","Norsk Øko‐Urt AB, Norway",Norway,101.33,5
22,Spices and herbs,"Rose‐bay, willow herb flower, dried","Norsk Øko‐Urt AB, Norway",Norway,93.48,5
22,Spices and herbs,"Rose‐bay, willow herb, flower and leaves, dried","The Norwegian Crop Research Institute, Norway",Norway,120.99,5
22,Spices and herbs,"Rosemary, dried","Hindu, Norway",Norway,35.81,3
22,Spices and herbs,"Rosemary, dried","Black Boy, Rieber og søn",Norway,66.92,3
22,Spices and herbs,"Rosemary, fresh",Norway,Norway,5.64,3
22,Spices and herbs,"Rosemary, fresh leaves","Gartner, BAMA, Norway",Norway,11.07,3
22,Spices and herbs,"Rosemary, fresh leaves","BAMA gruppen, Norway",Norway,6.34,3
22,Spices and herbs,"Rosemary, leaves, dried","Norsk Øko‐Urt AB, Norway",Norway,56.95,5
22,Spices and herbs,"Rosemary, leaves, dried",Spice Cargo,Mexico,39.99,3
22,Spices and herbs,"Rosemary, leaves, dried","Gökqehan, Turkey",Norway,24.34,3
22,Spices and herbs,"Roseroot, fresh","The Norwegian Crop Research Institute, Norway",Norway,5.63,5
22,Spices and herbs,"Saffron, Balaji, dried ground",Delhi Keshar co.,India,23.83,3
22,Spices and herbs,"Saffron, dried ground","Roopaks, Ajmal Khan, N. Dehli",India,61.72,3
22,Spices and herbs,"Saffron, dried ground","Gaea, Greece",Norway,47.83,3
22,Spices and herbs,"Saffron, stigma",Mexico,Mexico,7.02,3
22,Spices and herbs,"Saffron, stigma","Carmencita, Spain",Norway,24.83,3
22,Spices and herbs,"Saffron, stigma","Bahraman Saffron, Iran",Iran,20.58,3
22,Spices and herbs,"Sage, dried","Hindu, Norway",Norway,34.88,3
22,Spices and herbs,"Sage, dried",Spice Cargo,Mexico,58.8,3
22,Spices and herbs,"Sage, leaves, dried","Norsk Øko‐Urt AB, Norway",Norway,39.36,5
22,Spices and herbs,"Sanguisorba officinalis, dried","The Norwegian Crop Research Institute, Norway",Norway,33.37,5
22,Spices and herbs,"Saunf, big, dried",India,India,7.09,3
22,Spices and herbs,"Saunf, small, dried",India,India,6.46,3
22,Spices and herbs,"Scented mayweed, flower, dried","Norsk Øko‐Urt AB, Norway",Norway,16.63,5
22,Spices and herbs,"Shah jerra, dried","Roopaks, Ajmal Khan, N. Dehli",India,5.34,3
22,Spices and herbs,"Shepherd's purse, dried","The Norwegian Crop Research Institute, Norway",Norway,5.52,5
22,Spices and herbs,"Silverweed, dried","The Norwegian Crop Research Institute, Norway",Norway,35.79,5
22,Spices and herbs,"Small‐leaved lime, flower, dried","The Norwegian Crop Research Institute, Norway",Norway,34.83,5
22,Spices and herbs,"Somage, dried ground",Iran,Iran,85.58,3
22,Spices and herbs,"Sorrel, leaves, dried","The Norwegian Crop Research Institute, Norway",Norway,19.52,5
22,Spices and herbs,"Sorrel, Wood (Oxalis acetosella), dried","The Norwegian Crop Research Institute, Norway",Norway,6.54,5
22,Spices and herbs,"Southernwood, flower, stem and leaves, dried","The Norwegian Crop Research Institute, Norway",Norway,34.88,5
22,Spices and herbs,"Spanish chervil, leaves, dried","Norsk Øko‐Urt AB, Norway",Norway,54.96,5
22,Spices and herbs,"Speedwell, dried","The Norwegian Crop Research Institute, Norway",Norway,94.79,5
22,Spices and herbs,"Spice mix, Kjøkkensjef Natvigs","Black Boy, Rieber og søn",Norway,0.39,
22,Spices and herbs,"Spice mix, Aromat",Knorr,Norway,0.27,
22,Spices and herbs,"Spice mix, Gastromat","Gastromat A/S, Norway",Norway,0.6,
22,Spices and herbs,"Spicemix, taco","ICA, Sweden",Norway,2.63,3
22,Spices and herbs,"Spicemix, taco, original, TexMex","Santa Maria, Sweden",Norway,4.11,3
22,Spices and herbs,"Spicemix, tacos",Old El Paso,Norway,3.8,3
22,Spices and herbs,"Spruce, leaves, dried","Norsk Øko‐Urt AB, Norway",Norway,29.31,5
22,Spices and herbs,"St. John's wort, flower and leaves, dried","The Norwegian Crop Research Institute, Norway",Norway,72.16,5
22,Spices and herbs,"Star anise, dried",India,India,11.3,3
22,Spices and herbs,"Stevia Drypp, juice from fermented leaves",Medurt Pharma,Norway,3.28,
22,Spices and herbs,"Stevia rebaudiana, dried leaves",Medurt Pharma,Norway,63.55,
22,Spices and herbs,"Stevia rebaudiana, fermented leaves",Medurt Pharma,Norway,3.17,
22,Spices and herbs,"Stevia rebaudiana, leaves",Medurt Pharma,Norway,6.27,
22,Spices and herbs,"Stevia rebaudiana, leaves",,Norway,14.25,4
22,Spices and herbs,"Stinging nettle, dried","The Norwegian Crop Research Institute, Norway",Norway,13.09,5
22,Spices and herbs,"Stinging nettle, leaves",Norway,Norway,3.66,4
22,Spices and herbs,"Sugar kelp, dried, Kombu Royal",Iceland,Iceland,0.26,
22,Spices and herbs,"Summac, dried ground","Khater Spice, Lebanon",Norway,42.36,3
22,Spices and herbs,"Summer savory, leaves and flower, dried","Norsk Øko‐Urt AB, Norway",Norway,59.66,5
22,Spices and herbs,"Sundew (Drosera angelica), dried","The Norwegian Crop Research Institute, Norway",Norway,79.02,5
22,Spices and herbs,"Sundew (Drosera rotundifolia), dried","The Norwegian Crop Research Institute, Norway",Norway,85.97,5
22,Spices and herbs,"Sweet marjoram, leaves, dried","Norsk Øko‐Urt AB, Norway",Norway,92.31,5
22,Spices and herbs,Tamarind,India,India,3.5,3
22,Spices and herbs,"Tansy, flower, dried","The Norwegian Crop Research Institute, Norway",Norway,30.71,5
22,Spices and herbs,"Tej Pata (bay leaves), dried",India,India,18.54,3
22,Spices and herbs,"Thribi, dried",Greece,Norway,42.56,3
22,Spices and herbs,"Thyme, dried","Black Boy, Rieber og søn",Norway,63.75,3
22,Spices and herbs,"Thyme, dried",Greece,Norway,42.0,3
22,Spices and herbs,"Thyme, dried","Norsk Øko‐Urt AB, Norway",Norway,63.13,5
22,Spices and herbs,"Thyme, fresh",Norway,Norway,2.16,3
22,Spices and herbs,"Thyme, fresh leaves","Gartner, BAMA, Norway",Norway,2.65,3
22,Spices and herbs,"Thyme, fresh leaves","BAMA gruppen, Norway",Norway,1.46,3
22,Spices and herbs,"Trembling poplar, Aspen, leaves, dried","The Norwegian Crop Research Institute, Norway",Norway,26.65,5
22,Spices and herbs,"Turmeric, dried ground",,USA,15.68,6
22,Spices and herbs,"Turmeric, dried ground","Black Boy, Rieber og søn",Norway,10.25,3
22,Spices and herbs,"Turmeric, dried ground",Rajah,Norway,10.92,3
22,Spices and herbs,"Turmeric, dried ground","Unifood, India",Norway,10.55,3
22,Spices and herbs,"Turmeric, dried ground",Spice Cargo,Mexico,15.63,3
22,Spices and herbs,"Turmeric, Haldi, dried ground",Rajah,Norway,11.83,3
22,Spices and herbs,"Turmeric, whole, dried",India,India,13.6,3
22,Spices and herbs,"Vanilla pod, seeds from pod","Onena Spices, Spain",Norway,3.73,3
22,Spices and herbs,"Vanilla pod, seeds from pod","Tørsleffs, Haugen‐ gruppen",Norway,5.15,3
22,Spices and herbs,"Vanilla pod, whole with seeds","Onena Spices, Spain",Norway,7.13,3
22,Spices and herbs,"Vanilla pod, whole with seeds","Tørsleffs, Haugen‐ gruppen",Norway,7.38,3
22,Spices and herbs,"Vanilla pod, whole with seeds","Black Boy, Rieber og søn",Norway,7.16,3
22,Spices and herbs,"Vanilla pod, without seeds","Black Boy, Rieber og søn",Norway,10.09,3
22,Spices and herbs,"Vanilla pod, without seeds","Onena Spices, Spain",Norway,8.69,3
22,Spices and herbs,"Vanilla pod, without seeds","Tørsleffs, Haugen‐ gruppen",Norway,8.5,3
22,Spices and herbs,"Vanilla, seeds from pod","Black Boy, Rieber og søn",Norway,2.59,3
22,Spices and herbs,"Viola canina, leaves, dried","The Norwegian Crop Research Institute, Norway",Norway,12.9,5
22,Spices and herbs,"Wall germander (Teucrium chamaedrys), dried","The Norwegian Crop Research Institute, Norway",Norway,48.14,5
22,Spices and herbs,"Wasabi, paste",Japan,Japan,0.11,3
22,Spices and herbs,"Wild marjoram, leaves, dried","Norsk Øko‐Urt AB, Norway",Norway,131.92,5
22,Spices and herbs,"Wild marjoram, leaves, dried","The Norwegian Crop Research Institute, Norway",Norway,142.86,5
22,Spices and herbs,"Woodland geranium (Geranium sylvaticum), dried","The Norwegian Crop Research Institute, Norway",Norway,113.27,5
22,Spices and herbs,"Wormwood, absinth, dried","The Norwegian Crop Research Institute, Norway",Norway,10.42,5
22,Spices and herbs,"Wych elm, leaves, dried","The Norwegian Crop Research Institute, Norway",Norway,15.65,5
22,Spices and herbs,"Yarrow, flower and leaves, dried","The Norwegian Crop Research Institute, Norway",Norway,31.66,5
22,Spices and herbs,"Yarrow, flower, dried","Norsk Øko‐Urt AB, Norway",Norway,18.61,5
22,Spices and herbs,"Yellow Loosestrife (Lysimacha vulgaris), leaves, dried","The Norwegian Crop Research Institute, Norway",Norway,72.96,5
22,Spices and herbs,"Yellow sweet clover, flower and leaves, dried","The Norwegian Crop Research Institute, Norway",Norway,5.14,5
23,Vegetables,Alfa sprouts,Natural Spirer,Norway,0.14,3
23,Vegetables,Artichoke,Italy,Norway,0.69,3
23,Vegetables,"Artichoke, boiled",Other Brand,USA,3.89,6
23,Vegetables,"Artichoke, boiled",Ocean Mist,USA,4.54,6
23,Vegetables,"Artichoke, brine pack",Delallo,USA,3.36,6
23,Vegetables,"Artichoke, canned","Mario's, Spain",Norway,4.76,3
23,Vegetables,"Artichoke, leaves",Italy,Norway,1.66,3
23,Vegetables,"Artichoke, microwaved",Ocean Mist,USA,4.69,6
23,Vegetables,"Artichoke, water pack",Progresso,USA,4.32,6
23,Vegetables,Asparagus,,USA,0.36,6
23,Vegetables,Asparagus,"Agro Paracas, Peru",Norway,0.85,3
23,Vegetables,"Asparagus bean, frozen","Hakon, Norway",Norway,0.34,3
23,Vegetables,"Asparagus bean, frozen, cooked","Hakon, Norway",Norway,0.24,3
23,Vegetables,"Asparagus, cooked",,USA,0.75,6
23,Vegetables,Aubergine,Netherlands,Norway,0.25,3
23,Vegetables,Aubergine,Mali,Mali,0.07,3
23,Vegetables,Aubergine,Italy,Norway,0.18,3
23,Vegetables,"Aubergine, native, red",Mali,Mali,0.17,3
23,Vegetables,"Aubergine, native, white",Mali,Mali,0.07,3
23,Vegetables,Avocado,,USA,0.41,"1, 6"
23,Vegetables,Avocado,,Norway,0.44,"1, 3"
23,Vegetables,Baby carrots,,USA,0.04,6
23,Vegetables,"Beans with tomato sauce, canned","Diva, Italy",Norway,0.16,3
23,Vegetables,Beet (beetroot),Norway,Norway,1.68,3
23,Vegetables,Beet (beetroot),"Finstad Gård, Sande, Norway",Norway,1.41,3
23,Vegetables,Broccoli,,Norway,0.85,3
23,Vegetables,Broccoli,,USA,0.25,6
23,Vegetables,Broccoli,Spain,Norway,0.68,3
23,Vegetables,Broccoli,Sweden,Norway,0.3,3
23,Vegetables,Broccoli raab,,USA,0.65,6
23,Vegetables,"Broccoli raab, cooked",,USA,0.97,6
23,Vegetables,"Broccoli, cooked",,Norway,0.91,3
23,Vegetables,"Broccoli, cooked",,USA,1.0,6
23,Vegetables,"Brussels sprout, Content",Norwegian University of Life Sciences,Norway,0.74,5
23,Vegetables,Brussels sprouts,"BAMA gruppen, Holland",Norway,0.89,3
23,Vegetables,Brussels sprouts,,Norway,1.33,3
23,Vegetables,Cabbage,Norway,Norway,0.15,3
23,Vegetables,Cabbage,,USA,0.1,6
23,Vegetables,Cabbage,Mali,Mali,0.02,3
23,Vegetables,"Cabbage, cooked",,USA,0.45,6
23,Vegetables,"Cabbage, Lady",Norwegian University of Life Sciences,Norway,0.1,5
23,Vegetables,"Cabbage, red",Norway,Norway,1.78,3
23,Vegetables,"Cabbage, red",,USA,0.8,6
23,Vegetables,"Cabbage, red",Dole,Norway,1.61,5
23,Vegetables,"Cabbage, red, Autoro",Norwegian University of Life Sciences,Norway,2.09,5
23,Vegetables,"Cabbage, red, cooked",,USA,2.15,6
23,Vegetables,"Cabbage, red, from packaged Classic Iceberg salad, chopped",Dole,Norway,1.05,5
23,Vegetables,Cantaloupe,,USA,0.25,6
23,Vegetables,Carrot drink,Eckes‐Granini,Norway,0.28,3
23,Vegetables,Carrot juice,"Bræmhults, Sweden",Norway,0.06,3
23,Vegetables,Carrots,Dole,Norway,0.06,5
23,Vegetables,Carrots,Sweden,Sweden,0.09,5
23,Vegetables,Carrots,Mali,Mali,0.02,3
23,Vegetables,Carrots,,USA,0.03,6
23,Vegetables,"Carrots, cooked",,USA,0.1,6
23,Vegetables,"Carrots, cut, frozen",Birds Eye,USA,0.05,6
23,Vegetables,"Carrots, cut, frozen",Store Brand,USA,0.06,6
23,Vegetables,"Carrots, cut, frozen, boiled",Store Brand,USA,0.07,6
23,Vegetables,"Carrots, cut, frozen, microwaved",Store Brand,USA,0.08,6
23,Vegetables,"Carrots, from packaged Classic Iceberg salad, chopped",Dole,Norway,0.02,5
23,Vegetables,"Carrots, frozen",Birds Eye,USA,0.07,6
23,Vegetables,"Carrots, frozen",Store Brand,USA,0.07,6
23,Vegetables,"Carrots, frozen, boiled",Store Brand,USA,0.07,6
23,Vegetables,"Carrots, frozen, boiled",Birds Eye,USA,0.08,6
23,Vegetables,"Carrots, frozen, microwaved",Store Brand,USA,0.08,6
23,Vegetables,"Carrots, frozen, microwaved",Birds Eye,USA,0.09,6
23,Vegetables,"Carrots, Nantes Duke",Norwegian University of Life Sciences,Norway,0.05,5
23,Vegetables,"Carrots, red, in syrup","Roopaks, Ajmal Khan, N. Dehli",India,0.15,3
23,Vegetables,"Carrots, Yukon",Norwegian University of Life Sciences,Norway,0.06,5
23,Vegetables,Cassava,Mali,Mali,0.17,3
23,Vegetables,Cauliflower,"Latorre, Spain",Norway,0.35,3
23,Vegetables,Cauliflower,,Norway,0.33,3
23,Vegetables,"Cauliflower, Alverda",Norwegian University of Life Sciences,Norway,0.22,5
23,Vegetables,"Cauliflower, blue",Grafitti,Norway,3.33,3
23,Vegetables,"Cauliflower, blue, cooked",Grafitti,Norway,3.52,3
23,Vegetables,"Cauliflower, boiled",,Norway,0.8,3
23,Vegetables,"Cauliflower, Freemont",Norwegian University of Life Sciences,Norway,0.13,5
23,Vegetables,"Celeriac, turnip‐rooted celery",Sweden,Norway,0.1,3
23,Vegetables,Celery,,USA,0.06,6
23,Vegetables,Celery,Mali,Mali,0.81,3
23,Vegetables,"Celery, blanched","Carmel, Israel",Norway,0.0,3
23,Vegetables,Chinese cabbage,"FRUPOR, Portugal",Norway,0.33,3
23,Vegetables,Chinese cabbage,Norway,Norway,0.47,3
23,Vegetables,Chinese cabbage,"Norgesfrukt, Norway",Norway,0.56,3
23,Vegetables,Courgettes,Mali,Mali,0.03,3
23,Vegetables,Cucumber,Mali,Mali,0.02,3
23,Vegetables,Cucumber,,USA,0.04,6
23,Vegetables,Cucumber (Cucumis sativus),Norwegian University of Life Sciences,Norway,0.04,5
23,Vegetables,Cucumber (Cucumis sativus),Norway,Norway,0.04,3
23,Vegetables,Cucumber pickles,Sweets Favorite,USA,0.28,3
23,Vegetables,"Cucumber pickles, whole","Nora, Stabburet, Norway",Norway,0.08,3
23,Vegetables,"Cucumber, small, russian","Øivind Sten, Norway",Norway,0.09,3
23,Vegetables,"Cucumber, without peel",,USA,0.02,6
23,Vegetables,Curly kale,,Norway,1.62,3
23,Vegetables,Curly kale,Sweden,Sweden,2.68,5
23,Vegetables,"Curly kale, Bornick",Norwegian University of Life Sciences,Norway,2.65,5
23,Vegetables,"Curly kale, red",Sweden,Sweden,4.09,5
23,Vegetables,Edible mushroom (Agaricus bisporus/champignon),,Norway,0.9,3
23,Vegetables,"Edible mushroom (Agaricus bisporus/champignon), canned",Diva,Norway,0.23,3
23,Vegetables,Fennel,Netherlands,Norway,0.07,3
23,Vegetables,"French fried potatoes, frozen, cooked, steak fries",Ore Ida,USA,0.27,6
23,Vegetables,"French fried potatoes, frozen, crinkle cut",Ore Ida,USA,0.26,6
23,Vegetables,"French fried potatoes, frozen, crinkle cut",Store or Other Brand,USA,0.27,6
23,Vegetables,"French fried potatoes, frozen, crinkle cut, cooked",Ore Ida,USA,0.22,6
23,Vegetables,"French fried potatoes, frozen, crinkle cut, cooked",Store or Other Brand,USA,0.25,6
23,Vegetables,"French fried potatoes, frozen, shoestring",Store or Other Brand,USA,0.26,6
23,Vegetables,"French fried potatoes, frozen, shoestring",Ore Ida,USA,0.38,6
23,Vegetables,"French fried potatoes, frozen, shoestring , cooked",Ore Ida,USA,0.34,6
23,Vegetables,"French fried potatoes, frozen, shoestring, cooked",Store or Other Brand,USA,0.31,6
23,Vegetables,"French fried potatoes, frozen, steak fries",Store or Other Brand,USA,0.23,6
23,Vegetables,"French fried potatoes, frozen, steak fries, cooked",Store or Other Brand,USA,0.21,6
23,Vegetables,"French fried potatoes, frozen, tater tots",Store or Other Brand,USA,0.28,6
23,Vegetables,"French fried potatoes, frozen, tater tots, cooked",Store or Other Brand,USA,0.22,6
23,Vegetables,"French fried potatoes, frozen, tater tots, seasoned shredded potatoes",Ore Ida,USA,0.1,6
23,Vegetables,"French fried potatoes, frozen, tater tots, seasoned shredded potatoes, cooked",Ore Ida,USA,0.13,6
23,Vegetables,"French fried potatoes, steak fries",Ore Ida,USA,0.26,6
23,Vegetables,French fries,McDonald's,Norway,0.43,3
23,Vegetables,French fries,"Hakon, Norway",Norway,0.2,3
23,Vegetables,French fries,McDonald's,USA,0.33,6
23,Vegetables,French fries,Burger King,USA,0.34,6
23,Vegetables,"French frites, light","Hoff Norske Potetindustrier, Norway",Norway,0.16,3
23,Vegetables,French toast sticks,Burger King,USA,0.19,6
23,Vegetables,Garlic,,Norway,0.22,3
23,Vegetables,Garlic,Sweden,Norway,0.06,3
23,Vegetables,Garlic,Mali,Mali,0.21,3
23,Vegetables,Garlic,Netherlands,Norway,0.21,3
23,Vegetables,Hash brown rounds,Burger King,USA,0.24,6
23,Vegetables,Hash browns,McDonald's,USA,0.35,6
23,Vegetables,Horse radish,,Norway,0.49,3
23,Vegetables,Horse radish,,Norway,0.68,3
23,Vegetables,"Leaves from the African Baobab tree, dry, crushed",Mali,Mali,48.07,3
23,Vegetables,Leaves of the Pumpkin plant,Malawi,Malawi,1.02,4
23,Vegetables,Leaves of the Sweet Potato plant,Malawi,Malawi,0.48,4
23,Vegetables,Leek,Mali,Mali,0.9,3
23,Vegetables,Leek,Sweden,Norway,0.16,3
23,Vegetables,Leek,France,Norway,0.25,3
23,Vegetables,"Lettuce, Butterhead",,USA,0.13,6
23,Vegetables,"Lettuce, Crispheaded",Norwegian University of Life Sciences,Norway,0.07,5
23,Vegetables,"Lettuce, Endevie",France,Norway,0.1,3
23,Vegetables,"Lettuce, Green leaves",,USA,0.24,6
23,Vegetables,"Lettuce, Iceberg",Dole,Norway,0.02,5
23,Vegetables,"Lettuce, Iceberg",,USA,0.17,6
23,Vegetables,"Lettuce, Iceberg, from packaged Classic Iceberg salad, chopped",Dole,Norway,0.01,5
23,Vegetables,"Lettuce, Lollo rosso",Norwegian University of Life Sciences,Norway,0.6,5
23,Vegetables,"Lettuce, Red leaves",,USA,0.23,6
23,Vegetables,"Lettuce, Romaine",,USA,0.21,6
23,Vegetables,Mixed vegetables,"Landlord, Norway",Norway,0.31,3
23,Vegetables,Mixed vegetables,"Hakon, Norway",Norway,0.29,3
23,Vegetables,Mixed vegetables,Produced in Norway for Coop Norge,Norway,0.29,3
23,Vegetables,"Moringa Stenopetala, dried leaves and stem",Ethiopia,Ethiopia,11.9,4
23,Vegetables,"Moringa Stenopetala, fresh green leaves and stem",Ethiopia,Ethiopia,3.7,4
23,Vegetables,Mushroom (Pholiota mutabilis),Norway,Norway,0.5,4
23,Vegetables,"Mushroom, Chanterelle, wild",Norway,Norway,0.3,4
23,Vegetables,"Mushroom, Crimini",,USA,0.25,6
23,Vegetables,"Mushroom, Edible bolete",Norway,Norway,0.61,4
23,Vegetables,"Mushroom, Enoki",Phillips Mushrooms,USA,0.31,6
23,Vegetables,"Mushroom, Enoki",,USA,0.25,6
23,Vegetables,"Mushroom, Enoki",Monterrey Mushrooms,USA,0.33,6
23,Vegetables,"Mushroom, Funnel chantarelle, wild",Norway,Norway,0.68,4
23,Vegetables,"Mushroom, Hedgehog fungus",Norway,Norway,0.27,4
23,Vegetables,"Mushroom, Maitake",Monterrey Mushrooms,USA,0.23,6
23,Vegetables,"Mushroom, Maitake",Phillips Mushrooms,USA,0.11,6
23,Vegetables,"Mushroom, Matriske (Russulaceae)",Norway,Norway,0.8,4
23,Vegetables,"Mushroom, Oyster",,USA,0.06,6
23,Vegetables,"Mushroom, Portabella",,USA,0.22,6
23,Vegetables,"Mushroom, Portabella, grilled",,USA,0.34,6
23,Vegetables,"Mushroom, Sheep polypore",Norway,Norway,3.85,4
23,Vegetables,"Mushroom, Shiitake, stir‐ fried",,USA,0.33,6
23,Vegetables,"Mushroom, white",,USA,0.38,6
23,Vegetables,"Mushroom, white, microwave cooked",,USA,0.43,6
23,Vegetables,"Mushroom, white, stir‐fried",,USA,0.23,6
23,Vegetables,Okra (Abelmoschus esculentus),Mali,Mali,0.42,3
23,Vegetables,"Okra / gumbo, dry, fluor",Mali,Mali,4.24,3
23,Vegetables,Onion,Mali,Mali,0.33,3
23,Vegetables,Onion,Mali,Mali,0.22,3
23,Vegetables,Onion flakes,"Natures Treats Australia PTY LTD, Australia",New Zealand,0.11,3
23,Vegetables,"Onion, boiled",,Norway,0.34,3
23,Vegetables,"Onion, red",Italy,Norway,0.71,3
23,Vegetables,"Onion, red, Red Baron",Norwegian University of Life Sciences,Norway,0.67,5
23,Vegetables,"Onion, small",Mali,Mali,0.18,3
23,Vegetables,"Onion, white",Italy,Norway,0.12,3
23,Vegetables,"Onion, yellow",,USA,0.24,6
23,Vegetables,"Onion, yellow",Norway,Norway,0.64,3
23,Vegetables,"Onion, yellow, cooked",,USA,0.26,6
23,Vegetables,Parsnip,France,Norway,0.11,3
23,Vegetables,Parsnip,Netherlands,Norway,0.08,3
23,Vegetables,"Pepper, bell‐, green",,Norway,1.56,3
23,Vegetables,"Pepper, bell‐, green",Mali,Mali,0.44,3
23,Vegetables,"Pepper, bell‐, orange",,Norway,1.94,3
23,Vegetables,"Pepper, bell‐, red",,Norway,1.81,3
23,Vegetables,"Pepper, bell‐, yellow",,Norway,1.79,3
23,Vegetables,"Pepper, green",,USA,0.26,6
23,Vegetables,"Pepper, green, cooked",,USA,1.22,6
23,Vegetables,"Pepper, red",,USA,0.91,6
23,Vegetables,"Pepper, red, cooked",,USA,1.64,6
23,Vegetables,"Pickle, just the solution from cucumber pickles",Sweets Favorite,USA,0.15,3
23,Vegetables,"Pickle, just the solution from cucumber pickles (whole)","Nora, Stabburet, Norway",Norway,0.07,3
23,Vegetables,"Potato, blue, Congo",France,Norway,0.93,3
23,Vegetables,Potatoes,Mali,Mali,0.13,3
23,Vegetables,"Potatoes, Beate",Norway,Norway,0.06,3
23,Vegetables,"Potatoes, red",,USA,0.22,6
23,Vegetables,"Potatoes, red, cooked",,USA,0.45,6
23,Vegetables,"Potatoes, Roseval",France,Norway,0.08,3
23,Vegetables,"Potatoes, Russet",,USA,0.42,6
23,Vegetables,"Potatoes, Russet, cooked",,USA,0.5,6
23,Vegetables,"Potatoes, white",,USA,0.19,6
23,Vegetables,"Potatoes, white, cooked",,USA,0.43,6
23,Vegetables,Pumpkin,,Norway,0.05,3
23,Vegetables,Pumpkins,Mali,Mali,0.02,3
23,Vegetables,Radishes,,USA,0.12,6
23,Vegetables,Radishes,"Primaflor, Spain",Norway,0.39,3
23,Vegetables,Radishes,France,Norway,0.4,3
23,Vegetables,Rhubarb,Norway,Norway,0.62,4
23,Vegetables,Savoy cabbage,,Norway,0.42,3
23,Vegetables,"Savoy cabbage, Taler",Norwegian University of Life Sciences,Norway,0.4,5
23,Vegetables,Spinach,Italy,Norway,0.89,3
23,Vegetables,"Spinach, chopped, frozen",Store Brand,USA,0.97,6
23,Vegetables,"Spinach, chopped, frozen",Birds Eye,USA,1.0,6
23,Vegetables,"Spinach, chopped, frozen",Green Giant,USA,1.01,6
23,Vegetables,"Spinach, chopped, frozen, boiled",Store Brand,USA,0.99,6
23,Vegetables,"Spinach, chopped, frozen, boiled",Birds Eye,USA,1.13,6
23,Vegetables,"Spinach, chopped, frozen, microvawe cooked",Store Brand,USA,1.1,6
23,Vegetables,"Spinach, chopped, frozen, microvawe cooked",Birds Eye,USA,1.21,6
23,Vegetables,"Spinach, frozen",Birds Eye,USA,1.31,6
23,Vegetables,"Spinach, frozen",Store Brand,USA,1.17,6
23,Vegetables,"Spinach, frozen, boiled",Store Brand,USA,1.1,6
23,Vegetables,"Spinach, frozen, boiled",Birds Eye,USA,1.11,6
23,Vegetables,"Spinach, frozen, microwave cooked",Store Brand,USA,1.31,6
23,Vegetables,"Spinach, frozen, microwave cooked",Birds Eye,USA,1.35,6
23,Vegetables,Sugar peas,"Safar, Kenya",Norway,0.64,3
23,Vegetables,"Summer squash, green",Spain,Norway,0.08,3
23,Vegetables,"Summer squash, green",Norway,Norway,0.11,3
23,Vegetables,"Summer squash, yellow",Spain,Norway,0.06,3
23,Vegetables,Swede (rutabaga),,Norway,0.43,3
23,Vegetables,"Swede (rutabaga), Vige",Norwegian University of Life Sciences,Norway,0.37,5
23,Vegetables,Sweet onions,,USA,0.15,6
23,Vegetables,"Sweet potato, blue (Yam), peeled",,Norway,0.54,3
23,Vegetables,Sweet potatoe,Mexico,Norway,0.24,3
23,Vegetables,Sweet potatoe,,USA,0.08,6
23,Vegetables,"Sweet potatoe, baked",,USA,0.79,6
23,Vegetables,"Sweet potatoe, boiled",,USA,0.33,6
23,Vegetables,"Sweet potatoe, pale",New Zealand,New Zealand,0.2,3
23,Vegetables,"Sweet potatoe, red/white",Mali,Mali,0.16,3
23,Vegetables,"Sweet potatoe, yellow",Mali,Mali,0.12,3
23,Vegetables,Syrup from red carrot,"Roopaks, Ajmal Khan, N. Dehli",India,0.07,3
23,Vegetables,Tomato juice,Welch's,USA,0.19,3
23,Vegetables,Tomato juice,"Cadiso, Denmark",Norway,0.41,3
23,Vegetables,Tomato juice,"S&W Fine Food, USA",Norway,0.81,3
23,Vegetables,Tomato juice,Maroc,Norway,0.25,3
23,Vegetables,Tomato juice,Campbell's,USA,1.06,3
23,Vegetables,Tomato juice,Eckes‐Granini,Norway,0.26,3
23,Vegetables,Tomato juice,Cofrutos,Norway,0.34,3
23,Vegetables,Tomato juice,Granini,Norway,0.23,3
23,Vegetables,Tomato juice,Campbell's,Norway,0.9,3
23,Vegetables,Tomato juice,Molinera,Norway,0.41,3
23,Vegetables,Tomato juice,Stop&Shop,USA,0.7,3
23,Vegetables,"Tomato juice, ecological",Svanes,Norway,0.44,3
23,Vegetables,"Tomato juice, Premium",Del Monte,Norway,0.25,3
23,Vegetables,"Tomato juice, Sun‐C","Cadiso, Denmark",Norway,0.44,3
23,Vegetables,Tomatoes,Norway,Norway,0.22,3
23,Vegetables,Tomatoes,,USA,0.16,6
23,Vegetables,Tomatoes,Mali,Mali,0.3,3
23,Vegetables,"Tomatoes in tomato juice, canned, whole",Store Brand,USA,0.24,6
23,Vegetables,"Tomatoes in tomato juice, canned, whole",Hunt's,USA,0.26,6
23,Vegetables,"Tomatoes in tomato juice, canned, whole",Red Gold,USA,0.23,6
23,Vegetables,"Tomatoes, canned, chopped, heated",ICA,Norway,0.49,3
23,Vegetables,"Tomatoes, cherry‐","The Greenery, Netherlands",Norway,0.62,3
23,Vegetables,"Tomatoes, cherry‐",Netherlands,Norway,0.34,3
23,Vegetables,"Tomatoes, cherry‐","Jone Wiig, Norway",Norway,0.39,3
23,Vegetables,"Tomatoes, chopped",Del Monte,Norway,0.33,3
23,Vegetables,"Tomatoes, chopped, canned",ICA,Norway,0.42,3
23,Vegetables,"Tomatoes, chopped, canned",Biona,Norway,0.31,3
23,Vegetables,"Tomatoes, chopped, canned",Euro Shopper,Norway,0.39,3
23,Vegetables,"Tomatoes, chopped, canned, heated",Euro Shopper,Norway,0.48,3
23,Vegetables,"Tomatoes, cluster tomatoes",Netherlands,Norway,0.29,3
23,Vegetables,"Tomatoes, cluster tomatoes",Norway,Norway,0.17,3
23,Vegetables,"Tomatoes, cluster tomatoes, small","Vereijken KwekerijenBV, Netherlands",Norway,0.39,3
23,Vegetables,"Tomatoes, cluster tomatoes, small","Jone Wiig, Norway",Norway,0.33,3
23,Vegetables,"Tomatoes, coarsely chopped, canned",Eldorado,Norway,0.25,3
23,Vegetables,"Tomatoes, coarsely chopped, canned",Landlord,Norway,0.38,3
23,Vegetables,"Tomatoes, cooked",,USA,0.22,6
23,Vegetables,"Tomatoes, crushed, passed, canned",Mutti,Norway,0.37,3
23,Vegetables,"Tomatoes, organic peeled tomatoes, canned",Biona,Norway,0.28,3
23,Vegetables,"Tomatoes, plum‐",Netherlands,Norway,0.35,3
23,Vegetables,"Tomatoes, plum‐",Spain,Norway,0.24,3
23,Vegetables,"Tomatoes, steak‐",Netherlands,Norway,0.18,3
23,Vegetables,"Tomatoes, sundried",Norgesfrukt,Norway,1.3,3
23,Vegetables,"Tomatoes, sundried, in oil",HGL Gourmet Line's middelhavskjøkken,Norway,1.95,3
23,Vegetables,"Tomatoes, sundried, in oil",Santa Maria,Norway,1.36,3
23,Vegetables,"Tomatoes, sundried, in oil",ICA,Norway,0.66,3
23,Vegetables,"Tomatoes, whole, canned",SW,Norway,0.2,3
23,Vegetables,"Tomatoes, whole, canned",Eldorado,Norway,0.28,3
23,Vegetables,"Tomatoes, whole, canned",Euro Shopper,Norway,0.41,3
23,Vegetables,"Tomatoes, whole, canned",Landlord,Norway,0.31,3
23,Vegetables,"Tomatoes, with chili, extra rich, crushed, without skin, canned",ICA,Norway,0.56,3
23,Vegetables,"Tomatoes, with garlic, extra rich, crushed, without skin, canned",ICA,Norway,0.61,3
23,Vegetables,"Tomatoes, with roasted garlic, canned",SW,Norway,0.22,3
23,Vegetables,"Tomatoes, with sweet basil, crushed, without skin, canned",ICA,Norway,0.77,3
23,Vegetables,"Tomatos, sundried, in canola oil","Sandhurst Fine Foods, Australia",New Zealand,3.59,3
23,Vegetables,Turnip,Mali,Mali,0.29,3
23,Vegetables,Vegetable juice,V8,Norway,0.5,3
23,Vegetables,Vegetable juice,Eckes‐Granini,Norway,0.27,3
23,Vegetables,Yam,Mali,Mali,0.22,3
24,Vitamin and dietary supplements,Almond oil,"Apotekproduksjon, Norway",Norway,1.13,"1, 3"
24,Vitamin and dietary supplements,Aloe Vera Gel,,Norway,0.13,3
24,Vitamin and dietary supplements,"Alpha Lipoic Acid, 50mg",Nature Made,USA,2.28,3
24,Vitamin and dietary supplements,"Amway Nutrilite Double X, Bronze",Quixtar,USA,30.81,3
24,Vitamin and dietary supplements,"Amway Nutrilite Double X, Gold",Quixtar,USA,35.68,3
24,Vitamin and dietary supplements,"Amway Nutrilite Double X, Silver",Quixtar,USA,29.72,3
24,Vitamin and dietary supplements,"Antioxidant capsules, Medox",MedPalett Pharmaceuticals AS,Norway,444.2,5
24,Vitamin and dietary supplements,"Antocyanin ascorbates, Aronia",Polyphenols Laboratories AS,Norway,725.35,5
24,Vitamin and dietary supplements,"Antocyanin capsules, Cherry",Polyphenols Laboratories AS,Norway,329.54,5
24,Vitamin and dietary supplements,Apricot kernel oil,Aqua Oleum,Norway,0.98,"1, 3"
24,Vitamin and dietary supplements,"Balance, diluted","Pharmanex, Netherlands",Norway,0.64,5
24,Vitamin and dietary supplements,"Balance, powder","Pharmanex, Netherlands",Norway,7.13,5
24,Vitamin and dietary supplements,Bausch & Lomb Ocuvite,"Bausch & Lomb, USA",USA,293.78,3
24,Vitamin and dietary supplements,Bayer One A Day Essential,"Bayer HealthCare, USA",USA,222.32,3
24,Vitamin and dietary supplements,"B‐carotene, capsules",GNC,USA,2.03,"1, 3"
24,Vitamin and dietary supplements,Body Wise Right Choice AM,Body Wise International,USA,530.63,3
24,Vitamin and dietary supplements,Body Wise Right Choice PM,Body Wise International,USA,0.88,3
24,Vitamin and dietary supplements,"Brewer's Yeast, 7.5 grain tablet",Puritan's Pride,USA,1.74,3
24,Vitamin and dietary supplements,"Bronson Garlic Oil, softgel 1 mg",Bronson,USA,0.95,"2, 3"
24,Vitamin and dietary supplements,"Catechin 100, Green‐tea capsules",,Norway,536.05,"1, 3"
24,Vitamin and dietary supplements,Centrum,Wyeth Consumer Healthcare,USA,44.8,3
24,Vitamin and dietary supplements,Centrum Silver,Wyeth Consumer Healthcare,USA,52.51,3
24,Vitamin and dietary supplements,Centrum Silver,"Whitehall‐robins Healthcare, USA",USA,40.51,3
24,Vitamin and dietary supplements,Centrum with lutein,"Whitehall‐robins Healthcare, USA",USA,43.56,3
24,Vitamin and dietary supplements,Chinese chili oil,,Japan,2.29,"2, 3"
24,Vitamin and dietary supplements,"Chondroitin Sulfate, 400 mg",GNC,USA,0.05,3
24,Vitamin and dietary supplements,"Citrosept, extract from grapefruit kernels",Citamani Europe AS,Norway,12.58,3
24,Vitamin and dietary supplements,Coconut oil,"KTC(Edibles)Ltd, England",Norway,1.07,"1, 3"
24,Vitamin and dietary supplements,Cod liver oil,Cumberland Swan,USA,0.19,"2, 3"
24,Vitamin and dietary supplements,Cod liver oil,"Peter Møller, Norway",Norway,0.34,3
24,Vitamin and dietary supplements,"Coenzyme Q10, 10 mg",Bronson,USA,0.08,3
24,Vitamin and dietary supplements,Complete One,Puritan's Pride,USA,165.9,3
24,Vitamin and dietary supplements,Coneflower solution,,Norway,0.42,3
24,Vitamin and dietary supplements,CVS Daily Vitamin (no minerals),CVS,USA,249.56,3
24,Vitamin and dietary supplements,"CVS Iron Slow release, 50 mg",CVS,USA,0.77,3
24,Vitamin and dietary supplements,CVS Multivitamin with minerals,CVS,USA,12.35,3
24,Vitamin and dietary supplements,CVS plus iron,CVS,USA,260.97,3
24,Vitamin and dietary supplements,"CVS Vitamin B 12, 250 mcg",CVS,USA,0.19,3
24,Vitamin and dietary supplements,"CVS Vitamin C (as ascorbic acid), 500 mg",CVS,USA,1019.69,3
24,Vitamin and dietary supplements,"CVS Vitamin C with Rose Hips, 500 mg",CVS,USA,796.59,3
24,Vitamin and dietary supplements,CVS Vitamin E (d alpha tocopherol) 400 IU,CVS,USA,320.7,"2, 3"
24,Vitamin and dietary supplements,Dog Rose oil,Nature Drogeriet A/S,Norway,0.55,3
24,Vitamin and dietary supplements,"Drink Mix vanilla flavored, diluted",Carb safe,USA,0.04,3
24,Vitamin and dietary supplements,"Drink Mix vanilla flavored, powder",Carb safe,USA,0.67,3
24,Vitamin and dietary supplements,Echinacea cocktail,"Bræmhults, Sweden",Norway,0.66,3
24,Vitamin and dietary supplements,Folat pills,,Norway,0.05,3
24,Vitamin and dietary supplements,Forward Multi‐Nutrient Oacket,Healthy Directions Corp,USA,138.54,3
24,Vitamin and dietary supplements,"Gamma E capsules, oil",Sunkost,Norway,39.97,"1, 3"
24,Vitamin and dietary supplements,Geritol Liquid,SmithKline Beecham,USA,0.33,3
24,Vitamin and dietary supplements,"Ginkgo Biloba, 60 mg",Bronson,USA,35.85,3
24,Vitamin and dietary supplements,Ginseng cocktail,"Bræmhults, Sweden",Norway,1.2,3
24,Vitamin and dietary supplements,"Ginseng, Panax, solution",Ortis,Norway,0.2,3
24,Vitamin and dietary supplements,"Glucosamine sulfate, 500 mg",Walgreen,USA,0.67,3
24,Vitamin and dietary supplements,"GNC brewer's yeast powder, 100 g",GNC,USA,2.45,3
24,Vitamin and dietary supplements,"GNC Spirulina, 500 mg capsules",GNC,USA,5.97,3
24,Vitamin and dietary supplements,GNC Ultra Mega Gold,GNC,USA,235.55,3
24,Vitamin and dietary supplements,"Grape Seed Extract, 50 mg",Bronson,USA,108.13,3
24,Vitamin and dietary supplements,Jungamals Life Pak for Kids,"Pharmanex, Netherlands",Norway,36.27,5
24,Vitamin and dietary supplements,Kirkland high energy pak,Leiner Health Products,USA,0.01,3
24,Vitamin and dietary supplements,Kirkland high energy pak (Chromium Picolinate),Leiner Health Products,USA,0.02,3
24,Vitamin and dietary supplements,Kirkland high energy pak (Ginseng Concentrate),Leiner Health Products,USA,1.78,"2, 3"
24,Vitamin and dietary supplements,Kirkland high energy pak (Multivitamin/mineral),Leiner Health Products,USA,0.69,3
24,Vitamin and dietary supplements,Kirkland high energy pak (Vitamin C),Leiner Health Products,USA,1052.44,3
24,Vitamin and dietary supplements,Kirkland high energy pak (Vitamin E),Leiner Health Products,USA,6.05,"2, 3"
24,Vitamin and dietary supplements,"Korean Ginseng, extract",Bando Korea,Norway,1.48,3
24,Vitamin and dietary supplements,"Lecithin, 1200 mg",Nature's Bounty,USA,3.71,"2, 3"
24,Vitamin and dietary supplements,Lederle Protegra,,USA,288.68,3
24,Vitamin and dietary supplements,Lederle Stresstabs,,USA,613.49,3
24,Vitamin and dietary supplements,Life Extension High Potency Antioxidant,Life Extension Foundation,USA,281.2,3
24,Vitamin and dietary supplements,Life Pak Essentials,"Pharmanex, Netherlands",Norway,49.62,5
24,Vitamin and dietary supplements,LifePak,"Pharmanex, USA",Norway,62.16,5
24,Vitamin and dietary supplements,Marine Omega,"Pharmanex, Netherlands",Norway,4.26,"2, 5"
24,Vitamin and dietary supplements,"Metamucil, dierary fiber suplement, orange, powder",,USA,0.57,3
24,Vitamin and dietary supplements,"Metamucil, dierary fiber suplement, powder",Procter& Gamble,USA,0.34,3
24,Vitamin and dietary supplements,"Multiminerals, supplements",Nycomed Pharma,Norway,42.83,3
24,Vitamin and dietary supplements,Myadec,Pfizer Consumer Healthcare,USA,51.38,3
24,Vitamin and dietary supplements,"Natrol DHEA, 25 mg",Natrol,USA,0.15,3
24,Vitamin and dietary supplements,"Natto extract, capsules","Nattkin Co, Japan",Norway,2.29,"1, 3"
24,Vitamin and dietary supplements,"Natto extract, capsules",,Norway,3.11,"1, 3"
24,Vitamin and dietary supplements,Nature Made Balanced B‐50,Nature Made,USA,0.07,3
24,Vitamin and dietary supplements,"Nature Made cod liver oil, capsules",Nature Made,USA,0.62,"2, 3"
24,Vitamin and dietary supplements,"Nature Made folic acid, 400 mcg",Nature Made,USA,0.12,3
24,Vitamin and dietary supplements,"Nature Made Magnesium, 250 mg",Nature Made,USA,0.01,3
24,Vitamin and dietary supplements,"Nature Made Potassium Gluconate, 90 mg",Nature Made,USA,0.04,3
24,Vitamin and dietary supplements,"Nature made Vitamin B6, 100 mg",Nature Made,USA,0.08,3
24,Vitamin and dietary supplements,"Nature's Bounty Beta Carotene Pro Vitamin A, 25000 IU",Nature's Bounty,USA,2.56,"2, 3"
24,Vitamin and dietary supplements,"Nature's Bounty Calcium Citate, 200 mg",Nature's Bounty,USA,0.07,3
24,Vitamin and dietary supplements,"Nature's Bounty Chromium Picolinate, 500 mcg",Nature's Bounty,USA,0.14,3
24,Vitamin and dietary supplements,Nature's Bounty Ginseng Royal Jelly plus,Nature's Bounty,USA,2.13,3
24,Vitamin and dietary supplements,"Nature's Bounty Melatonin, 3 mg",Nature's Bounty,USA,0.69,3
24,Vitamin and dietary supplements,"Nature's Bounty Niacin, 250 mg",Nature's Bounty,USA,0.15,3
24,Vitamin and dietary supplements,"Nature's Bounty Salmon oil, 1000 mg softgels",Nature's Bounty,USA,0.32,"2, 3"
24,Vitamin and dietary supplements,"Nature's Bounty Vitamin A, 10000IU",Nature's Bounty,USA,3.47,"2, 3"
24,Vitamin and dietary supplements,Nature's Bounty Vitamin D 400 IU,Nature's Bounty,USA,0.12,3
24,Vitamin and dietary supplements,Nature's Resource St.John's Wort,Nature's Resource,USA,118.54,3
24,Vitamin and dietary supplements,"Noni, capsules",Fitness Pharma,USA,14.76,3
24,Vitamin and dietary supplements,"Ocuvite ekstra, pill","Bausch & Lomb, USA",USA,281.14,3
24,Vitamin and dietary supplements,One A Day 50 Plus,"Bayer HealthCare, USA",USA,23.25,3
24,Vitamin and dietary supplements,One A Day Maximum,"Bayer HealthCare, USA",USA,4.48,3
24,Vitamin and dietary supplements,"One a day Men`s Health Formula, pill","Bayer HealthCare, USA",Norway,56.69,3
24,Vitamin and dietary supplements,One A Day Women's Formula,"Bayer HealthCare, USA",USA,32.48,3
24,Vitamin and dietary supplements,Over drive,"Pharmanex, Netherlands",Norway,301.83,5
24,Vitamin and dietary supplements,"Purple Coneflower, Echinagard","Madaus AG, Germany",Norway,0.11,3
24,Vitamin and dietary supplements,Pycogenol,Bronson,USA,49.58,3
24,Vitamin and dietary supplements,"Rexall Lycopene, 10 mg",Rexall,USA,3.27,"2, 3"
24,Vitamin and dietary supplements,Safflower oil,"Naturata Spielberger, Germany",Norway,1.38,"1, 3"
24,Vitamin and dietary supplements,Sambucol‐C,Medtech Pharma,USA,65.81,3
24,Vitamin and dietary supplements,"Saw Palmetto, 20 mg",Bronson,USA,0.49,3
24,Vitamin and dietary supplements,Schiff Vegetarian Multiple,Schiff,USA,185.74,3
24,Vitamin and dietary supplements,"Selenium, 100 mcg",CVS,USA,0.95,3
24,Vitamin and dietary supplements,"Shaklee Vita‐Lea, with Iron",Shaklee Corp,USA,19.36,3
24,Vitamin and dietary supplements,"Shaw's Calcium Hi Cal (oyster shell), 500 mg",Shaw's,USA,0.01,3
24,Vitamin and dietary supplements,Solotron (includes iron),GNC,USA,140.08,3
24,Vitamin and dietary supplements,Super Antioxidant,"Pharmanex, Netherlands",Norway,449.98,5
24,Vitamin and dietary supplements,Tahitian Noni juice,,Norway,0.94,3
24,Vitamin and dietary supplements,Tegreen,"Pharmanex, USA",Norway,731.18,5
24,Vitamin and dietary supplements,Theragran M,Bristol Myers Squibb,USA,197.6,3
24,Vitamin and dietary supplements,"Theragran, pill","Manufactured in China for Bristol‐Meyers products, USA",Norway,29.97,3
24,Vitamin and dietary supplements,Triente plus,Pathway,USA,77.48,3
24,Vitamin and dietary supplements,Tums (calcium 200 mg),,USA,0.04,3
24,Vitamin and dietary supplements,VIACTIV Chocolate (calcium 500 mg),Viactiv,USA,1.99,3
24,Vitamin and dietary supplements,Vita amino nopal (capsules),Mexico,Mexico,4.7,3
24,Vitamin and dietary supplements,"Vitamine A capsules, fish liver oil, 10000IU",,Norway,2.53,"1, 3"
24,Vitamin and dietary supplements,"Vitamine E, (dl alpha‐ tocopherol), 400 IU",CVS,USA,2.95,"2, 3"
24,Vitamin and dietary supplements,Walgreen Super Aytinal Active Adults,Walgreen,USA,87.7,3
24,Vitamin and dietary supplements,Walnut oil,"Leon Frenkel Ltd, England",Norway,1.4,"1, 3"
24,Vitamin and dietary supplements,Wheat germ oil,"Apotekproduksjon, Oslo",Norway,3.04,"1, 3"
24,Vitamin and dietary supplements,Women's Ultra mega,GNC,USA,11.29,3
24,Vitamin and dietary supplements,Z‐BEC,Inverness Medical,USA,701.93,3
24,Vitamin and dietary supplements,"Zinc, 50 mg",CVS,USA,0.04,3
24,Vitamin and dietary supplements,"AARP Formula 196, no iron Comments: 1 Analyzed / extracted in 2 Analyzed /extracted in 2‐propanol. 3 Purchased in grocery store, 4 Handpicked or received directly 5 Previously published in Halvorsen 6 Previously published in Halvorsen","water/2‐propanol (1+9, v/v). restaurant, cafe, bakery or from supplier. et al. 2002 or Dragland et al. 2006.",USA marketplace. et al. 2003,3.88,3
