idx,product,category,category_no,group,y_raw,y_log
0,"Amla berries, dried",Berries and berry products,1,amla berries dried,261.53,5.570365361215849
1,"Amla, Indian Gooseberries, whole, canned",Berries and berry products,1,amla indian gooseberries whole canned,13.27,2.658159431488745
2,"Amla, syrup from canned Indian Gooseberries",Berries and berry products,1,amla syrup from canned indian gooseberries,29.7,3.4242626545931514
3,"Bilberries, wild",Berries and berry products,1,bilberries wild,7.57,2.1482677326096886
4,"Bilberries, wild",Berries and berry products,1,bilberries wild,8.55,2.256541154492639
5,"Bilberries, wild, dried",Berries and berry products,1,bilberries wild dried,48.32,3.8983296782961436
6,"Blackberries, cultivated",Berries and berry products,1,blackberries cultivated,4.02,1.6134299337036377
7,"Blackberries, cultivated",Berries and berry products,1,blackberries cultivated,4.13,1.635105659182678
8,"Blackberries, cultivated",Berries and berry products,1,blackberries cultivated,6.14,1.965712776351493
9,"Blackberries, cultivated",Berries and berry products,1,blackberries cultivated,3.84,1.5769147207285403
10,"Blackberries, cultivated, canned, drained",Berries and berry products,1,blackberries cultivated canned drained,2.34,1.205970806988609
11,"Blackberries, cultivated, frozen",Berries and berry products,1,blackberries cultivated frozen,4.06,1.6213664832993742
12,"Blackberries, cultivated, frozen",Berries and berry products,1,blackberries cultivated frozen,3.89,1.5871923034867808
13,"Blackberries, cultivated, with sugar",Berries and berry products,1,blackberries cultivated with sugar,4.76,1.7509374747077997
14,"Blackberries, Dessert Berries, without sugar, frozen",Berries and berry products,1,blackberries dessert berries without sugar frozen,5.98,1.943048916774281
15,"Blackberries, dried, ""Loch Ness""",Berries and berry products,1,blackberries dried loch ness,37.08,3.6396892099231644
16,"Blackberries, wild",Berries and berry products,1,blackberries wild,6.13,1.9643112344262046
17,"Blackcurrant, cultivated",Berries and berry products,1,blackcurrant cultivated,5.49,1.8702625307159986
18,"Blackcurrant, cultivated, ""Ben Tiran""",Berries and berry products,1,blackcurrant cultivated ben tiran,9.09,2.3115448343655176
19,"Blackcurrant, syrup (100%), with sugar (undiluted)",Berries and berry products,1,blackcurrant syrup 100 with sugar undiluted,2.38,1.2178757094949273
20,"Blackcurrant, syrup (40%), with sugar (undiluted)",Berries and berry products,1,blackcurrant syrup 40 with sugar undiluted,2.73,1.3164082336557241
21,"Blackcurrant, syrup (54%), with sugar (undiluted)",Berries and berry products,1,blackcurrant syrup 54 with sugar undiluted,2.98,1.3812818192963463
22,"Blackcurrant, syrup, without sugar (undiluted)",Berries and berry products,1,blackcurrant syrup without sugar undiluted,4.15,1.6389967146756448
23,Blueberries,Berries and berry products,1,blueberries,9.24,2.3263016196113617
24,"Blueberries, canned, heavy syrup, drained liquid",Berries and berry products,1,blueberries canned heavy syrup drained liquid,2.53,1.2612978709452054
25,"Blueberries, canned, heavy syrup, drained solids",Berries and berry products,1,blueberries canned heavy syrup drained solids,2.79,1.332366019094335
26,"Blueberries, canned, light syrup, drained liquid",Berries and berry products,1,blueberries canned light syrup drained liquid,1.65,0.9745596399981308
27,"Blueberries, canned, light syrup, drained solids",Berries and berry products,1,blueberries canned light syrup drained solids,2.01,1.1019400787607843
28,"Blueberries, cultivated",Berries and berry products,1,blueberries cultivated,1.92,1.0715836162801904
29,"Blueberries, cultivated",Berries and berry products,1,blueberries cultivated,1.85,1.0473189942805592
30,"Blueberries, cultivated",Berries and berry products,1,blueberries cultivated,1.26,0.8153648132841945
31,"Blueberries, cultivated, ""Aron""",Berries and berry products,1,blueberries cultivated aron,3.79,1.5665304114228238
32,"Blueberries, cultivated, ""Hardyblue""",Berries and berry products,1,blueberries cultivated hardyblue,3.96,1.601405740736836
33,"Blueberries, Dessert Berries, without sugar, frozen",Berries and berry products,1,blueberries dessert berries without sugar frozen,7.13,2.0955609235597192
34,"Blueberries, dried",Berries and berry products,1,blueberries dried,1.32,0.8415671856782186
35,"Blueberry, jam",Berries and berry products,1,blueberry jam,2.68,1.3029127521808397
36,"Blueberry, jam",Berries and berry products,1,blueberry jam,2.88,1.355835153635182
37,"Blueberry, jam, Naturlig lett",Berries and berry products,1,blueberry jam naturlig lett,4.71,1.7422190236679187
38,"Blueberry, jam, Noras hjemmelagde",Berries and berry products,1,blueberry jam noras hjemmelagde,3.6,1.5260563034950494
39,"Blueberry, jam, Wild Blueberry Spread",Berries and berry products,1,blueberry jam wild blueberry spread,1.44,0.8919980393051105
40,"Blueberry, syrup (undiluted)",Berries and berry products,1,blueberry syrup undiluted,2.41,1.2267122912954256
41,"Blueberry, syrup, without sugar (undiluted)",Berries and berry products,1,blueberry syrup without sugar undiluted,5.91,1.9329696377795786
42,"Chokeberries, black, wild",Berries and berry products,1,chokeberries black wild,13.48,2.6727683869575705
43,"Cloudberries, wild",Berries and berry products,1,cloudberries wild,2.53,1.2612978709452054
44,"Cloudberries, wild, frozen",Berries and berry products,1,cloudberries wild frozen,3.44,1.4906543764441333
45,"Cranberries, cultivated",Berries and berry products,1,cranberries cultivated,3.29,1.4562867329399256
46,"Cranberries, dried",Berries and berry products,1,cranberries dried,2.03,1.1085626195212777
47,"Cranberries, dried",Berries and berry products,1,cranberries dried,1.9,1.0647107369924282
48,"Cranberries, dried",Berries and berry products,1,cranberries dried,1.64,0.9707789171582247
49,Cranberry craisins cherry flavor,Berries and berry products,1,cranberry craisins cherry flavor,1.47,0.9042181506398859
50,"Cranberry, syrup, without sugar (undiluted)",Berries and berry products,1,cranberry syrup without sugar undiluted,1.93,1.0750024230289759
51,Crowberries,Berries and berry products,1,crowberries,7.89,2.1849270495258133
52,Crowberries,Berries and berry products,1,crowberries,2.48,1.247032293786383
53,Crowberries,Berries and berry products,1,crowberries,8.45,2.2460147415056513
54,"Crowberries, frozen",Berries and berry products,1,crowberries frozen,10.8,2.468099531471619
55,"Crowberry, syrup (undiluted)",Berries and berry products,1,crowberry syrup undiluted,2.05,1.11514159061932
56,"Crowberry, syrup, juice of peel (undiluted)",Berries and berry products,1,crowberry syrup juice of peel undiluted,4.5,1.7047480922384253
57,"Crowberry, syrup, without sugar (undiluted)",Berries and berry products,1,crowberry syrup without sugar undiluted,2.95,1.3737155789130306
58,"Crowberry, syrup, without sugar (undiluted)",Berries and berry products,1,crowberry syrup without sugar undiluted,5.9,1.9315214116032138
59,Dog Rose,Berries and berry products,1,dog rose,25.86,3.2906381910950913
60,Dog Rose,Berries and berry products,1,dog rose,12.65,2.613739521630969
61,Dog Rose,Berries and berry products,1,dog rose,14.16,2.7186603802142257
62,Dog Rose,Berries and berry products,1,dog rose,34.49,3.569250966658405
63,"Dog Rose, dried, whole",Berries and berry products,1,dog rose dried whole,78.09,4.370586444531326
64,"Dog Rose, powder",Berries and berry products,1,dog rose powder,54.3,4.012772908528289
65,"Dog Rose, powder, HybenMax",Berries and berry products,1,dog rose powder hybenmax,20.82,3.0828269804049246
66,"Dog Rose, powder, Hyben‐ Vital",Berries and berry products,1,dog rose powder hyben vital,28.49,3.3840512228271846
67,"Dog Roseshell, flour",Berries and berry products,1,dog roseshell flour,75.84,4.341725337900356
68,"Elderberries, black (berries from common elder), wild",Berries and berry products,1,elderberries black berries from common elder wild,5.24,1.8309801823813363
69,"Elderberries, cultivated",Berries and berry products,1,elderberries cultivated,3.37,1.4747630091074988
70,"Elderberry flowerdrink, concentrate",Berries and berry products,1,elderberry flowerdrink concentrate,0.06,0.058268908123975775
71,"Elderberry, syrup, without sugar (undiluted)",Berries and berry products,1,elderberry syrup without sugar undiluted,6.31,1.9892432737616872
72,"Goji Berries, organic, dried",Berries and berry products,1,goji berries organic dried,4.31,1.6695918352538475
73,"Gooseberries, cultivated",Berries and berry products,1,gooseberries cultivated,1.45,0.8960880245566356
74,"Juice, blackberry, juice/syrup from canned blackberries",Berries and berry products,1,juice blackberry juice syrup from canned blackberries,1.27,0.8197798314933114
75,"Juice, cranberry",Berries and berry products,1,juice cranberry,0.75,0.5596157879354227
76,"Juice, cranberry",Berries and berry products,1,juice cranberry,1.0,0.6931471805599453
77,"Juice, cranberry, juice cocktail",Berries and berry products,1,juice cranberry juice cocktail,0.96,0.6729444732424258
78,"Juice, cranberry, juice cocktail",Berries and berry products,1,juice cranberry juice cocktail,0.86,0.6205764877251099
79,"Juice, cranberry, juice cocktail",Berries and berry products,1,juice cranberry juice cocktail,1.01,0.6981347220709844
80,"Juice, Mana Blå, grape, blueberry, aronia, cherry",Berries and berry products,1,juice mana bla grape blueberry aronia cherry,2.0,1.0986122886681096
81,"Juice, Mana Gul, dog rose and orange",Berries and berry products,1,juice mana gul dog rose and orange,2.57,1.2725655957915476
82,"Juice, Mana Rød, cranberries, raspberries and grapes",Berries and berry products,1,juice mana rd cranberries raspberries and grapes,0.67,0.5128236264286637
83,"Juice, raspberry",Berries and berry products,1,juice raspberry,0.78,0.5766133643039938
84,"Juice, strawberry",Berries and berry products,1,juice strawberry,0.43,0.3576744442718159
85,"Raspberries, cultivated",Berries and berry products,1,raspberries cultivated,2.33,1.2029723039923526
86,"Raspberries, cultivated",Berries and berry products,1,raspberries cultivated,3.35,1.4701758451005928
87,"Raspberries, Dessert Berries, without sugar, frozen",Berries and berry products,1,raspberries dessert berries without sugar frozen,3.46,1.4951487660319727
88,"Raspberries, wild",Berries and berry products,1,raspberries wild,1.73,1.0043016091968684
89,"Raspberries, wild",Berries and berry products,1,raspberries wild,3.97,1.6034198401085373
90,"Raspberries, wild",Berries and berry products,1,raspberries wild,2.5,1.252762968495368
91,"Raspberry, jam",Berries and berry products,1,raspberry jam,1.26,0.8153648132841945
92,"Raspberry, jam,",Berries and berry products,1,raspberry jam,1.12,0.7514160886839212
93,"Raspberry, jam, Bestemor Lerum Bringebærsyltetøy",Berries and berry products,1,raspberry jam bestemor lerum bringebrsyltety,1.4,0.8754687373538999
94,"Raspberry, jam, light",Berries and berry products,1,raspberry jam light,1.27,0.8197798314933114
95,"Red whortleberries, cultivated, dried",Berries and berry products,1,red whortleberries cultivated dried,32.28,3.5049566159530077
96,"Red whortleberries, frozen",Berries and berry products,1,red whortleberries frozen,4.98,1.7884205679625405
97,"Red whortleberries, syrup, without sugar (undiluted)",Berries and berry products,1,red whortleberries syrup without sugar undiluted,2.34,1.205970806988609
98,"Red whortleberries, wild",Berries and berry products,1,red whortleberries wild,5.0,1.791759469228055
99,"Redcurrant, cultivated",Berries and berry products,1,redcurrant cultivated,1.61,0.9593502213346021
100,"Redcurrant, Dessert Berries, without sugar, frozen",Berries and berry products,1,redcurrant dessert berries without sugar frozen,1.87,1.0543120297715298
101,"Rock bramble, frozen, wild",Berries and berry products,1,rock bramble frozen wild,8.51,2.252343876557299
102,"Rowanberries, dried",Berries and berry products,1,rowanberries dried,19.13,3.0022112396517002
103,"Rowanberries, dried",Berries and berry products,1,rowanberries dried,10.13,2.4096441652874536
104,"Rowanberries, wild",Berries and berry products,1,rowanberries wild,2.36,1.2119409739751128
105,"Sea buckthorn, berries",Berries and berry products,1,sea buckthorn berries,2.21,1.1662709371419244
106,"Sea buckthorn, berries",Berries and berry products,1,sea buckthorn berries,4.58,1.7191887763932197
107,"Sour cherries, cultivated",Berries and berry products,1,sour cherries cultivated,7.14,2.096790180014449
108,"Sour cherries, without stone, without sugar, frozen",Berries and berry products,1,sour cherries without stone without sugar frozen,3.3,1.4586150226995167
109,"Sour cherries, without stone, without sugar, frozen",Berries and berry products,1,sour cherries without stone without sugar frozen,6.07,1.9558604799084813
110,"Strawberries, Corona, cultivated",Berries and berry products,1,strawberries corona cultivated,2.05,1.11514159061932
111,"Strawberries, cultivated",Berries and berry products,1,strawberries cultivated,2.16,1.1505720275988207
112,"Strawberries, ”Honey,” cultivated",Berries and berry products,1,strawberries honey cultivated,2.33,1.2029723039923526
113,"Strawberries, ”Senga Sengana”, cultivated",Berries and berry products,1,strawberries senga sengana cultivated,1.85,1.0473189942805592
114,"Strawberry, jam",Berries and berry products,1,strawberry jam,0.64,0.49469624183610705
115,"Strawberry, jam, light",Berries and berry products,1,strawberry jam light,0.68,0.5187937934151676
116,"Sweet cherries, cultivated",Berries and berry products,1,sweet cherries cultivated,1.42,0.8837675401685949
117,Wild strawberries,Berries and berry products,1,wild strawberries,5.44,1.8625285401162623
118,"Zereshk (Barberries, dried)",Berries and berry products,1,zereshk barberries dried,27.3,3.342861804649192
119,"Aquavit, Løiten Linie",Beverages,2,aquavit liten linie,0.12,0.11332868530700317
120,"Beer, Bavarian Weizen",Beverages,2,beer bavarian weizen,0.27,0.23901690047049992
121,"Beer, Bayer",Beverages,2,beer bayer,0.25,0.22314355131420976
122,"Beer, Beck`s beer",Beverages,2,beer beck s beer,0.13,0.12221763272424921
123,"Beer, Guinnes Draught",Beverages,2,beer guinnes draught,0.21,0.1906203596086497
124,"Beer, Lager Beer",Beverages,2,beer lager beer,0.13,0.12221763272424921
125,"Beer, Leffe",Beverages,2,beer leffe,0.22,0.1988508587451652
126,"Beer, light",Beverages,2,beer light,0.08,0.07696104113612832
127,"Beer, light",Beverages,2,beer light,0.1,0.09531017980432487
128,"Beer, light",Beverages,2,beer light,0.1,0.09531017980432487
129,"Beer, light",Beverages,2,beer light,0.09,0.08617769624105233
130,"Beer, light",Beverages,2,beer light,0.06,0.058268908123975775
131,"Beer, Limfjords Porter, double brown stout",Beverages,2,beer limfjords porter double brown stout,0.43,0.3576744442718159
132,"Beer, Lysholmer Spesial",Beverages,2,beer lysholmer spesial,0.18,0.16551443847757338
133,"Beer, Mack Bok‐øl",Beverages,2,beer mack bokl,0.43,0.3576744442718159
134,"Beer, Maredsous, Trippel 10",Beverages,2,beer maredsous trippel 10,0.42,0.35065687161316933
135,"Beer, Pale ale",Beverages,2,beer pale ale,0.31,0.27002713721306015
136,"Beer, Pères Trappistes",Beverages,2,beer peres trappistes,0.33,0.2851789422336624
137,"Beer, Pils",Beverages,2,beer pils,0.19,0.173953307123438
138,"Beer, Pils",Beverages,2,beer pils,0.22,0.1988508587451652
139,"Beer, Porter",Beverages,2,beer porter,0.46,0.3784364357202451
140,"Beer, Premium Lager",Beverages,2,beer premium lager,0.21,0.1906203596086497
141,"Beer, regular",Beverages,2,beer regular,0.14,0.1310282624064041
142,"Beer, regular",Beverages,2,beer regular,0.12,0.11332868530700317
143,"Beer, regular",Beverages,2,beer regular,0.12,0.11332868530700317
144,"Beer, regular",Beverages,2,beer regular,0.15,0.13976194237515868
145,"Beer, Saison Dupont, Biologique",Beverages,2,beer saison dupont biologique,0.29,0.2546422183735807
146,"Beer, Samichlaus Bier (Santa Claus Beer), Lager Beer",Beverages,2,beer samichlaus bier santa claus beer lager beer,0.46,0.3784364357202451
147,"Beer, without alcohol",Beverages,2,beer without alcohol,0.11,0.10436001532424277
148,"Beer, Aass Gull",Beverages,2,beer aass gull,0.19,0.173953307123438
149,"Blackcurrant, toddy, instant, Regia",Beverages,2,blackcurrant toddy instant regia,2.64,1.2919836816486494
150,"Blackcurrant, toddy, instant, Regia, prepared",Beverages,2,blackcurrant toddy instant regia prepared,0.38,0.32208349916911333
151,Blåbærsmust,Beverages,2,blabrsmust,3.28,1.4539530095937054
152,"Brandy, Napoleon V.S.O.P.",Beverages,2,brandy napoleon v s o p,0.22,0.1988508587451652
153,"Cider, Ãpple, 4,5vol%",Beverages,2,cider apple 4 5vol,0.02,0.019802627296179712
154,"Cider, Pãron, 2,25vol%",Beverages,2,cider paron 2 25vol,0.02,0.019802627296179712
155,Cockburn`s Port,Beverages,2,cockburn s port,0.6,0.4700036292457356
156,"Coffee beans, green",Beverages,2,coffee beans green,20.18,3.05305734017326
157,"Coffee beans, green",Beverages,2,coffee beans green,12.3,2.5877640352277083
158,"Coffee beans, raw/green",Beverages,2,coffee beans raw green,15.19,2.7843937676895436
159,"Coffee beans, roasted (black)",Beverages,2,coffee beans roasted black,22.29,3.1480240838962494
160,"Coffee beans, roasted, Monsooned Malabar AA",Beverages,2,coffee beans roasted monsooned malabar aa,22.73,3.166740070447672
161,"Coffee, Ali, dark burned ground, 100% Arabica, filter brewed",Beverages,2,coffee ali dark burned ground 100 arabica filter brewed,2.28,1.1878434223960523
162,"Coffee, Ali, ground, 100% Arabica, boiled",Beverages,2,coffee ali ground 100 arabica boiled,2.23,1.172482137234565
163,"Coffee, Ali, ground, 100% Arabica, filter brewed",Beverages,2,coffee ali ground 100 arabica filter brewed,2.61,1.2837077723447896
164,"Coffee, Andes Bolivia, boiled",Beverages,2,coffee andes bolivia boiled,2.62,1.2864740258376797
165,"Coffee, Andes Bolivia, filter brewed",Beverages,2,coffee andes bolivia filter brewed,2.55,1.2669476034873244
166,"Coffee, Arabica green, filter brewed",Beverages,2,coffee arabica green filter brewed,1.55,0.9360933591703348
167,"Coffee, Arabica medium roasting, filter brewed",Beverages,2,coffee arabica medium roasting filter brewed,2.78,1.3297240096314962
168,"Coffee, Arabica mild roasting, filter brewed",Beverages,2,coffee arabica mild roasting filter brewed,2.45,1.2383742310432684
169,"Coffee, Arabica strong roasting, filter brewed",Beverages,2,coffee arabica strong roasting filter brewed,2.69,1.3056264580524357
170,"Coffee, boiled",Beverages,2,coffee boiled,2.18,1.1568811967920856
171,"Coffee, Cafe Organico Arabica, instant, prepared",Beverages,2,coffee cafe organico arabica instant prepared,2.2,1.1631508098056809
172,"Coffee, Caffe Latte, double, prepared",Beverages,2,coffee caffe latte double prepared,1.96,1.085189268335969
173,"Coffee, Caffe Latte, double, prepared",Beverages,2,coffee caffe latte double prepared,1.36,0.8586616190375187
174,"Coffee, Caffe Latte, single, prepared",Beverages,2,coffee caffe latte single prepared,0.94,0.6626879730752367
175,"Coffee, Caffe Latte, single, prepared",Beverages,2,coffee caffe latte single prepared,0.89,0.636576829071551
176,"Coffee, Cappucino, double, prepared",Beverages,2,coffee cappucino double prepared,2.75,1.3217558399823195
177,"Coffee, Cappucino, double, prepared",Beverages,2,coffee cappucino double prepared,2.86,1.3506671834767394
178,"Coffee, Cappucino, single, prepared",Beverages,2,coffee cappucino single prepared,1.04,0.712949807856125
179,"Coffee, Cappucino, single, prepared",Beverages,2,coffee cappucino single prepared,2.14,1.144222799920162
180,"Coffee, Cirkel Coffee, boiled",Beverages,2,coffee cirkel coffee boiled,1.79,1.0260415958332743
181,"Coffee, Cirkel Coffee, ground coffee, filter brewed",Beverages,2,coffee cirkel coffee ground coffee filter brewed,2.13,1.1410330045520618
182,"Coffee, Espresso Originale Italiano, classico, prepared",Beverages,2,coffee espresso originale italiano classico prepared,2.7,1.308332819650179
183,"Coffee, Espresso, double, prepared",Beverages,2,coffee espresso double prepared,16.33,2.8524391037275145
184,"Coffee, Espresso, single, prepared",Beverages,2,coffee espresso single prepared,15.83,2.8231630082027146
185,"Coffee, Espresso, single, prepared",Beverages,2,coffee espresso single prepared,12.64,2.613006652415316
186,"Coffee, Evergood, boiled",Beverages,2,coffee evergood boiled,1.84,1.0438040521731147
187,"Coffee, Evergood, caffein free, ground, filter brewed",Beverages,2,coffee evergood caffein free ground filter brewed,2.39,1.220829921392359
188,"Coffee, Evergood, filter brewed",Beverages,2,coffee evergood filter brewed,2.52,1.2584609896100059
189,"Coffee, Farmers Coffee (fairtrade Max Havelaar), filter brewed",Beverages,2,coffee farmers coffee fairtrade max havelaar filter brewed,2.58,1.275362800412609
190,"Coffee, filter brewed",Beverages,2,coffee filter brewed,1.86,1.0508216248317612
191,"Coffee, Finca Rodomunho, boiled",Beverages,2,coffee finca rodomunho boiled,2.1,1.1314021114911006
192,"Coffee, Finca Rodomunho, filter brewed",Beverages,2,coffee finca rodomunho filter brewed,2.25,1.1786549963416462
193,"Coffee, Frokost, filter brewed",Beverages,2,coffee frokost filter brewed,3.03,1.3937663759585917
194,"Coffee, Iced coffee Cappucino, ready to drink",Beverages,2,coffee iced coffee cappucino ready to drink,0.93,0.6575200029167942
195,"Coffee, Iced coffee Mocca, ready to drink",Beverages,2,coffee iced coffee mocca ready to drink,1.05,0.7178397931503169
196,"Coffee, instant, Nescafe Gull, prepared",Beverages,2,coffee instant nescafe gull prepared,1.67,0.9820784724121581
197,"Coffee, instant, prepared",Beverages,2,coffee instant prepared,1.6,0.9555114450274365
198,"Coffee, instant, Sombrero, prepared",Beverages,2,coffee instant sombrero prepared,1.68,0.9858167945227653
199,"Coffee, Lavazza, Caffe Espresso, 100% Arabica, prepared",Beverages,2,coffee lavazza caffe espresso 100 arabica prepared,2.83,1.3428648031925547
200,"Coffee, L'Or, 100% Arabica, boiled",Beverages,2,coffee l or 100 arabica boiled,3.03,1.3937663759585917
201,"Coffee, L'Or, 100% Arabica, filter brewed",Beverages,2,coffee l or 100 arabica filter brewed,3.34,1.4678743481123135
202,"Coffee, Macciato, double, prepared",Beverages,2,coffee macciato double prepared,5.03,1.7967470107390942
203,"Coffee, Macciato, double, prepared",Beverages,2,coffee macciato double prepared,11.3,2.509599262378372
204,"Coffee, Macciato, single, prepared",Beverages,2,coffee macciato single prepared,6.48,2.012232791986386
205,"Coffee, Macciato, single, prepared",Beverages,2,coffee macciato single prepared,5.32,1.843719208158766
206,"Coffee, prepared",Beverages,2,coffee prepared,4.2,1.6486586255873816
207,"Coffee, prepared",Beverages,2,coffee prepared,3.03,1.3937663759585917
208,"Coffee, prepared",Beverages,2,coffee prepared,1.26,0.8153648132841945
209,"Coffee, prepared",Beverages,2,coffee prepared,1.24,0.8064758658669485
210,"Coffee, Robusta green, filter brewed",Beverages,2,coffee robusta green filter brewed,2.99,1.3837912309017721
211,"Coffee, Robusta medium roasting, filter brewed",Beverages,2,coffee robusta medium roasting filter brewed,3.09,1.4085449700547104
212,"Coffee, Robusta mild roasting, filter brewed",Beverages,2,coffee robusta mild roasting filter brewed,3.6,1.5260563034950494
213,"Coffee, Robusta strong roasting, filter brewed",Beverages,2,coffee robusta strong roasting filter brewed,2.25,1.1786549963416462
214,"Coffee, yellow Coop, filter brewed",Beverages,2,coffee yellow coop filter brewed,3.11,1.4134230285081433
215,"Cognac, V.S.Martell, Fine Cognac",Beverages,2,cognac v s martell fine cognac,0.32,0.2776317365982795
216,"Cognac, X.O.Braastad, FineChampagne",Beverages,2,cognac x o braastad finechampagne,0.45,0.37156355643248307
217,"Cordial, lemon flavored, Fun light, Sitron, undiluted",Beverages,2,cordial lemon flavored fun light sitron undiluted,0.4,0.33647223662121295
218,"Cordial, orange flavored, Fun Light Appelsin, undiluted",Beverages,2,cordial orange flavored fun light appelsin undiluted,0.45,0.37156355643248307
219,"Cordial, peach flavored, Fun light, Peach Passion, undiluted",Beverages,2,cordial peach flavored fun light peach passion undiluted,0.36,0.3074846997479606
220,"Cordial, raspebbery flavored, Fun light, Bringebær, undiluted",Beverages,2,cordial raspebbery flavored fun light bringebr undiluted,0.62,0.4824261492442927
221,"Cordial, strawberry flavored, Fun light Jordbær, undiluted",Beverages,2,cordial strawberry flavored fun light jordbr undiluted,0.45,0.37156355643248307
222,"Cordial, wild berries flavored, Fun light Wild Berries, undiluted",Beverages,2,cordial wild berries flavored fun light wild berries undiluted,0.15,0.13976194237515868
223,Diet Mountain Dew Superb,Beverages,2,diet mountain dew superb,0.0,0.0
224,Energy drink,Beverages,2,energy drink,0.0,0.0
225,"Energy drink, sugar free",Beverages,2,energy drink sugar free,0.0,0.0
226,Gingerale,Beverages,2,gingerale,0.01,0.009950330853168083
227,"Gingerale, american type",Beverages,2,gingerale american type,0.0,0.0
228,"Instant cocoa, Choco‐Mocca, powder",Beverages,2,instant cocoa chocomocca powder,5.83,1.9213246735826988
229,"Instant cocoa, Choco‐Mocca, prepared",Beverages,2,instant cocoa chocomocca prepared,0.33,0.2851789422336624
230,"Instant cocoa, Regia express, light, powder",Beverages,2,instant cocoa regia express light powder,4.96,1.7850704810772584
231,"Instant cocoa, Regia express, light, prepared",Beverages,2,instant cocoa regia express light prepared,0.42,0.35065687161316933
232,"Instant cocoa, Regia express, original, powder",Beverages,2,instant cocoa regia express original powder,3.09,1.4085449700547104
233,"Instant cocoa, Regia express, original, prepared",Beverages,2,instant cocoa regia express original prepared,0.45,0.37156355643248307
234,"Instant cocoa, Rett i Koppen, powder",Beverages,2,instant cocoa rett i koppen powder,1.61,0.9593502213346021
235,"Instant cocoa, Rett i Koppen, prepared",Beverages,2,instant cocoa rett i koppen prepared,0.26,0.23111172096338664
236,"Juice drinks, 10% juce, boppin' strawberry flavor",Beverages,2,juice drinks 10 juce boppin strawberry flavor,0.72,0.5423242908253616
237,"Juice drinks, 10% juice, splash cooler flavor",Beverages,2,juice drinks 10 juice splash cooler flavor,0.03,0.0295588022415444
238,"Juice drinks, 10% juice, strawberry kiwi flavor",Beverages,2,juice drinks 10 juice strawberry kiwi flavor,0.05,0.04879016416943201
239,"Juice drinks,10% ,strawberry flavor",Beverages,2,juice drinks 10 strawberry flavor,0.06,0.058268908123975775
240,"Juice drinks,10% juice, blazin' blueberry flavor",Beverages,2,juice drinks 10 juice blazin blueberry flavor,0.73,0.5481214085096876
241,"Juice drinks,10% juice, mountain cooler flavor",Beverages,2,juice drinks 10 juice mountain cooler flavor,0.02,0.019802627296179712
242,"Latino beverages, guanabana nectar",Beverages,2,latino beverages guanabana nectar,0.21,0.1906203596086497
243,"Latino beverages, guanabana nectar",Beverages,2,latino beverages guanabana nectar,0.28,0.2468600779315258
244,"Latino beverages, guava (guayaba) nectar",Beverages,2,latino beverages guava guayaba nectar,0.87,0.6259384308664953
245,"Latino beverages, mango nectar",Beverages,2,latino beverages mango nectar,0.2,0.18232155679395462
246,"Latino beverages, mango nectar",Beverages,2,latino beverages mango nectar,0.6,0.4700036292457356
247,"Latino beverages, tamarind (tamarindo) nectar",Beverages,2,latino beverages tamarind tamarindo nectar,0.36,0.3074846997479606
248,"Latino beverages, tamarind (tamarindo) nectar",Beverages,2,latino beverages tamarind tamarindo nectar,0.16,0.14842000511827327
249,"Lemonade mix, pink, sweetened with artificial sweetener",Beverages,2,lemonade mix pink sweetened with artificial sweetener,0.0,0.0
250,"Lemonade mix, sweetened with artificial sweetener",Beverages,2,lemonade mix sweetened with artificial sweetener,0.0,0.0
251,"Lemonade powder mix, pink, sweetened with sugar",Beverages,2,lemonade powder mix pink sweetened with sugar,0.77,0.5709795465857378
252,"Lemonade powder mix, sweetened with sugar",Beverages,2,lemonade powder mix sweetened with sugar,0.61,0.4762341789963716
253,"Lemonade powder mix, sweetened with sugar",Beverages,2,lemonade powder mix sweetened with sugar,0.85,0.6151856390902335
254,"Lemonade powder mix, unsweetened",Beverages,2,lemonade powder mix unsweetened,12.75,2.6210388241125804
255,"Lemonade, lemon",Beverages,2,lemonade lemon,0.14,0.1310282624064041
256,"Lemonade, mixed wild berries",Beverages,2,lemonade mixed wild berries,0.33,0.2851789422336624
257,"Lemonade, pink, frozen concentrate",Beverages,2,lemonade pink frozen concentrate,0.46,0.3784364357202451
258,"Lemonade, pink, frozen concentrate",Beverages,2,lemonade pink frozen concentrate,0.43,0.3576744442718159
259,"Lemonade, regular, frozen concentrate",Beverages,2,lemonade regular frozen concentrate,0.45,0.37156355643248307
260,"Lemonade, regular, frozen concentrate",Beverages,2,lemonade regular frozen concentrate,0.37,0.31481073984003355
261,"Liquor of crowberries, Frost",Beverages,2,liquor of crowberries frost,0.42,0.35065687161316933
262,Malt beer,Beverages,2,malt beer,0.26,0.23111172096338664
263,"Nectar, Multivitamine",Beverages,2,nectar multivitamine,0.59,0.46373401623214017
264,Non‐carbonated bottled drinking water,Beverages,2,noncarbonated bottled drinking water,0.0,0.0
265,Non‐carbonated bottled drinking water,Beverages,2,noncarbonated bottled drinking water,0.0,0.0
266,Non‐carbonated bottled drinking water,Beverages,2,noncarbonated bottled drinking water,0.0,0.0
267,Non‐carbonated bottled drinking water,Beverages,2,noncarbonated bottled drinking water,0.0,0.0
268,Non‐carbonated bottled drinking water,Beverages,2,noncarbonated bottled drinking water,0.0,0.0
269,Non‐carbonated bottled drinking water,Beverages,2,noncarbonated bottled drinking water,0.0,0.0
270,Non‐carbonated bottled drinking water,Beverages,2,noncarbonated bottled drinking water,0.0,0.0
271,Non‐carbonated bottled drinking water,Beverages,2,noncarbonated bottled drinking water,0.0,0.0
272,"Non‐carbonated flavored bottled drinking water, elements enhanced water energy, lemon",Beverages,2,noncarbonated flavored bottled drinking water elements enhanced water energy lemon,0.07,0.06765864847381481
273,"Non‐carbonated flavored bottled drinking water, essential multi vitamin, watermelon flavor",Beverages,2,noncarbonated flavored bottled drinking water essential multi vitamin watermelon flavor,0.02,0.019802627296179712
274,"Non‐carbonated flavored bottled drinking water, fitness H2O, natural lemon flavor",Beverages,2,noncarbonated flavored bottled drinking water fitness h2o natural lemon flavor,0.11,0.10436001532424277
275,"Non‐carbonated flavored bottled drinking water, fluoride to go",Beverages,2,noncarbonated flavored bottled drinking water fluoride to go,0.0,0.0
276,"Non‐carbonated flavored bottled drinking water, fruit2o water, natural strawberry flavor",Beverages,2,noncarbonated flavored bottled drinking water fruit2o water natural strawberry flavor,0.0,0.0
277,"Non‐carbonated flavored bottled drinking water, fruit2o, natural raspberry",Beverages,2,noncarbonated flavored bottled drinking water fruit2o natural raspberry,0.0,0.0
278,flavor Prune drink,Beverages,2,flavor prune drink,1.79,1.0260415958332743
279,"Ricoffy, instant coffee & chicory, Nescafe, powder",Beverages,2,ricoffy instant coffee chicory nescafe powder,51.86,3.967646909176143
280,"Soft drink, citrus fruit, Urge",Beverages,2,soft drink citrus fruit urge,0.08,0.07696104113612832
281,"Soft drink, cola, diet",Beverages,2,soft drink cola diet,0.05,0.04879016416943201
282,"Soft drink, cola, diet",Beverages,2,soft drink cola diet,0.04,0.039220713153281295
283,"Soft drink, cola, diet",Beverages,2,soft drink cola diet,0.04,0.039220713153281295
284,"Soft drink, cola, diet",Beverages,2,soft drink cola diet,0.03,0.0295588022415444
285,"Soft drink, cola, diet",Beverages,2,soft drink cola diet,0.02,0.019802627296179712
286,"Soft drink, cola, diet",Beverages,2,soft drink cola diet,0.06,0.058268908123975775
287,"Soft drink, cola, regular",Beverages,2,soft drink cola regular,0.04,0.039220713153281295
288,"Soft drink, cola, regular",Beverages,2,soft drink cola regular,0.04,0.039220713153281295
289,"Soft drink, cola, regular",Beverages,2,soft drink cola regular,0.05,0.04879016416943201
290,"Soft drink, cola, regular",Beverages,2,soft drink cola regular,0.02,0.019802627296179712
291,"Soft drink, cola, regular",Beverages,2,soft drink cola regular,0.04,0.039220713153281295
292,"Soft drink, cola, regular",Beverages,2,soft drink cola regular,0.03,0.0295588022415444
293,"Soft drink, cola, regular",Beverages,2,soft drink cola regular,0.0,0.0
294,"Soft drink, Fanta",Beverages,2,soft drink fanta,0.08,0.07696104113612832
295,"Soft drink, lemon‐lime, light, 7 UP",Beverages,2,soft drink lemonlime light 7 up,0.0,0.0
296,"Soft drink, lemon‐lime, regular, Sprite",Beverages,2,soft drink lemonlime regular sprite,0.0,0.0
297,"Soft drink, lemon‐lime, Sprite",Beverages,2,soft drink lemonlime sprite,0.0,0.0
298,"Soft drink, orange, Solo",Beverages,2,soft drink orange solo,0.13,0.12221763272424921
299,"Soft drink, white soda, regular",Beverages,2,soft drink white soda regular,1.27,0.8197798314933114
300,Spirulina Cocktail,Beverages,2,spirulina cocktail,0.38,0.32208349916911333
301,"Sports drink mix, orange flavor",Beverages,2,sports drink mix orange flavor,0.01,0.009950330853168083
302,"Sports drink, lemon‐lime flavor",Beverages,2,sports drink lemonlime flavor,0.01,0.009950330853168083
303,"Sports drink, orange flavor",Beverages,2,sports drink orange flavor,0.0,0.0
304,"Tang, Jamaica, drinking powder",Beverages,2,tang jamaica drinking powder,2.05,1.11514159061932
305,"Tang, Naranja, drinking powder",Beverages,2,tang naranja drinking powder,0.54,0.43178241642553783
306,"Tang, Tamarino, drinking powder",Beverages,2,tang tamarino drinking powder,1.12,0.7514160886839212
307,"Tea, black, Ceylon Breakfast, prepared",Beverages,2,tea black ceylon breakfast prepared,0.75,0.5596157879354227
308,"Tea, black, Ceylon, prepared",Beverages,2,tea black ceylon prepared,1.21,0.7929925155296614
309,"Tea, black, Darjeeling Tiger Hill, prepared",Beverages,2,tea black darjeeling tiger hill prepared,1.12,0.7514160886839212
310,"Tea, black, Earl Grey, prepared",Beverages,2,tea black earl grey prepared,0.95,0.6678293725756554
311,"Tea, black, Earl Grey, prepared",Beverages,2,tea black earl grey prepared,0.82,0.598836501088704
312,"Tea, Camomile flowers, prepared",Beverages,2,tea camomile flowers prepared,0.1,0.09531017980432487
313,"Tea, Combe Tea, dried",Beverages,2,tea combe tea dried,57.57,4.070222620101691
314,"Tea, Darjeeling, leaves, dried",Beverages,2,tea darjeeling leaves dried,2.93,1.3686394258811698
315,"Tea, dog rose, from dried dogrose, prepared",Beverages,2,tea dog rose from dried dogrose prepared,0.2,0.18232155679395462
316,"Tea, dog rose, from extract, prepared",Beverages,2,tea dog rose from extract prepared,2.49,1.2499017362143359
317,"Tea, dog rose, herb tea, prepared",Beverages,2,tea dog rose herb tea prepared,0.31,0.27002713721306015
318,"Tea, Flor de Jamaica, prepared",Beverages,2,tea flor de jamaica prepared,6.99,2.0781907597781832
319,"Tea, fruit, Mango, prepared",Beverages,2,tea fruit mango prepared,0.98,0.6830968447064438
320,"Tea, fruit, wild berries, prepared",Beverages,2,tea fruit wild berries prepared,0.49,0.3987761199573678
321,"Tea, green, (pink) powder",Beverages,2,tea green pink powder,1347.83,7.206992828993124
322,"Tea, green, Assam TGFOP, prepared",Beverages,2,tea green assam tgfop prepared,1.49,0.9122827104766162
323,"Tea, green, dried",Beverages,2,tea green dried,24.31,3.2311995745570328
324,"Tea, green, Earl Grey, prepared",Beverages,2,tea green earl grey prepared,1.43,0.8878912573524571
325,"Tea, green, Emperors Garden, prepared",Beverages,2,tea green emperors garden prepared,1.36,0.8586616190375187
326,"Tea, green, Green Java, prepared",Beverages,2,tea green green java prepared,2.62,1.2864740258376797
327,"Tea, green, Green Label, dried",Beverages,2,tea green green label dried,6.77,2.050270164379556
328,"Tea, green, Gunpowder, prepared",Beverages,2,tea green gunpowder prepared,1.31,0.8372475245337022
329,"Tea, green, Gunpowder, prepared",Beverages,2,tea green gunpowder prepared,1.19,0.7839015438284094
330,"Tea, green, Jasmin, prepared",Beverages,2,tea green jasmin prepared,1.27,0.8197798314933114
331,"Tea, green, Jasmine, prepared",Beverages,2,tea green jasmine prepared,1.93,1.0750024230289759
332,"Tea, green, Jasmine, prepared",Beverages,2,tea green jasmine prepared,2.11,1.1346227261911428
333,"Tea, green, Java Green, prepared",Beverages,2,tea green java green prepared,2.31,1.1969481893889715
334,"Tea, green, leaves, dried, Kashmir Kahawa",Beverages,2,tea green leaves dried kashmir kahawa,10.13,2.4096441652874536
335,"Tea, green, Ling ching, prepared",Beverages,2,tea green ling ching prepared,1.26,0.8153648132841945
336,"Tea, green, mint, prepared",Beverages,2,tea green mint prepared,0.88,0.6312717768418579
337,"Tea, green, Monkey, prepared",Beverages,2,tea green monkey prepared,0.57,0.4510756193602167
338,"Tea, green, Sencha, prepared",Beverages,2,tea green sencha prepared,1.24,0.8064758658669485
339,"Tea, green, Spesial Chun Mee, prepared",Beverages,2,tea green spesial chun mee prepared,1.43,0.8878912573524571
340,"Tea, herb, Mate‐brown, prepared",Beverages,2,tea herb matebrown prepared,0.27,0.23901690047049992
341,"Tea, iced tea, brewed, unsweetened",Beverages,2,tea iced tea brewed unsweetened,0.37,0.31481073984003355
342,"Tea, iced tea, peach",Beverages,2,tea iced tea peach,0.46,0.3784364357202451
343,"Tea, iced tea, ready to drink, brisk lemon iced tea",Beverages,2,tea iced tea ready to drink brisk lemon iced tea,0.05,0.04879016416943201
344,"Tea, iced tea, ready to drink, iced tea with lemon flavor",Beverages,2,tea iced tea ready to drink iced tea with lemon flavor,0.16,0.14842000511827327
345,"Tea, iced tea, ready to drink, natural lemon iced tea",Beverages,2,tea iced tea ready to drink natural lemon iced tea,0.05,0.04879016416943201
346,"Tea, instant, dry powder, unsweetened",Beverages,2,tea instant dry powder unsweetened,165.86,5.117155137473929
347,"Tea, instant, dry powder, with lemon and sugar, prepared",Beverages,2,tea instant dry powder with lemon and sugar prepared,0.94,0.6626879730752367
348,"Tea, leaves, fresh",Beverages,2,tea leaves fresh,26.55,3.3160025355989236
349,"Tea, Peppermint, ground and whole fresh leaves, prepared",Beverages,2,tea peppermint ground and whole fresh leaves prepared,0.43,0.3576744442718159
350,"Tea, Rabs Classic Malawi Tea, dried",Beverages,2,tea rabs classic malawi tea dried,57.72,4.07278038430626
351,"Tea, Roiboos, Aspalathus linearis, prepared",Beverages,2,tea roiboos aspalathus linearis prepared,0.42,0.35065687161316933
352,"Tea, Rooibos, prepared",Beverages,2,tea rooibos prepared,0.61,0.4762341789963716
353,"Tea, Sermoni, green tea, prepared",Beverages,2,tea sermoni green tea prepared,2.45,1.2383742310432684
354,"Tea, Sermoni, powder",Beverages,2,tea sermoni powder,155.42,5.052544697173465
355,"Vanilla shake, national",Beverages,2,vanilla shake national,0.08,0.07696104113612832
356,"Whisky, Finest Scotch Whisky",Beverages,2,whisky finest scotch whisky,0.1,0.09531017980432487
357,"White soda, regular",Beverages,2,white soda regular,0.0,0.0
358,"White soda, regular",Beverages,2,white soda regular,0.0,0.0
359,"Wine, Danish Cherry‐wine",Beverages,2,wine danish cherrywine,0.23,0.20701416938432615
360,"Wine, red, Amigo",Beverages,2,wine red amigo,2.15,1.1474024528375417
361,"Wine, red, Arrow 2000",Beverages,2,wine red arrow 2000,2.44,1.235471471385307
362,"Wine, red, Banrock Station Shiraz",Beverages,2,wine red banrock station shiraz,1.97,1.0885619528146082
363,"Wine, red, Baro`n de Oña toija 1996",Beverages,2,wine red baro n de ona toija 1996,2.03,1.1085626195212777
364,"Wine, red, Boheme",Beverages,2,wine red boheme,2.06,1.1184149159642893
365,"Wine, red, Canaletto 2000",Beverages,2,wine red canaletto 2000,3.05,1.3987168811184478
366,"Wine, red, Canepa 2000",Beverages,2,wine red canepa 2000,2.82,1.3402504226184837
367,"Wine, red, Capella",Beverages,2,wine red capella,2.49,1.2499017362143359
368,"Wine, red, Cato Negro",Beverages,2,wine red cato negro,2.49,1.2499017362143359
369,"Wine, red, Chanti Collisensi 2003",Beverages,2,wine red chanti collisensi 2003,3.08,1.4060969884160703
370,"Wine, red, Chapelle Du Bois",Beverages,2,wine red chapelle du bois,1.94,1.0784095813505903
371,"Wine, red, Chateau Coufran1999",Beverages,2,wine red chateau coufran1999,2.62,1.2864740258376797
372,"Wine, red, Chianti Classico 2000",Beverages,2,wine red chianti classico 2000,2.68,1.3029127521808397
373,"Wine, red, Côte de Nuits‐ Villages1998",Beverages,2,wine red cote de nuits villages1998,1.78,1.0224509277025458
374,"Wine, red, Crozes Hermitage 1999",Beverages,2,wine red crozes hermitage 1999,2.24,1.1755733298042381
375,"Wine, red, Fortino",Beverages,2,wine red fortino,2.55,1.2669476034873244
376,"Wine, red, J.P.Chenet",Beverages,2,wine red j p chenet,2.83,1.3428648031925547
377,"Wine, red, Kimberly 2001",Beverages,2,wine red kimberly 2001,2.33,1.2029723039923526
378,"Wine, red, La Boiselière",Beverages,2,wine red la boiseliere,1.82,1.0367368849500223
379,"Wine, red, La Buvette",Beverages,2,wine red la buvette,2.37,1.2149127443642704
380,"Wine, red, Merlot",Beverages,2,wine red merlot,2.13,1.1410330045520618
381,"Wine, red, Mezzamonde Negramoro",Beverages,2,wine red mezzamonde negramoro,2.9,1.3609765531356006
382,"Wine, red, Montepulciano 2001",Beverages,2,wine red montepulciano 2001,3.66,1.5390154481375546
383,"Wine, red, Syrah, bag‐in‐box",Beverages,2,wine red syrah baginbox,2.1,1.1314021114911006
384,"Wine, red, Terriero 2001",Beverages,2,wine red terriero 2001,2.41,1.2267122912954256
385,"Wine, red, Vidigal Reserva",Beverages,2,wine red vidigal reserva,2.69,1.3056264580524357
386,"Wine, red, Vino Maipo",Beverages,2,wine red vino maipo,2.7,1.308332819650179
387,"Wine, white, Black Tower",Beverages,2,wine white black tower,0.19,0.173953307123438
388,"Wine, white, Blue Nun",Beverages,2,wine white blue nun,0.37,0.31481073984003355
389,"Wine, white, Caliterra 2000",Beverages,2,wine white caliterra 2000,0.3,0.26236426446749106
390,"Wine, white, Chardonnay",Beverages,2,wine white chardonnay,0.16,0.14842000511827327
391,"Wine, white, Dr. L. Riesling",Beverages,2,wine white dr l riesling,0.25,0.22314355131420976
392,"Wine, white, Dunvar",Beverages,2,wine white dunvar,0.44,0.36464311358790924
393,"Wine, white, Liebfraumilch Silbervin",Beverages,2,wine white liebfraumilch silbervin,0.5,0.4054651081081644
394,"Wine, white, Milestone 2001",Beverages,2,wine white milestone 2001,0.47,0.3852624007906449
395,"Wine, white, Moscato",Beverages,2,wine white moscato,0.42,0.35065687161316933
396,"Wine, white, Moselland",Beverages,2,wine white moselland,0.38,0.32208349916911333
397,"Wine, white, Moselland Ars Vitis",Beverages,2,wine white moselland ars vitis,0.4,0.33647223662121295
398,"Wine, white, Müller Reiler Wom Heissen Stein",Beverages,2,wine white muller reiler wom heissen stein,0.3,0.26236426446749106
399,"Wine, white, Tarquet",Beverages,2,wine white tarquet,0.5,0.4054651081081644
400,"Wine, white, Viogner",Beverages,2,wine white viogner,0.56,0.44468582126144574
401,100% Bran,Breakfast cereals,3,100 bran,1.2,0.7884573603642702
402,"100% Natural Granola, Oats, Honey, & Raisins",Breakfast cereals,3,100 natural granola oats honey raisins,0.16,0.14842000511827327
403,All‐Bran,Breakfast cereals,3,allbran,1.68,0.9858167945227653
404,All‐Bran,Breakfast cereals,3,allbran,1.56,0.9400072584914712
405,All‐Bran Plus,Breakfast cereals,3,allbran plus,1.68,0.9858167945227653
406,All‐Bran Regular,Breakfast cereals,3,allbran regular,1.96,1.085189268335969
407,Bran Flakes,Breakfast cereals,3,bran flakes,1.21,0.7929925155296614
408,Bran Flakes,Breakfast cereals,3,bran flakes,4.29,1.665818245870208
409,Cap'n Crunch Peanut Butter Cereal,Breakfast cereals,3,cap n crunch peanut butter cereal,0.53,0.4252677354043441
410,Cheerios,Breakfast cereals,3,cheerios,1.12,0.7514160886839212
411,Cheerios,Breakfast cereals,3,cheerios,1.09,0.7371640659767197
412,Cheerios,Breakfast cereals,3,cheerios,0.97,0.6780335427498971
413,Cocoa Krispies,Breakfast cereals,3,cocoa krispies,1.56,0.9400072584914712
414,"Cocos‐frokost, chocolate flavor",Breakfast cereals,3,cocosfrokost chocolate flavor,0.88,0.6312717768418579
415,Complete,Breakfast cereals,3,complete,4.84,1.7647307968401358
416,"Corn and Rice, Crispix",Breakfast cereals,3,corn and rice crispix,1.13,0.7561219797213337
417,"Corn and Rice, Crispy Doubles",Breakfast cereals,3,corn and rice crispy doubles,0.72,0.5423242908253616
418,"Corn and Rice, Crispy Hexagons",Breakfast cereals,3,corn and rice crispy hexagons,0.88,0.6312717768418579
419,"Corn and Rice, Crispy Hexagons",Breakfast cereals,3,corn and rice crispy hexagons,0.78,0.5766133643039938
420,Corn Chef,Breakfast cereals,3,corn chef,1.18,0.7793248768009976
421,Corn Flakes,Breakfast cereals,3,corn flakes,1.23,0.8020015854720274
422,Corn Flakes,Breakfast cereals,3,corn flakes,0.85,0.6151856390902335
423,Corn Flakes,Breakfast cereals,3,corn flakes,1.28,0.8241754429663495
424,Corn Flakes,Breakfast cereals,3,corn flakes,0.98,0.6830968447064438
425,Corn Flakes,Breakfast cereals,3,corn flakes,0.7,0.5306282510621704
426,"Corn Flakes, ecological",Breakfast cereals,3,corn flakes ecological,0.62,0.4824261492442927
427,"Corn Flakes, Honey Crunch",Breakfast cereals,3,corn flakes honey crunch,0.66,0.5068176023684519
428,"Corn Squares, Corn Biscuits",Breakfast cereals,3,corn squares corn biscuits,0.46,0.3784364357202451
429,"Corn Squares, Toasted Corn",Breakfast cereals,3,corn squares toasted corn,0.5,0.4054651081081644
430,Crispix,Breakfast cereals,3,crispix,0.74,0.5538851132264376
431,Crusli,Breakfast cereals,3,crusli,0.52,0.41871033485818504
432,"Crusli, Solfrokost",Breakfast cereals,3,crusli solfrokost,0.59,0.46373401623214017
433,Energy Mix,Breakfast cereals,3,energy mix,0.45,0.37156355643248307
434,Fiber One,Breakfast cereals,3,fiber one,2.17,1.1537315878891892
435,Fitness,Breakfast cereals,3,fitness,0.99,0.688134638736401
436,Fitness & Fruits,Breakfast cereals,3,fitness fruits,0.53,0.4252677354043441
437,Froot Loops,Breakfast cereals,3,froot loops,0.9,0.6418538861723948
438,Frosted Flakes,Breakfast cereals,3,frosted flakes,0.89,0.636576829071551
439,Frosted Mine Wheets,Breakfast cereals,3,frosted mine wheets,0.23,0.20701416938432615
440,Grape Nuts Flakes,Breakfast cereals,3,grape nuts flakes,0.88,0.6312717768418579
441,"Grear grains, Pecan Crunch",Breakfast cereals,3,grear grains pecan crunch,1.09,0.7371640659767197
442,Honey Bunckes of Oats,Breakfast cereals,3,honey bunckes of oats,0.34,0.29266961396282
443,Honey Nut Cheerios,Breakfast cereals,3,honey nut cheerios,1.04,0.712949807856125
444,Just Right,Breakfast cereals,3,just right,0.58,0.4574248470388754
445,Kix,Breakfast cereals,3,kix,0.55,0.4382549309311553
446,Life,Breakfast cereals,3,life,0.36,0.3074846997479606
447,"Loops, Multi Grain",Breakfast cereals,3,loops multi grain,0.53,0.4252677354043441
448,Low fat Granola,Breakfast cereals,3,low fat granola,0.53,0.4252677354043441
449,Mueslix,Breakfast cereals,3,mueslix,0.64,0.49469624183610705
450,Multi‐Grain Chex,Breakfast cereals,3,multigrain chex,1.97,1.0885619528146082
451,Müsli Whole Grain,Breakfast cereals,3,musli whole grain,0.41,0.3435897043900769
452,"Müsli, Frokost",Breakfast cereals,3,musli frokost,0.48,0.3920420877760237
453,"Müsli, Frokost",Breakfast cereals,3,musli frokost,0.66,0.5068176023684519
454,Nabisco Shredded,Breakfast cereals,3,nabisco shredded,0.44,0.36464311358790924
455,Oat Circle,Breakfast cereals,3,oat circle,0.84,0.6097655716208943
456,Oat squares,Breakfast cereals,3,oat squares,1.14,0.76080582903376
457,"Oat, puffed",Breakfast cereals,3,oat puffed,2.11,1.1346227261911428
458,"Oat, puffed",Breakfast cereals,3,oat puffed,1.89,1.0612565021243408
459,"Oat, puffed",Breakfast cereals,3,oat puffed,1.79,1.0260415958332743
460,Old Glory,Breakfast cereals,3,old glory,1.05,0.7178397931503169
461,Original shredded wheat,Breakfast cereals,3,original shredded wheat,0.23,0.20701416938432615
462,Paisin Bran,Breakfast cereals,3,paisin bran,0.73,0.5481214085096876
463,Product 19,Breakfast cereals,3,product 19,4.01,1.6114359150967734
464,Puffed Rice,Breakfast cereals,3,puffed rice,0.43,0.3576744442718159
465,Puffed Rice,Breakfast cereals,3,puffed rice,0.29,0.2546422183735807
466,Puffed Wheat,Breakfast cereals,3,puffed wheat,1.26,0.8153648132841945
467,Raisin Bran,Breakfast cereals,3,raisin bran,1.16,0.7701082216960736
468,Raisin Bran,Breakfast cereals,3,raisin bran,0.77,0.5709795465857378
469,Raisin Bran,Breakfast cereals,3,raisin bran,0.75,0.5596157879354227
470,Rice Chex,Breakfast cereals,3,rice chex,0.37,0.31481073984003355
471,Rice Crisp,Breakfast cereals,3,rice crisp,0.86,0.6205764877251099
472,Rice Crisp,Breakfast cereals,3,rice crisp,1.02,0.7030975114131134
473,Rice Krispies,Breakfast cereals,3,rice krispies,0.88,0.6312717768418579
474,Rice Puffs,Breakfast cereals,3,rice puffs,0.24,0.2151113796169455
475,"Rice, puffed",Breakfast cereals,3,rice puffed,0.3,0.26236426446749106
476,Shredded Wheat,Breakfast cereals,3,shredded wheat,0.24,0.2151113796169455
477,Shredded Wheat,Breakfast cereals,3,shredded wheat,0.22,0.1988508587451652
478,Special,Breakfast cereals,3,special,0.9,0.6418538861723948
479,Special K,Breakfast cereals,3,special k,1.56,0.9400072584914712
480,Special K,Breakfast cereals,3,special k,1.83,1.0402767116551463
481,Squares,Breakfast cereals,3,squares,1.03,0.708035793053696
482,"Squares, with cinnamon",Breakfast cereals,3,squares with cinnamon,1.01,0.6981347220709844
483,Total,Breakfast cereals,3,total,2.51,1.2556160374777745
484,Uncle Sam Cereal,Breakfast cereals,3,uncle sam cereal,1.12,0.7514160886839212
485,Weetabix,Breakfast cereals,3,weetabix,1.3,0.832909122935104
486,"Weetos, with chockolate flavor",Breakfast cereals,3,weetos with chockolate flavor,0.8,0.5877866649021191
487,Wheat Chex,Breakfast cereals,3,wheat chex,1.17,0.7747271675523681
488,Wheat Puffs,Breakfast cereals,3,wheat puffs,1.64,0.9707789171582247
489,Wheaties,Breakfast cereals,3,wheaties,1.67,0.9820784724121581
490,Whole Grain Total,Breakfast cereals,3,whole grain total,3.41,1.4838746894587547
491,"Cacao, for baking, powder, Regia",Chocolate and sweets,4,cacao for baking powder regia,13.74,2.6905648867611904
492,Candy bars,Chocolate and sweets,4,candy bars,1.4,0.8754687373538999
493,"Candy bars, Snickers",Chocolate and sweets,4,candy bars snickers,0.73,0.5481214085096876
494,"Candy bars, Wafer Bar",Chocolate and sweets,4,candy bars wafer bar,0.72,0.5423242908253616
495,"Caramel, creem, Smørbukk",Chocolate and sweets,4,caramel creem smrbukk,1.31,0.8372475245337022
496,"Caramel, lemon, FOX",Chocolate and sweets,4,caramel lemon fox,0.11,0.10436001532424277
497,Chocolate,Chocolate and sweets,4,chocolate,3.08,1.4060969884160703
498,"Chocolate butter, Sjokade",Chocolate and sweets,4,chocolate butter sjokade,1.15,0.7654678421395714
499,"Chocolate butter, Sjokella",Chocolate and sweets,4,chocolate butter sjokella,0.73,0.5481214085096876
500,"Chocolate, Cacao Gastronomie, 100%",Chocolate and sweets,4,chocolate cacao gastronomie 100,11.22,2.503073953743449
501,"Chocolate, chocolate covered cacao nibs, 53% cocoa",Chocolate and sweets,4,chocolate chocolate covered cacao nibs 53 cocoa,13.29,2.659559991941776
502,"Chocolate, chocolate covered coffe beans, 53% cocoa",Chocolate and sweets,4,chocolate chocolate covered coffe beans 53 cocoa,12.62,2.611539300721366
503,"Chocolate, chocolate discs, 70% cocoa",Chocolate and sweets,4,chocolate chocolate discs 70 cocoa,14.98,2.7713379403381286
504,"Chocolate, dark chocolate, Colombian coffee bits, 70% cocoa",Chocolate and sweets,4,chocolate dark chocolate colombian coffee bits 70 cocoa,14.79,2.7593768282675506
505,"Chocolate, dark chocolate, Columbian singel origin, 70% cocoa",Chocolate and sweets,4,chocolate dark chocolate columbian singel origin 70 cocoa,13.56,2.67827804276854
506,"Chocolate, dark chocolate,Columbian singel origin with cacao nibs, 70%",Chocolate and sweets,4,chocolate dark chocolate columbian singel origin with cacao nibs 70,14.47,2.738902664584975
507,"cocoa Chocolate, dark, 70% cocoa",Chocolate and sweets,4,cocoa chocolate dark 70 cocoa,7.83,2.178155014615869
508,"Chocolate, dark, 70% cocoa",Chocolate and sweets,4,chocolate dark 70 cocoa,13.44,2.67000213346468
509,"Chocolate, dark, Bocca Dark",Chocolate and sweets,4,chocolate dark bocca dark,7.67,2.1598687907924505
510,"Chocolate, dark, for baking, Mørk Kokesjokolade",Chocolate and sweets,4,chocolate dark for baking mrk kokesjokolade,9.04,2.306577114263583
511,"Chocolate, dark, Lindt Excellence extra fine, 85% cocoa",Chocolate and sweets,4,chocolate dark lindt excellence extra fine 85 cocoa,13.58,2.6796507265805123
512,"Chocolate, dark, Lindt Exellence 99% cocoa",Chocolate and sweets,4,chocolate dark lindt exellence 99 cocoa,12.09,2.5718485799218085
513,"Chocolate, dark, Noir Amer, Guanaja, 70% cocoa",Chocolate and sweets,4,chocolate dark noir amer guanaja 70 cocoa,10.74,2.4630018143999504
514,"Chocolate, dark, Noir Dark, Lindt Excellence, 70% cocoa",Chocolate and sweets,4,chocolate dark noir dark lindt excellence 70 cocoa,8.38,2.238579763018133
515,"Chocolate, dark, Noir de Domiane, Ampamakia, 64% cocoa",Chocolate and sweets,4,chocolate dark noir de domiane ampamakia 64 cocoa,10.33,2.4274540750399147
516,"Chocolate, dark, Noir de Domiane, Chuao, 65% cocoa",Chocolate and sweets,4,chocolate dark noir de domiane chuao 65 cocoa,12.26,2.5847519847577165
517,"Chocolate, dark, Noir de Domiane, Gran Couva, 64% cocoa",Chocolate and sweets,4,chocolate dark noir de domiane gran couva 64 cocoa,7.64,2.1564025828159643
518,"Chocolate, dark, Noir, 72% cocoa",Chocolate and sweets,4,chocolate dark noir 72 cocoa,11.0,2.4849066497880004
519,"Chocolate, dark, Sensation Brut Noir de Noir, 86% cocoa",Chocolate and sweets,4,chocolate dark sensation brut noir de noir 86 cocoa,11.67,2.5392369943330477
520,"Chocolate, dark, Sensation intense Noir de Noir, 70% cocoa",Chocolate and sweets,4,chocolate dark sensation intense noir de noir 70 cocoa,9.03,2.305580601973844
521,"Chocolate, dark, Superior Dark 72% cocoa",Chocolate and sweets,4,chocolate dark superior dark 72 cocoa,11.35,2.513656063073986
522,"Chocolate, dark, Toblerone",Chocolate and sweets,4,chocolate dark toblerone,1.71,0.9969486348916095
523,"Chocolate, Dronning",Chocolate and sweets,4,chocolate dronning,4.73,1.7457155307266483
524,"Chocolate, for baking, Lys Kokesjokolade",Chocolate and sweets,4,chocolate for baking lys kokesjokolade,3.59,1.5238800240724537
525,"Chocolate, for baking, unsweetened",Chocolate and sweets,4,chocolate for baking unsweetened,7.28,2.1138429683971682
526,"Chocolate, for baking, unsweetened",Chocolate and sweets,4,chocolate for baking unsweetened,10.47,2.4397349311412793
527,"Chocolate, Kvikk Lunsj",Chocolate and sweets,4,chocolate kvikk lunsj,1.48,0.9082585601768908
528,"Chocolate, milk chocolate",Chocolate and sweets,4,chocolate milk chocolate,1.44,0.8919980393051105
529,"Chocolate, milk chocolate candy",Chocolate and sweets,4,chocolate milk chocolate candy,1.95,1.0818051703517284
530,"Chocolate, milk chocolate candy",Chocolate and sweets,4,chocolate milk chocolate candy,1.25,0.8109302162163288
531,"Chocolate, milk chocolate candy",Chocolate and sweets,4,chocolate milk chocolate candy,1.55,0.9360933591703348
532,"Chocolate, milk chocolate candy, Hershey Kisses",Chocolate and sweets,4,chocolate milk chocolate candy hershey kisses,1.5,0.9162907318741551
533,"Chocolate, milk chocolate peanut butter cups, miniatures",Chocolate and sweets,4,chocolate milk chocolate peanut butter cups miniatures,1.07,0.7275486072772778
534,"Chocolate, milk chocolate, Freia Melkesjokolade",Chocolate and sweets,4,chocolate milk chocolate freia melkesjokolade,5.06,1.801709800081223
535,"Chocolate, Milky Way",Chocolate and sweets,4,chocolate milky way,0.73,0.5481214085096876
536,"Chocolate, Mokkabønner",Chocolate and sweets,4,chocolate mokkabnner,6.23,1.9782390361706734
537,"Chocolate, New Energy",Chocolate and sweets,4,chocolate new energy,1.2,0.7884573603642702
538,"Chocolate, Noir Nestlé Dessert",Chocolate and sweets,4,chocolate noir nestle dessert,7.87,2.1826747963214883
539,"Chocolate, peanut butter cup miniatures, sugar‐free",Chocolate and sweets,4,chocolate peanut butter cup miniatures sugarfree,1.08,0.7323678937132266
540,"Chocolate, Selskapssjokolade",Chocolate and sweets,4,chocolate selskapssjokolade,4.94,1.7817091333745536
541,"Chocolate, semi‐dark, Colombian Singel Origin, 53% cocoa",Chocolate and sweets,4,chocolate semidark colombian singel origin 53 cocoa,7.4,2.128231705849268
542,"Chocolate, Snickers",Chocolate and sweets,4,chocolate snickers,0.8,0.5877866649021191
543,"Chocolate, sugar‐free, chocolate candy",Chocolate and sweets,4,chocolate sugarfree chocolate candy,2.57,1.2725655957915476
544,"Chocolate, sugar‐free, dark chocolate candy",Chocolate and sweets,4,chocolate sugarfree dark chocolate candy,4.19,1.6467336971777973
545,"Chocolate, sweet authentic mexican chocolate",Chocolate and sweets,4,chocolate sweet authentic mexican chocolate,8.83,2.285438934159075
546,"Chocolate, Voll‐Nuss (with whole hazelnuts)",Chocolate and sweets,4,chocolate vollnuss with whole hazelnuts,0.62,0.4824261492442927
547,"Chocolate, white, with coconut",Chocolate and sweets,4,chocolate white with coconut,0.23,0.20701416938432615
548,"Chocolate, with hazelnuts, Bocca Dark",Chocolate and sweets,4,chocolate with hazelnuts bocca dark,5.31,1.8421356765531218
549,"Chocolate, with pieces of hazelnuts, Firkløver",Chocolate and sweets,4,chocolate with pieces of hazelnuts firklver,1.2,0.7884573603642702
550,"Chocolate, with whole hazelnuts, Helnøtt",Chocolate and sweets,4,chocolate with whole hazelnuts helntt,0.82,0.598836501088704
551,"Coconut, sweetened, flaked",Chocolate and sweets,4,coconut sweetened flaked,0.09,0.08617769624105233
552,"Cononut, sweetened, flaked",Chocolate and sweets,4,cononut sweetened flaked,0.09,0.08617769624105233
553,"Cononut, sweetened, flaked, Angel Flake",Chocolate and sweets,4,cononut sweetened flaked angel flake,0.1,0.09531017980432487
554,"Granola bars, 100% natural crunchy oats and honey",Chocolate and sweets,4,granola bars 100 natural crunchy oats and honey,0.83,0.6043159668533296
555,"Granola bars, chewy, chocolate chip",Chocolate and sweets,4,granola bars chewy chocolate chip,0.76,0.5653138090500605
556,"Granola bars, chewy, chocolate chip",Chocolate and sweets,4,granola bars chewy chocolate chip,0.36,0.3074846997479606
557,"Granola bars, chewy, chocolate chip",Chocolate and sweets,4,granola bars chewy chocolate chip,0.6,0.4700036292457356
558,"Granola bars, chewy, oats and honey",Chocolate and sweets,4,granola bars chewy oats and honey,0.4,0.33647223662121295
559,"Granola bars, crunchy",Chocolate and sweets,4,granola bars crunchy,0.78,0.5766133643039938
560,"Liquorice candy, Godt og blandet",Chocolate and sweets,4,liquorice candy godt og blandet,4.71,1.7422190236679187
561,"Liquorice candy, NOX",Chocolate and sweets,4,liquorice candy nox,1.25,0.8109302162163288
562,"Liquorice candy, Skipper lakrisbåter",Chocolate and sweets,4,liquorice candy skipper lakrisbater,0.69,0.5247285289349821
563,Marzipan,Chocolate and sweets,4,marzipan,0.05,0.04879016416943201
564,"Marzipan, luxury quality",Chocolate and sweets,4,marzipan luxury quality,0.05,0.04879016416943201
565,Milk chocolate peanut butter cups,Chocolate and sweets,4,milk chocolate peanut butter cups,0.96,0.6729444732424258
566,"Nut and chocolate butter, Nugatti",Chocolate and sweets,4,nut and chocolate butter nugatti,1.1,0.7419373447293773
567,"Power bar, chocolate flavor",Chocolate and sweets,4,power bar chocolate flavor,2.76,1.324418957401803
568,"Slim‐Fast Meal options, Chewy Granola, chocolate chip, artificially flavored",Chocolate and sweets,4,slimfast meal options chewy granola chocolate chip artificially flavored,1.96,1.085189268335969
569,"Slim‐Fast Meal options, milk chocolate peanut flavored, meal on‐the‐go",Chocolate and sweets,4,slimfast meal options milk chocolate peanut flavored meal onthego,2.1,1.1314021114911006
570,"Slim‐Fast Meal options, oatmeal raisin, natural & artificially flavored,meal on‐ the‐go",Chocolate and sweets,4,slimfast meal options oatmeal raisin natural artificially flavored meal on thego,3.55,1.515127232962859
571,"Buttermilk, skimmed",Dairy and dairy products,5,buttermilk skimmed,0.05,0.04879016416943201
572,"Buttermilk, special 1.5% fat, Biola",Dairy and dairy products,5,buttermilk special 1 5 fat biola,0.05,0.04879016416943201
573,"Buttermilk, special 1.5% fat, Cultura",Dairy and dairy products,5,buttermilk special 1 5 fat cultura,0.04,0.039220713153281295
574,"Cheese, american cheese/pasteurized process cheese",Dairy and dairy products,5,cheese american cheese pasteurized process cheese,0.06,0.058268908123975775
575,"Cheese, american cheese/pasteurized process cheese food",Dairy and dairy products,5,cheese american cheese pasteurized process cheese food,0.04,0.039220713153281295
576,"Cheese, american cheese/pasteurized process cheese food",Dairy and dairy products,5,cheese american cheese pasteurized process cheese food,0.06,0.058268908123975775
577,"Cheese, american/skim, white, sliced, commodity",Dairy and dairy products,5,cheese american skim white sliced commodity,0.03,0.0295588022415444
578,"Cheese, american/skim, yellow, sliced",Dairy and dairy products,5,cheese american skim yellow sliced,0.04,0.039220713153281295
579,"Cheese, american/skim, yellow, sliced, commodity",Dairy and dairy products,5,cheese american skim yellow sliced commodity,0.04,0.039220713153281295
580,"Cheese, Brie Coeur de Lion",Dairy and dairy products,5,cheese brie coeur de lion,0.22,0.1988508587451652
581,"Cheese, brown goat cheese",Dairy and dairy products,5,cheese brown goat cheese,0.78,0.5766133643039938
582,"Cheese, Cheddar, chunk",Dairy and dairy products,5,cheese cheddar chunk,0.06,0.058268908123975775
583,"Cheese, Cheddar, chunk",Dairy and dairy products,5,cheese cheddar chunk,0.09,0.08617769624105233
584,"Cheese, Gorgonzola dolce",Dairy and dairy products,5,cheese gorgonzola dolce,0.54,0.43178241642553783
585,"Cheese, Mozzarella, low moisture part skim",Dairy and dairy products,5,cheese mozzarella low moisture part skim,0.06,0.058268908123975775
586,"Cheese, Mozzarella, low moisture part skim",Dairy and dairy products,5,cheese mozzarella low moisture part skim,0.04,0.039220713153281295
587,"Cheese, Mozzarella, whole milk",Dairy and dairy products,5,cheese mozzarella whole milk,0.12,0.11332868530700317
588,"Cheese, Mozzarella, whole milk",Dairy and dairy products,5,cheese mozzarella whole milk,0.06,0.058268908123975775
589,"Cheese, Mozzarella, whole milk",Dairy and dairy products,5,cheese mozzarella whole milk,0.1,0.09531017980432487
590,"Cheese, Mozzarella, whole milk",Dairy and dairy products,5,cheese mozzarella whole milk,0.11,0.10436001532424277
591,"Cheese, Parmesan, grated",Dairy and dairy products,5,cheese parmesan grated,0.06,0.058268908123975775
592,"Cheese, Parmesan, grated",Dairy and dairy products,5,cheese parmesan grated,0.1,0.09531017980432487
593,"Cheese, Philadelphia, original",Dairy and dairy products,5,cheese philadelphia original,0.19,0.173953307123438
594,"Cheese, processed, commodity",Dairy and dairy products,5,cheese processed commodity,0.06,0.058268908123975775
595,"Cheese, processed, white, sliced",Dairy and dairy products,5,cheese processed white sliced,0.03,0.0295588022415444
596,"Cheese, processed, yellow, sliced, commodity",Dairy and dairy products,5,cheese processed yellow sliced commodity,0.04,0.039220713153281295
597,"Cheese, processed, yellow, sliced, commodity",Dairy and dairy products,5,cheese processed yellow sliced commodity,0.05,0.04879016416943201
598,"Cheese, Roquefort",Dairy and dairy products,5,cheese roquefort,0.43,0.3576744442718159
599,"Cheese, St Agur",Dairy and dairy products,5,cheese st agur,0.65,0.5007752879124893
600,"Cheese, Stilton ring",Dairy and dairy products,5,cheese stilton ring,0.54,0.43178241642553783
601,"Cheese, Swiss Cheese, slices",Dairy and dairy products,5,cheese swiss cheese slices,0.08,0.07696104113612832
602,"Cheese, Swiss Cheese, slices",Dairy and dairy products,5,cheese swiss cheese slices,0.07,0.06765864847381481
603,"Cheese, white, Norvegia",Dairy and dairy products,5,cheese white norvegia,0.1,0.09531017980432487
604,Cottage Cheese,Dairy and dairy products,5,cottage cheese,0.05,0.04879016416943201
605,"Cream, 22% fat",Dairy and dairy products,5,cream 22 fat,0.06,0.058268908123975775
606,"Cream, 35% fat",Dairy and dairy products,5,cream 35 fat,0.07,0.06765864847381481
607,Goatmilk,Dairy and dairy products,5,goatmilk,0.04,0.039220713153281295
608,Ice cream,Dairy and dairy products,5,ice cream,0.0,0.0
609,"Ice cream, chocolate, regular fat",Dairy and dairy products,5,ice cream chocolate regular fat,0.5,0.4054651081081644
610,"Ice cream, chocolate, regular fat",Dairy and dairy products,5,ice cream chocolate regular fat,0.76,0.5653138090500605
611,"Ice cream, chocolate, regular fat, grand chocolate flavor",Dairy and dairy products,5,ice cream chocolate regular fat grand chocolate flavor,0.71,0.5364933705145685
612,"Ice cream, regular fat, natural vanilla",Dairy and dairy products,5,ice cream regular fat natural vanilla,0.05,0.04879016416943201
613,"Ice cream, regular fat, natural vanilla",Dairy and dairy products,5,ice cream regular fat natural vanilla,0.06,0.058268908123975775
614,"Ice cream, vanilla",Dairy and dairy products,5,ice cream vanilla,0.22,0.1988508587451652
615,"Ice cream, vanilla",Dairy and dairy products,5,ice cream vanilla,0.32,0.2776317365982795
616,"Ice cream, vanilla, regular fat",Dairy and dairy products,5,ice cream vanilla regular fat,0.07,0.06765864847381481
617,"Ice cream, vanilla, regular fat",Dairy and dairy products,5,ice cream vanilla regular fat,0.06,0.058268908123975775
618,"Ice cream, with strawberry",Dairy and dairy products,5,ice cream with strawberry,0.21,0.1906203596086497
619,"Milk, 1%",Dairy and dairy products,5,milk 1,0.05,0.04879016416943201
620,"Milk, 2%",Dairy and dairy products,5,milk 2,0.04,0.039220713153281295
621,"Milk, chocolate, 2% reduced fat",Dairy and dairy products,5,milk chocolate 2 reduced fat,0.17,0.15700374880966475
622,"Milk, chocolate, 2%, reduced fat",Dairy and dairy products,5,milk chocolate 2 reduced fat,0.14,0.1310282624064041
623,"Milk, extra semi‐skimmed",Dairy and dairy products,5,milk extra semiskimmed,0.04,0.039220713153281295
624,"Milk, Kefir",Dairy and dairy products,5,milk kefir,0.05,0.04879016416943201
625,"Milk, semi‐skimmed",Dairy and dairy products,5,milk semiskimmed,0.04,0.039220713153281295
626,"Milk, semi‐skimmed, ecological",Dairy and dairy products,5,milk semiskimmed ecological,0.04,0.039220713153281295
627,"Milk, semi‐skimmed, lactose reduced",Dairy and dairy products,5,milk semiskimmed lactose reduced,0.05,0.04879016416943201
628,"Milk, semi‐skimmed, Q‐Melk",Dairy and dairy products,5,milk semiskimmed qmelk,0.05,0.04879016416943201
629,"Milk, skim",Dairy and dairy products,5,milk skim,0.04,0.039220713153281295
630,"Milk, skimmed",Dairy and dairy products,5,milk skimmed,0.04,0.039220713153281295
631,"Milk, skimmed",Dairy and dairy products,5,milk skimmed,0.03,0.0295588022415444
632,"Milk, skimmed fermented",Dairy and dairy products,5,milk skimmed fermented,0.05,0.04879016416943201
633,"Milk, skimmed fermented with blackcurrants",Dairy and dairy products,5,milk skimmed fermented with blackcurrants,0.27,0.23901690047049992
634,"Milk, skimmed fermented with blueberries",Dairy and dairy products,5,milk skimmed fermented with blueberries,0.42,0.35065687161316933
635,"Milk, skimmed with blueberries",Dairy and dairy products,5,milk skimmed with blueberries,0.35,0.30010459245033805
636,"Milk, skimmed, Q ‐Melk",Dairy and dairy products,5,milk skimmed q melk,0.05,0.04879016416943201
637,"Milk, skimmed, with blackcurrants",Dairy and dairy products,5,milk skimmed with blackcurrants,0.2,0.18232155679395462
638,"Milk, whole, H‐Melk",Dairy and dairy products,5,milk whole hmelk,0.04,0.039220713153281295
639,"Milk, whole, Q‐Melk",Dairy and dairy products,5,milk whole qmelk,0.04,0.039220713153281295
640,Sour cream,Dairy and dairy products,5,sour cream,0.01,0.009950330853168083
641,Sour cream,Dairy and dairy products,5,sour cream,0.06,0.058268908123975775
642,Sour cream,Dairy and dairy products,5,sour cream,0.15,0.13976194237515868
643,Sour cream,Dairy and dairy products,5,sour cream,0.03,0.0295588022415444
644,"Sour cream, low fat",Dairy and dairy products,5,sour cream low fat,0.09,0.08617769624105233
645,Vanilla milkshake,Dairy and dairy products,5,vanilla milkshake,0.12,0.11332868530700317
646,Wendy's Ice,Dairy and dairy products,5,wendy s ice,0.0,0.0
647,Yogurt,Dairy and dairy products,5,yogurt,0.04,0.039220713153281295
648,"Yogurt, 99% fat free, strawberry",Dairy and dairy products,5,yogurt 99 fat free strawberry,0.11,0.10436001532424277
649,"Yogurt, frozen, chocolate",Dairy and dairy products,5,yogurt frozen chocolate,0.45,0.37156355643248307
650,"Yogurt, frozen, fat free, vanilla",Dairy and dairy products,5,yogurt frozen fat free vanilla,0.06,0.058268908123975775
651,"Yogurt, frozen, vanilla",Dairy and dairy products,5,yogurt frozen vanilla,0.05,0.04879016416943201
652,"Yogurt, mixed wild berries",Dairy and dairy products,5,yogurt mixed wild berries,0.25,0.22314355131420976
653,"Yogurt, original",Dairy and dairy products,5,yogurt original,0.06,0.058268908123975775
654,"Yogurt, prunes",Dairy and dairy products,5,yogurt prunes,0.11,0.10436001532424277
655,"Yogurt, strawberries",Dairy and dairy products,5,yogurt strawberries,0.08,0.07696104113612832
656,"Yogurt, strawberry, fruit on the bottom",Dairy and dairy products,5,yogurt strawberry fruit on the bottom,0.13,0.12221763272424921
657,Apple pie,Desserts and cakes,6,apple pie,0.19,0.173953307123438
658,Brownies,Desserts and cakes,6,brownies,0.6,0.4700036292457356
659,"Bun, with cinnamon",Desserts and cakes,6,bun with cinnamon,0.5,0.4054651081081644
660,"Bun, with cinnamon and vanilla cream",Desserts and cakes,6,bun with cinnamon and vanilla cream,0.37,0.31481073984003355
661,"Bun, with currants",Desserts and cakes,6,bun with currants,0.46,0.3784364357202451
662,"Cake frosting, chocolate, ready‐to‐spread, creamy chocolate",Desserts and cakes,6,cake frosting chocolate readytospread creamy chocolate,0.8,0.5877866649021191
663,"Cake frosting, chocolate, ready‐to‐spread, creamy homestyle classic chocolate",Desserts and cakes,6,cake frosting chocolate readytospread creamy homestyle classic chocolate,0.92,0.6523251860396903
664,"Cake frosting, chocolate, ready‐to‐spread, creamy homestyle milk chocolate",Desserts and cakes,6,cake frosting chocolate readytospread creamy homestyle milk chocolate,1.01,0.6981347220709844
665,"Cake frosting, chocolate, ready‐to‐spread, creamy milk chocolate",Desserts and cakes,6,cake frosting chocolate readytospread creamy milk chocolate,1.09,0.7371640659767197
666,"Cake frosting, chocolate, ready‐to‐spread, rich & creamy",Desserts and cakes,6,cake frosting chocolate readytospread rich creamy,0.81,0.5933268452777344
667,"Cake frosting, vanilla, ready‐ to‐spread, creamy",Desserts and cakes,6,cake frosting vanilla ready tospread creamy,0.09,0.08617769624105233
668,"Cake frosting, vanilla, ready‐ to‐spread, creamy homestyle",Desserts and cakes,6,cake frosting vanilla ready tospread creamy homestyle,0.04,0.039220713153281295
669,"Cake frosting, vanilla, ready‐ to‐spread, rich & creamy",Desserts and cakes,6,cake frosting vanilla ready tospread rich creamy,0.15,0.13976194237515868
670,"Cake mix, chocolate devils food cake mix, dry, Super Moist",Desserts and cakes,6,cake mix chocolate devils food cake mix dry super moist,0.69,0.5247285289349821
671,"Cake mix, chocolate devils food cake mix, dry, Moist Deluxe",Desserts and cakes,6,cake mix chocolate devils food cake mix dry moist deluxe,0.9,0.6418538861723948
672,"Cake mix, chocolate devils food cake mix, dry, Moist Supreme",Desserts and cakes,6,cake mix chocolate devils food cake mix dry moist supreme,0.98,0.6830968447064438
673,"Cake Mix, chocolate devils food cake mix, prepared, moist deluxe",Desserts and cakes,6,cake mix chocolate devils food cake mix prepared moist deluxe,0.38,0.32208349916911333
674,"Cake mix, chocolate devils food cake mix, prepared, super moist",Desserts and cakes,6,cake mix chocolate devils food cake mix prepared super moist,0.43,0.3576744442718159
675,Chocolate cake,Desserts and cakes,6,chocolate cake,0.38,0.32208349916911333
676,"Chocolate cake, filled",Desserts and cakes,6,chocolate cake filled,0.8,0.5877866649021191
677,"Chocolate cake, filled, dark, Sachertorte",Desserts and cakes,6,chocolate cake filled dark sachertorte,0.71,0.5364933705145685
678,"Chocolate devils food cake mix, moist supreme, prepared",Desserts and cakes,6,chocolate devils food cake mix moist supreme prepared,0.61,0.4762341789963716
679,"Chocolate muffin, with chocolate chips",Desserts and cakes,6,chocolate muffin with chocolate chips,0.93,0.6575200029167942
680,Cini‐Minis,Desserts and cakes,6,ciniminis,0.61,0.4762341789963716
681,"Cookies, chocolate chip",Desserts and cakes,6,cookies chocolate chip,2.23,1.172482137234565
682,"Cookies, chocolate chip",Desserts and cakes,6,cookies chocolate chip,1.38,0.8671004876833832
683,"Cookies, chocolate chip",Desserts and cakes,6,cookies chocolate chip,1.29,0.8285518175661483
684,"Cookies, chocolate chip",Desserts and cakes,6,cookies chocolate chip,1.72,1.000631880307906
685,"Cookies, chocolate chip",Desserts and cakes,6,cookies chocolate chip,0.6,0.4700036292457356
686,"Cookies, chocolate chip",Desserts and cakes,6,cookies chocolate chip,1.0,0.6931471805599453
687,"Cookies, chocolate chip cookies, with hazelnuts",Desserts and cakes,6,cookies chocolate chip cookies with hazelnuts,0.88,0.6312717768418579
688,"Cookies, chocolate with vanilla creme filling",Desserts and cakes,6,cookies chocolate with vanilla creme filling,1.84,1.0438040521731147
689,"Cookies, chocolate with vanilla creme filling",Desserts and cakes,6,cookies chocolate with vanilla creme filling,1.56,0.9400072584914712
690,"Cookies, chocolate with vanilla creme filling, double stuf",Desserts and cakes,6,cookies chocolate with vanilla creme filling double stuf,1.54,0.9321640810304452
691,"Cupcakes, chocolate",Desserts and cakes,6,cupcakes chocolate,1.15,0.7654678421395714
692,"Cupcakes, chocolate",Desserts and cakes,6,cupcakes chocolate,0.97,0.6780335427498971
693,Doughnuts with candy sprinkles,Desserts and cakes,6,doughnuts with candy sprinkles,0.26,0.23111172096338664
694,"Doughnuts, cake, chocolate covered",Desserts and cakes,6,doughnuts cake chocolate covered,0.29,0.2546422183735807
695,"Doughnuts, cake, chocolate covered",Desserts and cakes,6,doughnuts cake chocolate covered,0.87,0.6259384308664953
696,"Doughnuts, cake, plain",Desserts and cakes,6,doughnuts cake plain,0.14,0.1310282624064041
697,"Doughnuts, chocolate‐glazed",Desserts and cakes,6,doughnuts chocolateglazed,0.45,0.37156355643248307
698,"Doughnuts, glazed, plain",Desserts and cakes,6,doughnuts glazed plain,0.18,0.16551443847757338
699,"Doughnuts, glazed, plain",Desserts and cakes,6,doughnuts glazed plain,0.16,0.14842000511827327
700,"Doughnuts, mini‐cake‐type with powdered sugar",Desserts and cakes,6,doughnuts minicaketype with powdered sugar,0.11,0.10436001532424277
701,"Doughnuts, original glazed",Desserts and cakes,6,doughnuts original glazed,0.32,0.2776317365982795
702,Frosty dairy dessert,Desserts and cakes,6,frosty dairy dessert,0.16,0.14842000511827327
703,Fruit dessert,Desserts and cakes,6,fruit dessert,0.29,0.2546422183735807
704,"Fruit dessert, red",Desserts and cakes,6,fruit dessert red,0.38,0.32208349916911333
705,"Ice‐type novelties, containing fruit juice",Desserts and cakes,6,icetype novelties containing fruit juice,0.1,0.09531017980432487
706,"Ice‐type novelties, regular, cherry flavor",Desserts and cakes,6,icetype novelties regular cherry flavor,0.01,0.009950330853168083
707,"Ice‐type novelties, regular, grape flavor",Desserts and cakes,6,icetype novelties regular grape flavor,0.01,0.009950330853168083
708,"Ice‐type novelties, regular, orange flavor",Desserts and cakes,6,icetype novelties regular orange flavor,0.01,0.009950330853168083
709,"Ice‐type novelties, sugar free, cherry flavor",Desserts and cakes,6,icetype novelties sugar free cherry flavor,0.09,0.08617769624105233
710,"Ice‐type novelties, sugar free, grape flavor",Desserts and cakes,6,icetype novelties sugar free grape flavor,0.09,0.08617769624105233
711,"Ice‐type novelties, sugar free, orange flavor",Desserts and cakes,6,icetype novelties sugar free orange flavor,0.09,0.08617769624105233
712,"Jello, snack, strawberry flavor",Desserts and cakes,6,jello snack strawberry flavor,0.03,0.0295588022415444
713,"Jello, snack, strawberry flavor",Desserts and cakes,6,jello snack strawberry flavor,0.0,0.0
714,"Jello, snack, strawberry/orange flavor",Desserts and cakes,6,jello snack strawberry orange flavor,0.01,0.009950330853168083
715,"Jello, snack, strawberry/orange flavor",Desserts and cakes,6,jello snack strawberry orange flavor,0.01,0.009950330853168083
716,"Jello, with gooseberry flavor, powder, prepared",Desserts and cakes,6,jello with gooseberry flavor powder prepared,0.0,0.0
717,"Jello, with strawberry flavor",Desserts and cakes,6,jello with strawberry flavor,0.05,0.04879016416943201
718,Muffin with blueberries,Desserts and cakes,6,muffin with blueberries,0.46,0.3784364357202451
719,Muffin with blueberries,Desserts and cakes,6,muffin with blueberries,0.46,0.3784364357202451
720,"Muffin with blueberries, Mini Muffins",Desserts and cakes,6,muffin with blueberries mini muffins,0.37,0.31481073984003355
721,"Pancakes, buttermilk frozen, microwave",Desserts and cakes,6,pancakes buttermilk frozen microwave,0.17,0.15700374880966475
722,"Pancakes, buttermilk, frozen, microwaved",Desserts and cakes,6,pancakes buttermilk frozen microwaved,0.07,0.06765864847381481
723,"Pancakes, buttermilk, frozen, microwaved",Desserts and cakes,6,pancakes buttermilk frozen microwaved,0.1,0.09531017980432487
724,"Pancakes, buttermilk, frozen, toasted",Desserts and cakes,6,pancakes buttermilk frozen toasted,0.13,0.12221763272424921
725,"Pancakes, buttermilk, frozen, toasted",Desserts and cakes,6,pancakes buttermilk frozen toasted,0.27,0.23901690047049992
726,"Pancakes, buttermilk, frozen, uncooked",Desserts and cakes,6,pancakes buttermilk frozen uncooked,0.23,0.20701416938432615
727,"Pancakes, buttermilk, frozen, uncooked",Desserts and cakes,6,pancakes buttermilk frozen uncooked,0.14,0.1310282624064041
728,"Pie crust, frozen deep dish, regular fat",Desserts and cakes,6,pie crust frozen deep dish regular fat,0.05,0.04879016416943201
729,"Pie crust, frozen deep dish, regular fat",Desserts and cakes,6,pie crust frozen deep dish regular fat,0.01,0.009950330853168083
730,"Pie crust, frozen deep dish, regular fat",Desserts and cakes,6,pie crust frozen deep dish regular fat,0.05,0.04879016416943201
731,"Pie crust, frozen deep dish, regular fat, baked",Desserts and cakes,6,pie crust frozen deep dish regular fat baked,0.15,0.13976194237515868
732,"Pie crust, frozen deep dish, regular fat, baked",Desserts and cakes,6,pie crust frozen deep dish regular fat baked,0.21,0.1906203596086497
733,"Pie crust, frozen deep dish, regular fat, baked",Desserts and cakes,6,pie crust frozen deep dish regular fat baked,0.17,0.15700374880966475
734,"Pie crust, frozen, regular fat",Desserts and cakes,6,pie crust frozen regular fat,0.08,0.07696104113612832
735,"Pie crust, frozen, regular fat, baked",Desserts and cakes,6,pie crust frozen regular fat baked,0.31,0.27002713721306015
736,Prune dessert,Desserts and cakes,6,prune dessert,0.67,0.5128236264286637
737,"Pudding mix, chocolate, cook & serve",Desserts and cakes,6,pudding mix chocolate cook serve,2.24,1.1755733298042381
738,"Pudding mix, chocolate, sugar free, cook & serve",Desserts and cakes,6,pudding mix chocolate sugar free cook serve,4.1,1.62924053973028
739,"Pudding mix, chocolate, sugar‐free, fat‐free instant",Desserts and cakes,6,pudding mix chocolate sugarfree fatfree instant,2.74,1.3190856114264407
740,"Pudding mix, vanilla, sugar‐ free, fat‐free instant",Desserts and cakes,6,pudding mix vanilla sugar free fatfree instant,0.37,0.31481073984003355
741,"Pudding mix, vanilla, cook & serve",Desserts and cakes,6,pudding mix vanilla cook serve,0.14,0.1310282624064041
742,"Pudding mix, vanilla, instant",Desserts and cakes,6,pudding mix vanilla instant,0.13,0.12221763272424921
743,"Pudding mix, vanilla, sugar free, cook & serve",Desserts and cakes,6,pudding mix vanilla sugar free cook serve,0.75,0.5596157879354227
744,"Pudding, caramel, Piano, ready‐to‐eat",Desserts and cakes,6,pudding caramel piano readytoeat,0.03,0.0295588022415444
745,"Pudding, chocolate, Piano, ready‐to‐eat",Desserts and cakes,6,pudding chocolate piano readytoeat,0.35,0.30010459245033805
746,"Pudding, handi snacks pudding, vanilla flavor",Desserts and cakes,6,pudding handi snacks pudding vanilla flavor,0.05,0.04879016416943201
747,"Pudding, handi snacks, chocolate flavor",Desserts and cakes,6,pudding handi snacks chocolate flavor,0.41,0.3435897043900769
748,"Pudding, refrigerated fat free, snack pack, tapioca flavor",Desserts and cakes,6,pudding refrigerated fat free snack pack tapioca flavor,0.08,0.07696104113612832
749,"Pudding, refrigerated, snack pack, chocolate flavor",Desserts and cakes,6,pudding refrigerated snack pack chocolate flavor,0.4,0.33647223662121295
750,"Pudding, refrigerated, snack pack, chocolate flavor",Desserts and cakes,6,pudding refrigerated snack pack chocolate flavor,0.31,0.27002713721306015
751,"Pudding, refrigerated, snack pack, vanilla flavor",Desserts and cakes,6,pudding refrigerated snack pack vanilla flavor,0.02,0.019802627296179712
752,"Pudding, refrigerated, tapioca flavor",Desserts and cakes,6,pudding refrigerated tapioca flavor,0.04,0.039220713153281295
753,"Pudding, refrigerated, vanilla flavor",Desserts and cakes,6,pudding refrigerated vanilla flavor,0.06,0.058268908123975775
754,"Pudding, snack pack, chocolate flavor",Desserts and cakes,6,pudding snack pack chocolate flavor,0.26,0.23111172096338664
755,"Pudding, snack pack, tapioca flavor",Desserts and cakes,6,pudding snack pack tapioca flavor,0.03,0.0295588022415444
756,"Pudding, snack pack, vanilla flavor",Desserts and cakes,6,pudding snack pack vanilla flavor,0.06,0.058268908123975775
757,"Soup, dog rose",Desserts and cakes,6,soup dog rose,2.79,1.332366019094335
758,"Toaster pastries, strawberry, frosted",Desserts and cakes,6,toaster pastries strawberry frosted,0.18,0.16551443847757338
759,"Toaster pastries, strawberry, frosted",Desserts and cakes,6,toaster pastries strawberry frosted,0.15,0.13976194237515868
760,"Toaster pastries, strawberry, frosted, toasted",Desserts and cakes,6,toaster pastries strawberry frosted toasted,0.28,0.2468600779315258
761,"Toaster pastries, strawberry, frosted, toasted",Desserts and cakes,6,toaster pastries strawberry frosted toasted,0.28,0.2468600779315258
762,"Toaster pastries, strawberry, plain (not frosted)",Desserts and cakes,6,toaster pastries strawberry plain not frosted,0.17,0.15700374880966475
763,"Toaster pastries, strawberry, plain (not frosted)",Desserts and cakes,6,toaster pastries strawberry plain not frosted,0.16,0.14842000511827327
764,"Toaster pastries, strawberry, plain, toasted (not frosted)",Desserts and cakes,6,toaster pastries strawberry plain toasted not frosted,0.31,0.27002713721306015
765,Waffels,Desserts and cakes,6,waffels,0.21,0.1906203596086497
766,"Waffles, buttermilk, frozen",Desserts and cakes,6,waffles buttermilk frozen,0.12,0.11332868530700317
767,"Waffles, buttermilk, frozen",Desserts and cakes,6,waffles buttermilk frozen,0.08,0.07696104113612832
768,"Waffles, buttermilk, frozen, microwaved",Desserts and cakes,6,waffles buttermilk frozen microwaved,0.07,0.06765864847381481
769,"Waffles, buttermilk, frozen, microwaved",Desserts and cakes,6,waffles buttermilk frozen microwaved,0.12,0.11332868530700317
770,"Waffles, buttermilk, frozen, toasted",Desserts and cakes,6,waffles buttermilk frozen toasted,0.16,0.14842000511827327
771,"Waffles, buttermilk, frozen, toasted",Desserts and cakes,6,waffles buttermilk frozen toasted,0.2,0.18232155679395462
772,"Waffles, buttermilk, frozen, toasted",Desserts and cakes,6,waffles buttermilk frozen toasted,0.11,0.10436001532424277
773,"Waffles, buttermilk, frozen, toasted",Desserts and cakes,6,waffles buttermilk frozen toasted,0.2,0.18232155679395462
774,"Waffles, regular, frozen",Desserts and cakes,6,waffles regular frozen,0.07,0.06765864847381481
775,"Waffles, regular, frozen",Desserts and cakes,6,waffles regular frozen,0.1,0.09531017980432487
776,"Waffles, regular, frozen microwaved",Desserts and cakes,6,waffles regular frozen microwaved,0.06,0.058268908123975775
777,"Waffles, regular, frozen, microwaved",Desserts and cakes,6,waffles regular frozen microwaved,0.09,0.08617769624105233
778,"Waffles, regular, frozen, toasted",Desserts and cakes,6,waffles regular frozen toasted,0.17,0.15700374880966475
779,"Waffles, regular, frozen, toasted",Desserts and cakes,6,waffles regular frozen toasted,0.17,0.15700374880966475
780,"Waffles, regular, frozen, toasted",Desserts and cakes,6,waffles regular frozen toasted,0.16,0.14842000511827327
781,"Waffles, regular, frozen, toasted",Desserts and cakes,6,waffles regular frozen toasted,0.11,0.10436001532424277
782,"Egg, beaters",Egg,7,egg beaters,0.0,0.0
783,"Egg, scrambled, with milk",Egg,7,egg scrambled with milk,0.08,0.07696104113612832
784,"Egg, whites",Egg,7,egg whites,0.0,0.0
785,"Egg, whites",Egg,7,egg whites,0.01,0.009950330853168083
786,"Egg, whole",Egg,7,egg whole,0.06,0.058268908123975775
787,"Egg, whole",Egg,7,egg whole,0.04,0.039220713153281295
788,"Egg, whole",Egg,7,egg whole,0.02,0.019802627296179712
789,"Egg, whole, fried",Egg,7,egg whole fried,0.05,0.04879016416943201
790,"Egg, whole, hard cooked",Egg,7,egg whole hard cooked,0.04,0.039220713153281295
791,"Egg, yolk",Egg,7,egg yolk,0.16,0.14842000511827327
792,"Egg, yolk",Egg,7,egg yolk,0.05,0.04879016416943201
793,"Egg, yolk",Egg,7,egg yolk,0.02,0.019802627296179712
794,Butter,Fats and oils,8,butter,0.73,0.5481214085096876
795,"Butter, Tine smør, Ekte Meierismør",Fats and oils,8,butter tine smr ekte meierismr,0.36,0.3074846997479606
796,Canola and corn oil blend,Fats and oils,8,canola and corn oil blend,0.29,0.2546422183735807
797,Canola and corn oil blend,Fats and oils,8,canola and corn oil blend,0.19,0.173953307123438
798,Canola oil,Fats and oils,8,canola oil,0.39,0.3293037471426004
799,Canola oil,Fats and oils,8,canola oil,0.48,0.3920420877760237
800,Canola oil,Fats and oils,8,canola oil,0.46,0.3784364357202451
801,Canola oil,Fats and oils,8,canola oil,0.51,0.412109650826833
802,"Canola oil, cold‐pressed",Fats and oils,8,canola oil coldpressed,0.44,0.36464311358790924
803,Corn oil,Fats and oils,8,corn oil,0.34,0.29266961396282
804,Corn oil,Fats and oils,8,corn oil,0.33,0.2851789422336624
805,Corn oil,Fats and oils,8,corn oil,0.49,0.3987761199573678
806,"Margarine, Brelett Oliven, light",Fats and oils,8,margarine brelett oliven light,0.44,0.36464311358790924
807,"Margarine, Brelett, light",Fats and oils,8,margarine brelett light,0.52,0.41871033485818504
808,"Margarine, Bremykt",Fats and oils,8,margarine bremykt,0.4,0.33647223662121295
809,"Margarine, Melange",Fats and oils,8,margarine melange,1.5,0.9162907318741551
810,"Margarine, Per",Fats and oils,8,margarine per,1.66,0.9783261227936076
811,"Margarine, Soft Flora",Fats and oils,8,margarine soft flora,1.38,0.8671004876833832
812,"Margarine, Soft light",Fats and oils,8,margarine soft light,1.0,0.6931471805599453
813,"Margarine, Soya",Fats and oils,8,margarine soya,1.53,0.9282193027394289
814,Olive oil,Fats and oils,8,olive oil,0.23,0.20701416938432615
815,"Olive oil, extra virgin",Fats and oils,8,olive oil extra virgin,0.25,0.22314355131420976
816,"Olive oil, extra virgin",Fats and oils,8,olive oil extra virgin,0.41,0.3435897043900769
817,"Olive oil, extra virgin",Fats and oils,8,olive oil extra virgin,0.29,0.2546422183735807
818,"Olive oil, extra virgin",Fats and oils,8,olive oil extra virgin,0.36,0.3074846997479606
819,"Olive oil, extra virgin",Fats and oils,8,olive oil extra virgin,0.31,0.27002713721306015
820,"Olive oil, extra virgin, Fraticello",Fats and oils,8,olive oil extra virgin fraticello,0.19,0.173953307123438
821,"Olive oil, extra virgin, Kalamata D.O.P.",Fats and oils,8,olive oil extra virgin kalamata d o p,0.31,0.27002713721306015
822,"Olive oil, extra virgin, Sitia‐ crete D.O.P.",Fats and oils,8,olive oil extra virgin sitia crete d o p,0.28,0.2468600779315258
823,"Olive oil, Kalamata extra virgin, golden selection",Fats and oils,8,olive oil kalamata extra virgin golden selection,0.29,0.2546422183735807
824,"Olive oil, Kalamata extra virgin, organic farming",Fats and oils,8,olive oil kalamata extra virgin organic farming,0.25,0.22314355131420976
825,Soy bean oil,Fats and oils,8,soy bean oil,0.47,0.3852624007906449
826,Soy bean oil,Fats and oils,8,soy bean oil,0.35,0.30010459245033805
827,Soy bean oil,Fats and oils,8,soy bean oil,0.53,0.4252677354043441
828,Soy bean oil,Fats and oils,8,soy bean oil,0.43,0.3576744442718159
829,Sunflower oil,Fats and oils,8,sunflower oil,0.33,0.2851789422336624
830,Vegetable oil,Fats and oils,8,vegetable oil,0.34,0.29266961396282
831,Vegetable oil,Fats and oils,8,vegetable oil,0.41,0.3435897043900769
832,"Crab, canned",Fish and seafood,9,crab canned,0.12,0.11332868530700317
833,"Fish sticks, breaded, frozen, baked, Crunchy Fish Sticks",Fish and seafood,9,fish sticks breaded frozen baked crunchy fish sticks,0.08,0.07696104113612832
834,"Fish sticks, breaded, frozen, baked, Crunchy Golden Fish Sticks",Fish and seafood,9,fish sticks breaded frozen baked crunchy golden fish sticks,0.07,0.06765864847381481
835,"Fish sticks, breaded, frozen, baked, Select Cuts Crunchy Fish Sticks",Fish and seafood,9,fish sticks breaded frozen baked select cuts crunchy fish sticks,0.08,0.07696104113612832
836,"Fish sticks, breaded, frozen, Crunchy Fish Sticks",Fish and seafood,9,fish sticks breaded frozen crunchy fish sticks,0.07,0.06765864847381481
837,"Fish sticks, breaded, frozen, Crunchy Golden Fish Sticks",Fish and seafood,9,fish sticks breaded frozen crunchy golden fish sticks,0.06,0.058268908123975775
838,"Fish sticks, breaded, frozen, Select Cuts Crunchy Fish Sticks",Fish and seafood,9,fish sticks breaded frozen select cuts crunchy fish sticks,0.07,0.06765864847381481
839,"Kapenta, dried",Fish and seafood,9,kapenta dried,0.65,0.5007752879124893
840,"Mackerel, fried",Fish and seafood,9,mackerel fried,0.12,0.11332868530700317
841,"Mackerel, raw",Fish and seafood,9,mackerel raw,0.11,0.10436001532424277
842,"Orange roughy, fillets",Fish and seafood,9,orange roughy fillets,0.03,0.0295588022415444
843,"Orange roughy, fillets, baked",Fish and seafood,9,orange roughy fillets baked,0.04,0.039220713153281295
844,"Pollock burger, fried",Fish and seafood,9,pollock burger fried,0.2,0.18232155679395462
845,"Pollock filet, raw",Fish and seafood,9,pollock filet raw,0.04,0.039220713153281295
846,"Prawns, peeled, cooked",Fish and seafood,9,prawns peeled cooked,0.24,0.2151113796169455
847,"Salmon, pink, canned with skin and bones",Fish and seafood,9,salmon pink canned with skin and bones,0.08,0.07696104113612832
848,"Salmon, pink, canned with skin and bones",Fish and seafood,9,salmon pink canned with skin and bones,0.07,0.06765864847381481
849,"Salmon, pink, canned with skin and bones",Fish and seafood,9,salmon pink canned with skin and bones,0.07,0.06765864847381481
850,"Salmon, pink, canned with skin and bones",Fish and seafood,9,salmon pink canned with skin and bones,0.07,0.06765864847381481
851,"Salmon, raw",Fish and seafood,9,salmon raw,0.03,0.0295588022415444
852,"Salmon, Red/Sockeye, canned with skin and bones",Fish and seafood,9,salmon red sockeye canned with skin and bones,0.1,0.09531017980432487
853,"Salmon, Red/Sockeye, canned with skin and bones",Fish and seafood,9,salmon red sockeye canned with skin and bones,0.08,0.07696104113612832
854,"Salmon, Red/Sockeye, canned with skin and bones",Fish and seafood,9,salmon red sockeye canned with skin and bones,0.06,0.058268908123975775
855,"Salmon, Red/Sockeye, canned with skin and bones",Fish and seafood,9,salmon red sockeye canned with skin and bones,0.13,0.12221763272424921
856,"Shrimp, canned, cooked",Fish and seafood,9,shrimp canned cooked,0.04,0.039220713153281295
857,"Tilapia, fillets, baked",Fish and seafood,9,tilapia fillets baked,0.14,0.1310282624064041
858,"Tilapia, fillets, raw",Fish and seafood,9,tilapia fillets raw,0.08,0.07696104113612832
859,"Tuna, canned, chunk, light, in water",Fish and seafood,9,tuna canned chunk light in water,0.1,0.09531017980432487
860,"Tuna, canned, chunk, light, in water",Fish and seafood,9,tuna canned chunk light in water,0.09,0.08617769624105233
861,"Tuna, canned, chunk, light, in water",Fish and seafood,9,tuna canned chunk light in water,0.12,0.11332868530700317
862,"Tuna, canned, in oil",Fish and seafood,9,tuna canned in oil,0.21,0.1906203596086497
863,"Tuna, canned, in water",Fish and seafood,9,tuna canned in water,0.09,0.08617769624105233
864,"Apples, Composite of Red Delicious, Golden Delicious, Granny Smith, Gala, & Fuji,",Fruit and fruit juices,10,apples composite of red delicious golden delicious granny smith gala fuji,0.31,0.27002713721306015
865,"Apples, dried",Fruit and fruit juices,10,apples dried,1.86,1.0508216248317612
866,"Apples, dried",Fruit and fruit juices,10,apples dried,3.49,1.501852701754163
867,"Apples, dried (Tasmanian dried apples)",Fruit and fruit juices,10,apples dried tasmanian dried apples,6.07,1.9558604799084813
868,"Apples, Fuji",Fruit and fruit juices,10,apples fuji,0.22,0.1988508587451652
869,"Apples, Gala",Fruit and fruit juices,10,apples gala,0.25,0.22314355131420976
870,"Apples, Gala",Fruit and fruit juices,10,apples gala,0.22,0.1988508587451652
871,"Apples, Golden Delicious",Fruit and fruit juices,10,apples golden delicious,0.15,0.13976194237515868
872,"Apples, Golden Delicious",Fruit and fruit juices,10,apples golden delicious,0.26,0.23111172096338664
873,"Apples, Golden Delicious, without peel",Fruit and fruit juices,10,apples golden delicious without peel,0.1,0.09531017980432487
874,"Apples, Granny Smith",Fruit and fruit juices,10,apples granny smith,0.54,0.43178241642553783
875,"Apples, Granny Smith",Fruit and fruit juices,10,apples granny smith,0.51,0.412109650826833
876,"Apples, green, Greenstar",Fruit and fruit juices,10,apples green greenstar,1.22,0.7975071958841881
877,"Apples, red, Fuji",Fruit and fruit juices,10,apples red fuji,0.4,0.33647223662121295
878,"Apples, red, Pink Lady",Fruit and fruit juices,10,apples red pink lady,0.35,0.30010459245033805
879,"Apples, red, Pinova",Fruit and fruit juices,10,apples red pinova,0.57,0.4510756193602167
880,"Apples, red, Red Delicious",Fruit and fruit juices,10,apples red red delicious,0.4,0.33647223662121295
881,"Apples, red, Red Delicious, ecological",Fruit and fruit juices,10,apples red red delicious ecological,0.48,0.3920420877760237
882,"Apples, red, Red Delicious, without peel",Fruit and fruit juices,10,apples red red delicious without peel,0.08,0.07696104113612832
883,Apricots,Fruit and fruit juices,10,apricots,0.52,0.41871033485818504
884,"Apricots, canned, drained",Fruit and fruit juices,10,apricots canned drained,0.14,0.1310282624064041
885,"Apricots, dried",Fruit and fruit juices,10,apricots dried,1.32,0.8415671856782186
886,"Apricots, dried",Fruit and fruit juices,10,apricots dried,3.23,1.4422019930581866
887,"Apricots, dried",Fruit and fruit juices,10,apricots dried,4.67,1.7351891177396608
888,"Apricots, dried",Fruit and fruit juices,10,apricots dried,3.23,1.4422019930581866
889,Banana,Fruit and fruit juices,10,banana,0.34,0.29266961396282
890,Banana,Fruit and fruit juices,10,banana,0.27,0.23901690047049992
891,Banana,Fruit and fruit juices,10,banana,0.08,0.07696104113612832
892,Cherries,Fruit and fruit juices,10,cherries,0.35,0.30010459245033805
893,"Cherries, sour, canned, heavy syrup, total can contents",Fruit and fruit juices,10,cherries sour canned heavy syrup total can contents,1.65,0.9745596399981308
894,"Cherries, sour, canned, water pack, drained liquid",Fruit and fruit juices,10,cherries sour canned water pack drained liquid,1.66,0.9783261227936076
895,"Cherries, sour, canned, water pack, drained liquid",Fruit and fruit juices,10,cherries sour canned water pack drained liquid,1.72,1.000631880307906
896,"Cherries, sour, canned, water pack, drained solids",Fruit and fruit juices,10,cherries sour canned water pack drained solids,2.01,1.1019400787607843
897,"Cherries, sour, canned, water pack, drained solids",Fruit and fruit juices,10,cherries sour canned water pack drained solids,2.04,1.1118575154181303
898,Clementines,Fruit and fruit juices,10,clementines,0.74,0.5538851132264376
899,Clementines,Fruit and fruit juices,10,clementines,0.99,0.688134638736401
900,Clementines,Fruit and fruit juices,10,clementines,0.75,0.5596157879354227
901,Clementines,Fruit and fruit juices,10,clementines,0.95,0.6678293725756554
902,Currant (raisins of Korinth),Fruit and fruit juices,10,currant raisins of korinth,0.67,0.5128236264286637
903,Dates,Fruit and fruit juices,10,dates,1.04,0.712949807856125
904,Dates,Fruit and fruit juices,10,dates,0.95,0.6678293725756554
905,"Dates, Deglet Noor",Fruit and fruit juices,10,dates deglet noor,0.72,0.5423242908253616
906,"Dates, dried",Fruit and fruit juices,10,dates dried,1.53,0.9282193027394289
907,"Dates, dried, Chuhare",Fruit and fruit juices,10,dates dried chuhare,1.88,1.0577902941478545
908,"Dates, Medjool",Fruit and fruit juices,10,dates medjool,0.56,0.44468582126144574
909,Figs,Fruit and fruit juices,10,figs,0.73,0.5481214085096876
910,Figs,Fruit and fruit juices,10,figs,0.78,0.5766133643039938
911,"Figs, dried",Fruit and fruit juices,10,figs dried,0.75,0.5596157879354227
912,"Figs, dried",Fruit and fruit juices,10,figs dried,0.76,0.5653138090500605
913,"Figs, dried",Fruit and fruit juices,10,figs dried,0.42,0.35065687161316933
914,"Figs, dried",Fruit and fruit juices,10,figs dried,1.08,0.7323678937132266
915,"Figs, dried, Calimyrna",Fruit and fruit juices,10,figs dried calimyrna,1.83,1.0402767116551463
916,"Figs, dried, Mission",Fruit and fruit juices,10,figs dried mission,1.31,0.8372475245337022
917,Fruit from the African Baobab tree,Fruit and fruit juices,10,fruit from the african baobab tree,10.84,2.4714836294558595
918,"Fruit salad, traditional, in natural juice",Fruit and fruit juices,10,fruit salad traditional in natural juice,0.36,0.3074846997479606
919,Glacè cherries,Fruit and fruit juices,10,glace cherries,0.14,0.1310282624064041
920,"Grapefruit, red",Fruit and fruit juices,10,grapefruit red,0.59,0.46373401623214017
921,"Grapefruit, red",Fruit and fruit juices,10,grapefruit red,0.83,0.6043159668533296
922,"Grapefruit, yellow",Fruit and fruit juices,10,grapefruit yellow,0.82,0.598836501088704
923,"Grapes, blue",Fruit and fruit juices,10,grapes blue,0.69,0.5247285289349821
924,"Grapes, blue",Fruit and fruit juices,10,grapes blue,2.42,1.2296405510745139
925,"Grapes, blue",Fruit and fruit juices,10,grapes blue,0.9,0.6418538861723948
926,"Grapes, blue, Don Mario",Fruit and fruit juices,10,grapes blue don mario,0.78,0.5766133643039938
927,"Grapes, blue, Salvi",Fruit and fruit juices,10,grapes blue salvi,0.8,0.5877866649021191
928,"Grapes, green",Fruit and fruit juices,10,grapes green,0.13,0.12221763272424921
929,"Grapes, green",Fruit and fruit juices,10,grapes green,0.41,0.3435897043900769
930,"Grapes, green, Mario de Cristo",Fruit and fruit juices,10,grapes green mario de cristo,0.3,0.26236426446749106
931,"Grapes, green, Salvi",Fruit and fruit juices,10,grapes green salvi,0.24,0.2151113796169455
932,"Grapes, green, without stone",Fruit and fruit juices,10,grapes green without stone,0.18,0.16551443847757338
933,"Grapes, red",Fruit and fruit juices,10,grapes red,0.32,0.2776317365982795
934,"Grapes, red",Fruit and fruit juices,10,grapes red,0.47,0.3852624007906449
935,Guava,Fruit and fruit juices,10,guava,1.21,0.7929925155296614
936,"Guava, wild",Fruit and fruit juices,10,guava wild,1.18,0.7793248768009976
937,Honeydew,Fruit and fruit juices,10,honeydew,0.12,0.11332868530700317
938,"Ice, sorbet, mango",Fruit and fruit juices,10,ice sorbet mango,0.11,0.10436001532424277
939,"Jam, apple",Fruit and fruit juices,10,jam apple,0.86,0.6205764877251099
940,"Jam, apple",Fruit and fruit juices,10,jam apple,0.77,0.5709795465857378
941,"Japanese plum pulp, paste",Fruit and fruit juices,10,japanese plum pulp paste,0.45,0.37156355643248307
942,Juice from canned apricots,Fruit and fruit juices,10,juice from canned apricots,0.14,0.1310282624064041
943,"Juice, 4 frukter (4 fruits)",Fruit and fruit juices,10,juice 4 frukter 4 fruits,0.49,0.3987761199573678
944,"Juice, apple",Fruit and fruit juices,10,juice apple,0.12,0.11332868530700317
945,"Juice, apple",Fruit and fruit juices,10,juice apple,0.17,0.15700374880966475
946,"Juice, apple",Fruit and fruit juices,10,juice apple,0.36,0.3074846997479606
947,"Juice, apple",Fruit and fruit juices,10,juice apple,0.2,0.18232155679395462
948,"Juice, apple",Fruit and fruit juices,10,juice apple,0.19,0.173953307123438
949,"Juice, apple",Fruit and fruit juices,10,juice apple,0.41,0.3435897043900769
950,"Juice, apple",Fruit and fruit juices,10,juice apple,0.17,0.15700374880966475
951,"Juice, apple",Fruit and fruit juices,10,juice apple,0.6,0.4700036292457356
952,"Juice, apple",Fruit and fruit juices,10,juice apple,0.16,0.14842000511827327
953,"Juice, apple, calcium enriched, with added vitamin C",Fruit and fruit juices,10,juice apple calcium enriched with added vitamin c,0.72,0.5423242908253616
954,"Juice, apple, God Frokost",Fruit and fruit juices,10,juice apple god frokost,0.16,0.14842000511827327
955,"Juice, apple, premium",Fruit and fruit juices,10,juice apple premium,0.47,0.3852624007906449
956,"Juice, apple, with added vitamin C",Fruit and fruit juices,10,juice apple with added vitamin c,0.71,0.5364933705145685
957,"Juice, apple, with added vitamin C",Fruit and fruit juices,10,juice apple with added vitamin c,0.34,0.29266961396282
958,"Juice, apple, with added vitamin C",Fruit and fruit juices,10,juice apple with added vitamin c,0.59,0.46373401623214017
959,"Juice, apple, with dietary fibre",Fruit and fruit juices,10,juice apple with dietary fibre,0.22,0.1988508587451652
960,"Juice, Cranapple",Fruit and fruit juices,10,juice cranapple,0.71,0.5364933705145685
961,"Juice, fruits with pomegranate",Fruit and fruit juices,10,juice fruits with pomegranate,0.72,0.5423242908253616
962,"Juice, grape",Fruit and fruit juices,10,juice grape,1.5,0.9162907318741551
963,"Juice, grape and grape blends",Fruit and fruit juices,10,juice grape and grape blends,1.62,0.9631743177730056
964,"Juice, grape and grape blends, sweetened",Fruit and fruit juices,10,juice grape and grape blends sweetened,0.87,0.6259384308664953
965,"Juice, grape and grape blends, unsweetened",Fruit and fruit juices,10,juice grape and grape blends unsweetened,0.69,0.5247285289349821
966,"Juice, grape and grape blends, unsweetened",Fruit and fruit juices,10,juice grape and grape blends unsweetened,0.87,0.6259384308664953
967,"Juice, grape, purple",Fruit and fruit juices,10,juice grape purple,1.74,1.007957920399979
968,"Juice, grapefruit",Fruit and fruit juices,10,juice grapefruit,1.06,0.7227059828014898
969,"Juice, grapefruit",Fruit and fruit juices,10,juice grapefruit,0.67,0.5128236264286637
970,"Juice, grapefruit, red, with pulp",Fruit and fruit juices,10,juice grapefruit red with pulp,0.55,0.4382549309311553
971,"Juice, lemon",Fruit and fruit juices,10,juice lemon,0.33,0.2851789422336624
972,"Juice, mango and pineapple",Fruit and fruit juices,10,juice mango and pineapple,0.34,0.29266961396282
973,"Juice, orange",Fruit and fruit juices,10,juice orange,0.6,0.4700036292457356
974,"Juice, orange",Fruit and fruit juices,10,juice orange,0.81,0.5933268452777344
975,"Juice, orange",Fruit and fruit juices,10,juice orange,0.47,0.3852624007906449
976,"Juice, orange",Fruit and fruit juices,10,juice orange,0.84,0.6097655716208943
977,"Juice, orange",Fruit and fruit juices,10,juice orange,0.61,0.4762341789963716
978,"Juice, orange",Fruit and fruit juices,10,juice orange,0.68,0.5187937934151676
979,"Juice, orange",Fruit and fruit juices,10,juice orange,0.71,0.5364933705145685
980,"Juice, orange",Fruit and fruit juices,10,juice orange,0.81,0.5933268452777344
981,"Juice, orange and carrot",Fruit and fruit juices,10,juice orange and carrot,0.29,0.2546422183735807
982,"Juice, orange and pineapple",Fruit and fruit juices,10,juice orange and pineapple,0.53,0.4252677354043441
983,"Juice, orange and pineapple with pulp",Fruit and fruit juices,10,juice orange and pineapple with pulp,0.51,0.412109650826833
984,"Juice, orange and strawberry",Fruit and fruit juices,10,juice orange and strawberry,0.76,0.5653138090500605
985,"Juice, orange, from concentrate",Fruit and fruit juices,10,juice orange from concentrate,0.58,0.4574248470388754
986,"Juice, orange, from concentrate",Fruit and fruit juices,10,juice orange from concentrate,0.58,0.4574248470388754
987,"Juice, orange, from concentrate, with added vitamin C",Fruit and fruit juices,10,juice orange from concentrate with added vitamin c,0.76,0.5653138090500605
988,"Juice, orange, from Florida, with Omega‐3 from plant",Fruit and fruit juices,10,juice orange from florida with omega3 from plant,0.57,0.4510756193602167
989,"Juice, orange, frozen concentrate",Fruit and fruit juices,10,juice orange frozen concentrate,2.39,1.220829921392359
990,"Juice, orange, frozen concentrate, country style",Fruit and fruit juices,10,juice orange frozen concentrate country style,2.36,1.2119409739751128
991,"Juice, orange, frozen concentrate, original",Fruit and fruit juices,10,juice orange frozen concentrate original,2.51,1.2556160374777745
992,"Juice, orange, frozen concentrate, pulp free",Fruit and fruit juices,10,juice orange frozen concentrate pulp free,2.35,1.208960345836975
993,"Juice, orange, red",Fruit and fruit juices,10,juice orange red,1.38,0.8671004876833832
994,"Juice, orange, refrigerated",Fruit and fruit juices,10,juice orange refrigerated,0.57,0.4510756193602167
995,"Juice, orange, refrigerated, premium",Fruit and fruit juices,10,juice orange refrigerated premium,0.59,0.46373401623214017
996,"Juice, orange, refrigerated, pure premium",Fruit and fruit juices,10,juice orange refrigerated pure premium,0.56,0.44468582126144574
997,"Juice, orange, with pulp",Fruit and fruit juices,10,juice orange with pulp,0.65,0.5007752879124893
998,"Juice, orange, with pulp",Fruit and fruit juices,10,juice orange with pulp,0.64,0.49469624183610705
999,"Juice, orange, with pulp",Fruit and fruit juices,10,juice orange with pulp,0.81,0.5933268452777344
1000,"Juice, orange, with pulp",Fruit and fruit juices,10,juice orange with pulp,0.55,0.4382549309311553
1001,"Juice, orange, with pulp, from Florida",Fruit and fruit juices,10,juice orange with pulp from florida,0.6,0.4700036292457356
1002,"Juice, pineapple",Fruit and fruit juices,10,juice pineapple,0.19,0.173953307123438
1003,"Juice, pineapple",Fruit and fruit juices,10,juice pineapple,0.42,0.35065687161316933
1004,"Juice, pineapple, canned or bottled, unsweetened",Fruit and fruit juices,10,juice pineapple canned or bottled unsweetened,0.84,0.6097655716208943
1005,"Juice, pomegranate, freshly squeezed from whole pomegranate",Fruit and fruit juices,10,juice pomegranate freshly squeezed from whole pomegranate,2.57,1.2725655957915476
1006,"Juice, prune",Fruit and fruit juices,10,juice prune,1.14,0.76080582903376
1007,"Juice, prune",Fruit and fruit juices,10,juice prune,0.83,0.6043159668533296
1008,"Juice, prune, with pulp",Fruit and fruit juices,10,juice prune with pulp,1.1,0.7419373447293773
1009,"Juice, Tropisk, original",Fruit and fruit juices,10,juice tropisk original,0.22,0.1988508587451652
1010,"Juice, Vie Shot, apple, carrot, strawberry",Fruit and fruit juices,10,juice vie shot apple carrot strawberry,1.96,1.085189268335969
1011,"Juice, Vie Shot, banana, pumpkin, kiwi",Fruit and fruit juices,10,juice vie shot banana pumpkin kiwi,1.0,0.6931471805599453
1012,"Juice, white grape",Fruit and fruit juices,10,juice white grape,1.14,0.76080582903376
1013,"Juice, white grape",Fruit and fruit juices,10,juice white grape,0.74,0.5538851132264376
1014,"Juice, with fruits and berries, Noras Antioksidanter med bøåbær og bringebær",Fruit and fruit juices,10,juice with fruits and berries noras antioksidanter med babr og bringebr,1.69,0.9895411936137477
1015,Kiwano,Fruit and fruit juices,10,kiwano,0.05,0.04879016416943201
1016,Kiwi,Fruit and fruit juices,10,kiwi,1.02,0.7030975114131134
1017,"Kiwi, Gold",Fruit and fruit juices,10,kiwi gold,1.63,0.9669838461896731
1018,"Kiwi, green",Fruit and fruit juices,10,kiwi green,0.43,0.3576744442718159
1019,"Kiwi, green",Fruit and fruit juices,10,kiwi green,1.02,0.7030975114131134
1020,"Kiwi, yellow",Fruit and fruit juices,10,kiwi yellow,1.29,0.8285518175661483
1021,Lemon,Fruit and fruit juices,10,lemon,0.56,0.44468582126144574
1022,Lemon,Fruit and fruit juices,10,lemon,1.02,0.7030975114131134
1023,Lemon skin,Fruit and fruit juices,10,lemon skin,2.74,1.3190856114264407
1024,"Lemon skin, from lemon ecologically grown",Fruit and fruit juices,10,lemon skin from lemon ecologically grown,4.0,1.6094379124341003
1025,"Lemon, ecologically grown",Fruit and fruit juices,10,lemon ecologically grown,0.7,0.5306282510621704
1026,"Lemonade syrup, Blackthorn, undiluted",Fruit and fruit juices,10,lemonade syrup blackthorn undiluted,2.44,1.235471471385307
1027,"Lemonade, grape (ready to drink)",Fruit and fruit juices,10,lemonade grape ready to drink,1.27,0.8197798314933114
1028,Lime,Fruit and fruit juices,10,lime,0.47,0.3852624007906449
1029,Lime,Fruit and fruit juices,10,lime,0.58,0.4574248470388754
1030,Lime,Fruit and fruit juices,10,lime,0.73,0.5481214085096876
1031,Lime skin,Fruit and fruit juices,10,lime skin,3.05,1.3987168811184478
1032,Mango,Fruit and fruit juices,10,mango,0.33,0.2851789422336624
1033,Mango,Fruit and fruit juices,10,mango,0.23,0.20701416938432615
1034,"Mango, dried",Fruit and fruit juices,10,mango dried,0.58,0.4574248470388754
1035,"Mango, dried",Fruit and fruit juices,10,mango dried,2.82,1.3402504226184837
1036,"Mango, red",Fruit and fruit juices,10,mango red,0.37,0.31481073984003355
1037,"Mango, yellow",Fruit and fruit juices,10,mango yellow,0.36,0.3074846997479606
1038,"Melon, Cantaloupe",Fruit and fruit juices,10,melon cantaloupe,0.19,0.173953307123438
1039,"Melon, Cantaloupe, small",Fruit and fruit juices,10,melon cantaloupe small,0.12,0.11332868530700317
1040,"Melon, pattern",Fruit and fruit juices,10,melon pattern,0.15,0.13976194237515868
1041,"Melon, yellow",Fruit and fruit juices,10,melon yellow,0.29,0.2546422183735807
1042,"Nectar, apple",Fruit and fruit juices,10,nectar apple,0.11,0.10436001532424277
1043,"Nectar, apple",Fruit and fruit juices,10,nectar apple,0.14,0.1310282624064041
1044,"Nectar, apple with pear",Fruit and fruit juices,10,nectar apple with pear,0.08,0.07696104113612832
1045,"Nectar, orange",Fruit and fruit juices,10,nectar orange,0.34,0.29266961396282
1046,"Nectar, Sydhavsnektar",Fruit and fruit juices,10,nectar sydhavsnektar,0.4,0.33647223662121295
1047,"Nectar, Tropical",Fruit and fruit juices,10,nectar tropical,0.44,0.36464311358790924
1048,"Nectar, Tropical",Fruit and fruit juices,10,nectar tropical,0.14,0.1310282624064041
1049,"Nectar, Tropical",Fruit and fruit juices,10,nectar tropical,0.17,0.15700374880966475
1050,Nectarines,Fruit and fruit juices,10,nectarines,0.12,0.11332868530700317
1051,"Olives, black Kalamata, with stone",Fruit and fruit juices,10,olives black kalamata with stone,3.25,1.4469189829363254
1052,"Olives, black, Hojiblanca I, without stone",Fruit and fruit juices,10,olives black hojiblanca i without stone,0.35,0.30010459245033805
1053,"Olives, black, without stone",Fruit and fruit juices,10,olives black without stone,0.23,0.20701416938432615
1054,"Olives, black, without stone",Fruit and fruit juices,10,olives black without stone,0.89,0.636576829071551
1055,"Olives, green, Hojiblanca I, without stone",Fruit and fruit juices,10,olives green hojiblanca i without stone,0.99,0.688134638736401
1056,"Olives, green, with stone",Fruit and fruit juices,10,olives green with stone,2.26,1.1817271953786161
1057,"Olives, green, without stone",Fruit and fruit juices,10,olives green without stone,1.01,0.6981347220709844
1058,"Olives, Kalamata, with stone",Fruit and fruit juices,10,olives kalamata with stone,2.11,1.1346227261911428
1059,"Olives, Kalamata, with stone",Fruit and fruit juices,10,olives kalamata with stone,3.13,1.4182774069729414
1060,Orange,Fruit and fruit juices,10,orange,0.83,0.6043159668533296
1061,Orange,Fruit and fruit juices,10,orange,1.08,0.7323678937132266
1062,"Oranges, navel",Fruit and fruit juices,10,oranges navel,0.89,0.636576829071551
1063,Papaya,Fruit and fruit juices,10,papaya,0.76,0.5653138090500605
1064,Papaya,Fruit and fruit juices,10,papaya,0.36,0.3074846997479606
1065,"Papaya, dried",Fruit and fruit juices,10,papaya dried,0.14,0.1310282624064041
1066,"Passion fruit, wild, handpicked",Fruit and fruit juices,10,passion fruit wild handpicked,0.44,0.36464311358790924
1067,Peaches,Fruit and fruit juices,10,peaches,0.15,0.13976194237515868
1068,Peaches,Fruit and fruit juices,10,peaches,0.1,0.09531017980432487
1069,"Peaches, canned in heavy syrup, drained liquid",Fruit and fruit juices,10,peaches canned in heavy syrup drained liquid,0.11,0.10436001532424277
1070,"Peaches, canned in heavy syrup, drained liquid",Fruit and fruit juices,10,peaches canned in heavy syrup drained liquid,0.1,0.09531017980432487
1071,"Peaches, canned in heavy syrup, drained solids",Fruit and fruit juices,10,peaches canned in heavy syrup drained solids,0.1,0.09531017980432487
1072,"Peaches, canned in heavy syrup, drained solids",Fruit and fruit juices,10,peaches canned in heavy syrup drained solids,0.1,0.09531017980432487
1073,"Peaches, canned in heavy syrup, drained solids",Fruit and fruit juices,10,peaches canned in heavy syrup drained solids,0.09,0.08617769624105233
1074,"Peaches, canned with syrup",Fruit and fruit juices,10,peaches canned with syrup,0.14,0.1310282624064041
1075,"Peaches, canned with syrup",Fruit and fruit juices,10,peaches canned with syrup,0.37,0.31481073984003355
1076,"Peaches, canned with syrup with spices",Fruit and fruit juices,10,peaches canned with syrup with spices,0.17,0.15700374880966475
1077,"Peaches, canned, in heavy syrup, drained liquid",Fruit and fruit juices,10,peaches canned in heavy syrup drained liquid,0.1,0.09531017980432487
1078,Pears,Fruit and fruit juices,10,pears,0.18,0.16551443847757338
1079,"Pears, Bartlett",Fruit and fruit juices,10,pears bartlett,0.22,0.1988508587451652
1080,"Pears, Bartlett, selected halve, premium, canned",Fruit and fruit juices,10,pears bartlett selected halve premium canned,0.1,0.09531017980432487
1081,"Pears, Bosc",Fruit and fruit juices,10,pears bosc,0.18,0.16551443847757338
1082,"Pears, composite of Bartlett, Green Anjou, and Bosc",Fruit and fruit juices,10,pears composite of bartlett green anjou and bosc,0.23,0.20701416938432615
1083,"Pears, Green Anjou",Fruit and fruit juices,10,pears green anjou,0.22,0.1988508587451652
1084,"Pears, Red Anjou",Fruit and fruit juices,10,pears red anjou,0.23,0.20701416938432615
1085,"Physalis (Physalis peruviana), wild",Fruit and fruit juices,10,physalis physalis peruviana wild,0.37,0.31481073984003355
1086,Pineapple,Fruit and fruit juices,10,pineapple,0.29,0.2546422183735807
1087,Pineapple,Fruit and fruit juices,10,pineapple,0.6,0.4700036292457356
1088,"Pineapple, dried",Fruit and fruit juices,10,pineapple dried,0.18,0.16551443847757338
1089,"Pineapple, Gold",Fruit and fruit juices,10,pineapple gold,1.36,0.8586616190375187
1090,"Pineapples, MDII, Extra Gold",Fruit and fruit juices,10,pineapples mdii extra gold,1.05,0.7178397931503169
1091,Plantain,Fruit and fruit juices,10,plantain,0.17,0.15700374880966475
1092,Plums,Fruit and fruit juices,10,plums,1.02,0.7030975114131134
1093,Plums,Fruit and fruit juices,10,plums,0.83,0.6043159668533296
1094,"Plums, Black Diamond",Fruit and fruit juices,10,plums black diamond,1.83,1.0402767116551463
1095,"Plums, dried",Fruit and fruit juices,10,plums dried,3.24,1.4445632692438664
1096,"Plums, red",Fruit and fruit juices,10,plums red,0.73,0.5481214085096876
1097,"Plums, red",Fruit and fruit juices,10,plums red,1.42,0.8837675401685949
1098,"Plums, red, canned",Fruit and fruit juices,10,plums red canned,0.97,0.6780335427498971
1099,"Pomegranate arils, dried",Fruit and fruit juices,10,pomegranate arils dried,7.28,2.1138429683971682
1100,"Pomegranate, arils",Fruit and fruit juices,10,pomegranate arils,1.94,1.0784095813505903
1101,"Pomegranate, arils",Fruit and fruit juices,10,pomegranate arils,1.76,1.0152306797290587
1102,"Pomegranate, arils and carpellar membrane",Fruit and fruit juices,10,pomegranate arils and carpellar membrane,9.05,2.307572634505085
1103,"Pomegranate, arils and juice",Fruit and fruit juices,10,pomegranate arils and juice,2.26,1.1817271953786161
1104,"Pomegranate, dried",Fruit and fruit juices,10,pomegranate dried,5.51,1.873339456220478
1105,"Pomegranate, freshly squeezed juice",Fruit and fruit juices,10,pomegranate freshly squeezed juice,1.59,0.9516578757114464
1106,"Pomegranate, only the white kernels",Fruit and fruit juices,10,pomegranate only the white kernels,0.88,0.6312717768418579
1107,"Pomegranate, only yellow pith",Fruit and fruit juices,10,pomegranate only yellow pith,55.52,4.034594557816327
1108,"Pomegranate, sour, arils and juice",Fruit and fruit juices,10,pomegranate sour arils and juice,1.59,0.9516578757114464
1109,"Pomegranate, sweet, arils and juice",Fruit and fruit juices,10,pomegranate sweet arils and juice,1.0,0.6931471805599453
1110,"Pomegranate, whole",Fruit and fruit juices,10,pomegranate whole,2.78,1.3297240096314962
1111,"Pomegranate, whole",Fruit and fruit juices,10,pomegranate whole,1.44,0.8919980393051105
1112,"Pomegranate, whole",Fruit and fruit juices,10,pomegranate whole,5.57,1.8825138324965192
1113,"Pomegranate, whole",Fruit and fruit juices,10,pomegranate whole,6.54,2.020222182019865
1114,Prune porridge,Fruit and fruit juices,10,prune porridge,1.54,0.9321640810304452
1115,Prunes,Fruit and fruit juices,10,prunes,3.7,1.547562508716013
1116,Prunes,Fruit and fruit juices,10,prunes,2.17,1.1537315878891892
1117,Prunes,Fruit and fruit juices,10,prunes,2.31,1.1969481893889715
1118,Prunes,Fruit and fruit juices,10,prunes,1.95,1.0818051703517284
1119,Prunes,Fruit and fruit juices,10,prunes,2.19,1.1600209167967532
1120,Prunes,Fruit and fruit juices,10,prunes,2.1,1.1314021114911006
1121,Raisins,Fruit and fruit juices,10,raisins,0.79,0.5822156198526637
1122,Raisins,Fruit and fruit juices,10,raisins,1.14,0.76080582903376
1123,Raisins,Fruit and fruit juices,10,raisins,0.79,0.5822156198526637
1124,Raisins,Fruit and fruit juices,10,raisins,0.91,0.6471032420585385
1125,"Raisins, big",Fruit and fruit juices,10,raisins big,0.92,0.6523251860396903
1126,"Raisins, green",Fruit and fruit juices,10,raisins green,0.65,0.5007752879124893
1127,Sharon,Fruit and fruit juices,10,sharon,0.39,0.3293037471426004
1128,Sharon,Fruit and fruit juices,10,sharon,0.79,0.5822156198526637
1129,"Squash, green (Cucurbita)",Fruit and fruit juices,10,squash green cucurbita,0.11,0.10436001532424277
1130,Sweet cherries,Fruit and fruit juices,10,sweet cherries,0.62,0.4824261492442927
1131,"Sweet cherries, dark, canned",Fruit and fruit juices,10,sweet cherries dark canned,1.6,0.9555114450274365
1132,"Sweet cherries, dried",Fruit and fruit juices,10,sweet cherries dried,4.05,1.6193882432872684
1133,Syrup from canned cherris,Fruit and fruit juices,10,syrup from canned cherris,1.68,0.9858167945227653
1134,Syrup from canned pears,Fruit and fruit juices,10,syrup from canned pears,0.1,0.09531017980432487
1135,Syrup from canned plums,Fruit and fruit juices,10,syrup from canned plums,0.79,0.5822156198526637
1136,Tangerines,Fruit and fruit juices,10,tangerines,0.62,0.4824261492442927
1137,"Tangerines, Honey",Fruit and fruit juices,10,tangerines honey,0.44,0.36464311358790924
1138,Watermelon,Fruit and fruit juices,10,watermelon,0.18,0.16551443847757338
1139,Watermelon,Fruit and fruit juices,10,watermelon,0.02,0.019802627296179712
1140,"Watermelon, red, seedless",Fruit and fruit juices,10,watermelon red seedless,0.06,0.058268908123975775
1141,"Watermelon, yellow, seedless",Fruit and fruit juices,10,watermelon yellow seedless,0.04,0.039220713153281295
1142,"Autumn wheat, Bastian",Grains and grain products,11,autumn wheat bastian,3.24,1.4445632692438664
1143,"Bagels, frozen",Grains and grain products,11,bagels frozen,0.23,0.20701416938432615
1144,"Bagels, plain",Grains and grain products,11,bagels plain,0.11,0.10436001532424277
1145,"Bagels, plain",Grains and grain products,11,bagels plain,0.1,0.09531017980432487
1146,"Bagels, plain, frozen",Grains and grain products,11,bagels plain frozen,0.11,0.10436001532424277
1147,"Bagels, plain, frozen",Grains and grain products,11,bagels plain frozen,0.15,0.13976194237515868
1148,"Bagels, plain, frozen, toasted",Grains and grain products,11,bagels plain frozen toasted,0.29,0.2546422183735807
1149,"Bagels, plain, frozen, toasted",Grains and grain products,11,bagels plain frozen toasted,0.24,0.2151113796169455
1150,"Bagels, plain, New York style",Grains and grain products,11,bagels plain new york style,0.12,0.11332868530700317
1151,"Bagels, plain, New York style, toasted",Grains and grain products,11,bagels plain new york style toasted,0.31,0.27002713721306015
1152,"Bagels, plain, toasted",Grains and grain products,11,bagels plain toasted,0.4,0.33647223662121295
1153,"Bagels, plain, toasted",Grains and grain products,11,bagels plain toasted,0.23,0.20701416938432615
1154,"Barley, flour",Grains and grain products,11,barley flour,0.74,0.5538851132264376
1155,"Barley, flour",Grains and grain products,11,barley flour,1.09,0.7371640659767197
1156,"Barley, pearl barley",Grains and grain products,11,barley pearl barley,0.94,0.6626879730752367
1157,"Barley, wholemeal flour, crushed",Grains and grain products,11,barley wholemeal flour crushed,1.19,0.7839015438284094
1158,"Biscuits, refridgerated, Big Country Buttermilk",Grains and grain products,11,biscuits refridgerated big country buttermilk,0.01,0.009950330853168083
1159,"Biscuits, refridgerated, Buttermilk Fluffy, cooked",Grains and grain products,11,biscuits refridgerated buttermilk fluffy cooked,0.27,0.23901690047049992
1160,"Biscuits, refrigerated, Big Country Butter Tastin' Fluffy Biscuits, cooked",Grains and grain products,11,biscuits refrigerated big country butter tastin fluffy biscuits cooked,0.28,0.2468600779315258
1161,"Biscuits, refrigerated, Golden Layers Butter Tastin' Biscuits",Grains and grain products,11,biscuits refrigerated golden layers butter tastin biscuits,0.03,0.0295588022415444
1162,"Biscuits, refrigerated, Golden Layers Butter Tastin', cooked",Grains and grain products,11,biscuits refrigerated golden layers butter tastin cooked,0.19,0.173953307123438
1163,"Biscuits, refrigerated, Golden Layers buttermilk",Grains and grain products,11,biscuits refrigerated golden layers buttermilk,0.08,0.07696104113612832
1164,"Biscuits, refrigerated, Golden Layers buttermilk, cooked",Grains and grain products,11,biscuits refrigerated golden layers buttermilk cooked,0.33,0.2851789422336624
1165,"Biscuits, refrigerated, Grands Butter Tastin' Biscuits",Grains and grain products,11,biscuits refrigerated grands butter tastin biscuits,0.08,0.07696104113612832
1166,"Biscuits, refrigerated, Grands Butter Tastin' Biscuits, cooked",Grains and grain products,11,biscuits refrigerated grands butter tastin biscuits cooked,0.26,0.23111172096338664
1167,"Biscuits, refrigerated, Grands Buttermilk Biscuits",Grains and grain products,11,biscuits refrigerated grands buttermilk biscuits,0.02,0.019802627296179712
1168,"Biscuits, refrigerated, Grands Buttermilk Biscuits, cooked",Grains and grain products,11,biscuits refrigerated grands buttermilk biscuits cooked,0.16,0.14842000511827327
1169,"Bread crumbs, plain",Grains and grain products,11,bread crumbs plain,0.32,0.2776317365982795
1170,"Bread crumbs, plain",Grains and grain products,11,bread crumbs plain,0.31,0.27002713721306015
1171,"Bread crumbs, plain",Grains and grain products,11,bread crumbs plain,0.32,0.2776317365982795
1172,"Bread crumbs, seasoned",Grains and grain products,11,bread crumbs seasoned,0.4,0.33647223662121295
1173,"Bread crumbs, seasoned, garlic & herb",Grains and grain products,11,bread crumbs seasoned garlic herb,0.47,0.3852624007906449
1174,"Bread crumbs, seasoned, italian style",Grains and grain products,11,bread crumbs seasoned italian style,0.42,0.35065687161316933
1175,"Bread crumbs, seasoned, Parmesan cheese",Grains and grain products,11,bread crumbs seasoned parmesan cheese,0.37,0.31481073984003355
1176,"Bread, Graham",Grains and grain products,11,bread graham,0.46,0.3784364357202451
1177,"Bread, white",Grains and grain products,11,bread white,0.2,0.18232155679395462
1178,"Bread, white",Grains and grain products,11,bread white,0.3,0.26236426446749106
1179,"Bread, with fibre/wholemeal",Grains and grain products,11,bread with fibre wholemeal,0.63,0.48858001481867097
1180,"Bread, with fibre/wholemeal, Birkebeiner",Grains and grain products,11,bread with fibre wholemeal birkebeiner,0.41,0.3435897043900769
1181,"Bread, with fibre/wholemeal, Panda",Grains and grain products,11,bread with fibre wholemeal panda,0.53,0.4252677354043441
1182,"Bread, with fibre/wholemeal, with walnuts",Grains and grain products,11,bread with fibre wholemeal with walnuts,3.11,1.4134230285081433
1183,"Buckwheat, white flour",Grains and grain products,11,buckwheat white flour,1.73,1.0043016091968684
1184,"Buckwheat, white flour",Grains and grain products,11,buckwheat white flour,1.08,0.7323678937132266
1185,"Buckwheat, wholemeal flour",Grains and grain products,11,buckwheat wholemeal flour,2.24,1.1755733298042381
1186,"Buckwheat, wholemeal flour",Grains and grain products,11,buckwheat wholemeal flour,1.83,1.0402767116551463
1187,Bulgur,Grains and grain products,11,bulgur,0.2,0.18232155679395462
1188,"Bulgur, prepared",Grains and grain products,11,bulgur prepared,0.04,0.039220713153281295
1189,Colosseo (durum),Grains and grain products,11,colosseo durum,2.59,1.2781522025001875
1190,"Common millet, white flour",Grains and grain products,11,common millet white flour,0.36,0.3074846997479606
1191,"Common millet, white flour",Grains and grain products,11,common millet white flour,0.14,0.1310282624064041
1192,"Common millet, wholemeal flour",Grains and grain products,11,common millet wholemeal flour,0.82,0.598836501088704
1193,"Corn Grits, white, instant",Grains and grain products,11,corn grits white instant,0.12,0.11332868530700317
1194,"Corn Grits, white, instant",Grains and grain products,11,corn grits white instant,0.18,0.16551443847757338
1195,"Corn Grits, white, instant, microwave cooked",Grains and grain products,11,corn grits white instant microwave cooked,0.02,0.019802627296179712
1196,"Corn Grits, white, instant, microwave cooked",Grains and grain products,11,corn grits white instant microwave cooked,0.03,0.0295588022415444
1197,"Corn Grits, white, instant, prepared with boiling water",Grains and grain products,11,corn grits white instant prepared with boiling water,0.05,0.04879016416943201
1198,"Corn Grits, white, instant, prepared with boiling water",Grains and grain products,11,corn grits white instant prepared with boiling water,0.03,0.0295588022415444
1199,"Corn Grits, white, quick",Grains and grain products,11,corn grits white quick,0.14,0.1310282624064041
1200,"Corn Grits, white, quick",Grains and grain products,11,corn grits white quick,0.22,0.1988508587451652
1201,"Corn Grits, white, quick, cooked on stovetop",Grains and grain products,11,corn grits white quick cooked on stovetop,0.06,0.058268908123975775
1202,"Corn Grits, white, quick, cooked on stovetop",Grains and grain products,11,corn grits white quick cooked on stovetop,0.04,0.039220713153281295
1203,"Corn Grits, white, quick, microwave cooked",Grains and grain products,11,corn grits white quick microwave cooked,0.04,0.039220713153281295
1204,"Corn Grits, white, quick, microwave cooked",Grains and grain products,11,corn grits white quick microwave cooked,0.05,0.04879016416943201
1205,"Corn Grits, yellow, cooked on stovetop",Grains and grain products,11,corn grits yellow cooked on stovetop,0.28,0.2468600779315258
1206,"Corn Grits, yellow, quick",Grains and grain products,11,corn grits yellow quick,0.19,0.173953307123438
1207,"Corn Grits, yellow, quick, cooked on stovetop",Grains and grain products,11,corn grits yellow quick cooked on stovetop,0.08,0.07696104113612832
1208,"Corn Grits, yellow, quick, cooked on stovetop",Grains and grain products,11,corn grits yellow quick cooked on stovetop,0.08,0.07696104113612832
1209,"Corn Grits, yellow, quick, microwave cooked",Grains and grain products,11,corn grits yellow quick microwave cooked,0.06,0.058268908123975775
1210,"Corn Grits, yellow, quick, microwave cooked",Grains and grain products,11,corn grits yellow quick microwave cooked,0.08,0.07696104113612832
1211,"Corn Meal, degermed",Grains and grain products,11,corn meal degermed,0.4,0.33647223662121295
1212,"Corn Meal, degermed",Grains and grain products,11,corn meal degermed,0.27,0.23901690047049992
1213,"Corn tortillas, refrigerated",Grains and grain products,11,corn tortillas refrigerated,0.48,0.3920420877760237
1214,"Corn tortillas, refrigerated",Grains and grain products,11,corn tortillas refrigerated,0.4,0.33647223662121295
1215,"Corn tortillas, refrigerated",Grains and grain products,11,corn tortillas refrigerated,0.38,0.32208349916911333
1216,"Corn, whole kernel, canned, drained liquid",Grains and grain products,11,corn whole kernel canned drained liquid,0.17,0.15700374880966475
1217,"Corn, whole kernel, canned, drained solids",Grains and grain products,11,corn whole kernel canned drained solids,0.19,0.173953307123438
1218,Couscous,Grains and grain products,11,couscous,0.06,0.058268908123975775
1219,"Couscous, swelled",Grains and grain products,11,couscous swelled,0.07,0.06765864847381481
1220,"Cream of Wheat, cooked on stovetop, 1 minute",Grains and grain products,11,cream of wheat cooked on stovetop 1 minute,0.02,0.019802627296179712
1221,"Cream of Wheat, cooked on stovetop, 1 minute",Grains and grain products,11,cream of wheat cooked on stovetop 1 minute,0.02,0.019802627296179712
1222,"Cream of Wheat, cooked on stovetop, 2 1/2 minute",Grains and grain products,11,cream of wheat cooked on stovetop 2 1 2 minute,0.03,0.0295588022415444
1223,"Cream of Wheat, cooked on stovetop, 2 1/2 minutes",Grains and grain products,11,cream of wheat cooked on stovetop 2 1 2 minutes,0.03,0.0295588022415444
1224,"Cream of Wheat, instant, microwave cooked",Grains and grain products,11,cream of wheat instant microwave cooked,0.02,0.019802627296179712
1225,"Cream of Wheat, instant, microwave cooked",Grains and grain products,11,cream of wheat instant microwave cooked,0.02,0.019802627296179712
1226,"Cream of Wheat, instant, not prepared",Grains and grain products,11,cream of wheat instant not prepared,0.17,0.15700374880966475
1227,"Cream of Wheat, instant, prepared (boiled)",Grains and grain products,11,cream of wheat instant prepared boiled,0.05,0.04879016416943201
1228,"Cream of Wheat, instant, prepared with boiling water",Grains and grain products,11,cream of wheat instant prepared with boiling water,0.01,0.009950330853168083
1229,"Cream of Wheat, instant, prepared with boiling water",Grains and grain products,11,cream of wheat instant prepared with boiling water,0.04,0.039220713153281295
1230,"Cream of Wheat, microwave cooked, 2 1/2 minute",Grains and grain products,11,cream of wheat microwave cooked 2 1 2 minute,0.03,0.0295588022415444
1231,"Cream of Wheat, microwave cooked, 2 1/2 minutes",Grains and grain products,11,cream of wheat microwave cooked 2 1 2 minutes,0.03,0.0295588022415444
1232,"Crispbread, brown",Grains and grain products,11,crispbread brown,0.93,0.6575200029167942
1233,"Crispbread, brown, rye‐crisp",Grains and grain products,11,crispbread brown ryecrisp,1.13,0.7561219797213337
1234,"Crispbread, brown, Wasa Husmann",Grains and grain products,11,crispbread brown wasa husmann,1.11,0.7466879474879752
1235,"Crispbread, white, Frokost",Grains and grain products,11,crispbread white frokost,0.43,0.3576744442718159
1236,"Crispbread, white, Wasa Frukost",Grains and grain products,11,crispbread white wasa frukost,0.43,0.3576744442718159
1237,"Dinner rolls, brown and serve rolls",Grains and grain products,11,dinner rolls brown and serve rolls,0.07,0.06765864847381481
1238,"Dinner rolls, brown and serve rolls, cooked",Grains and grain products,11,dinner rolls brown and serve rolls cooked,0.09,0.08617769624105233
1239,"Dinner rolls, soft dinner rolls, country style",Grains and grain products,11,dinner rolls soft dinner rolls country style,0.05,0.04879016416943201
1240,"Dinner rolls, soft dinner rolls, country style, cooked",Grains and grain products,11,dinner rolls soft dinner rolls country style cooked,0.22,0.1988508587451652
1241,"Dinner rolls, soft dinner rolls, Parker House",Grains and grain products,11,dinner rolls soft dinner rolls parker house,0.07,0.06765864847381481
1242,"Dinner rolls, soft dinner rolls, Parker House, cooked",Grains and grain products,11,dinner rolls soft dinner rolls parker house cooked,0.16,0.14842000511827327
1243,Durum wheat,Grains and grain products,11,durum wheat,0.14,0.1310282624064041
1244,"Durum wheat, brown",Grains and grain products,11,durum wheat brown,0.35,0.30010459245033805
1245,"Durum wheat, white",Grains and grain products,11,durum wheat white,0.29,0.2546422183735807
1246,"Egg noodles, wide",Grains and grain products,11,egg noodles wide,0.07,0.06765864847381481
1247,"Egg noodles, wide",Grains and grain products,11,egg noodles wide,0.07,0.06765864847381481
1248,"Egg noodles, wide, cooked",Grains and grain products,11,egg noodles wide cooked,0.03,0.0295588022415444
1249,"Egg noodles, wide, cooked",Grains and grain products,11,egg noodles wide cooked,0.02,0.019802627296179712
1250,"Egg noodles, wide, cooked",Grains and grain products,11,egg noodles wide cooked,0.04,0.039220713153281295
1251,"Einkorn wheat, triticum monococcum",Grains and grain products,11,einkorn wheat triticum monococcum,0.73,0.5481214085096876
1252,"Elbow macaroni, cooked",Grains and grain products,11,elbow macaroni cooked,0.03,0.0295588022415444
1253,"Elbow macaroni, cooked",Grains and grain products,11,elbow macaroni cooked,0.03,0.0295588022415444
1254,"English muffins, cinnamon raisin",Grains and grain products,11,english muffins cinnamon raisin,0.2,0.18232155679395462
1255,"English muffins, cinnamon raisin",Grains and grain products,11,english muffins cinnamon raisin,0.21,0.1906203596086497
1256,"English muffins, cinnamon raisin, toasted",Grains and grain products,11,english muffins cinnamon raisin toasted,0.36,0.3074846997479606
1257,"English muffins, cinnamon raisin, toasted",Grains and grain products,11,english muffins cinnamon raisin toasted,0.36,0.3074846997479606
1258,"English muffins, plain",Grains and grain products,11,english muffins plain,0.04,0.039220713153281295
1259,"English muffins, plain",Grains and grain products,11,english muffins plain,0.05,0.04879016416943201
1260,"English muffins, plain, toasted",Grains and grain products,11,english muffins plain toasted,0.16,0.14842000511827327
1261,"English muffins, plain, toasted",Grains and grain products,11,english muffins plain toasted,0.11,0.10436001532424277
1262,"Flour tortillas, refrigerated",Grains and grain products,11,flour tortillas refrigerated,0.06,0.058268908123975775
1263,"Flour tortillas, refrigerated",Grains and grain products,11,flour tortillas refrigerated,0.06,0.058268908123975775
1264,"Flour tortillas, refrigerated",Grains and grain products,11,flour tortillas refrigerated,0.07,0.06765864847381481
1265,"Fonio, whole grain",Grains and grain products,11,fonio whole grain,0.03,0.0295588022415444
1266,French bread,Grains and grain products,11,french bread,0.17,0.15700374880966475
1267,"French bread, toasted",Grains and grain products,11,french bread toasted,0.31,0.27002713721306015
1268,"Hamburger bread, with sesame seeds",Grains and grain products,11,hamburger bread with sesame seeds,0.34,0.29266961396282
1269,"Hamburger/hot dog rolls, hamburger rolls",Grains and grain products,11,hamburger hot dog rolls hamburger rolls,0.18,0.16551443847757338
1270,"Hamburger/hot dog rolls, hot dog rolls",Grains and grain products,11,hamburger hot dog rolls hot dog rolls,0.17,0.15700374880966475
1271,Maize cob (Corn cob),Grains and grain products,11,maize cob corn cob,0.21,0.1906203596086497
1272,Maize cob (Corn cob),Grains and grain products,11,maize cob corn cob,0.26,0.23111172096338664
1273,"Maize cob (Corn cob), frozen",Grains and grain products,11,maize cob corn cob frozen,0.25,0.22314355131420976
1274,"Maize cob (Corn cob), frozen",Grains and grain products,11,maize cob corn cob frozen,0.29,0.2546422183735807
1275,"Maize cob (Corn), canned",Grains and grain products,11,maize cob corn canned,0.26,0.23111172096338664
1276,"Maize cob (Corn), dried",Grains and grain products,11,maize cob corn dried,0.4,0.33647223662121295
1277,"Maize flour, Ufa, made from locally grown white mais",Grains and grain products,11,maize flour ufa made from locally grown white mais,0.32,0.2776317365982795
1278,"Maize, white flour",Grains and grain products,11,maize white flour,0.88,0.6312717768418579
1279,"Maize, white flour",Grains and grain products,11,maize white flour,0.47,0.3852624007906449
1280,"Maize, whole grain",Grains and grain products,11,maize whole grain,0.1,0.09531017980432487
1281,Maizena,Grains and grain products,11,maizena,0.04,0.039220713153281295
1282,"Millet, white fluor",Grains and grain products,11,millet white fluor,1.31,0.8372475245337022
1283,Oat bran,Grains and grain products,11,oat bran,0.27,0.23901690047049992
1284,Oat patent flour,Grains and grain products,11,oat patent flour,0.31,0.27002713721306015
1285,"Oat, flour",Grains and grain products,11,oat flour,0.5,0.4054651081081644
1286,"Oat, rolled, Bjørn havregryn",Grains and grain products,11,oat rolled bjrn havregryn,0.32,0.2776317365982795
1287,"Oat, rolled, rough oatmeal, precooked",Grains and grain products,11,oat rolled rough oatmeal precooked,0.7,0.5306282510621704
1288,"Oatmeal porridge with milk and water, prepared",Grains and grain products,11,oatmeal porridge with milk and water prepared,0.06,0.058268908123975775
1289,"Oatmeal porridge with water, Bjørn Havregyn, prepared",Grains and grain products,11,oatmeal porridge with water bjrn havregyn prepared,0.06,0.058268908123975775
1290,"Oatmeal, instant",Grains and grain products,11,oatmeal instant,0.46,0.3784364357202451
1291,"Oatmeal, instant",Grains and grain products,11,oatmeal instant,0.45,0.37156355643248307
1292,"Oatmeal, instant, boiled",Grains and grain products,11,oatmeal instant boiled,0.11,0.10436001532424277
1293,"Oatmeal, instant, boiled",Grains and grain products,11,oatmeal instant boiled,0.1,0.09531017980432487
1294,"Oatmeal, instant, microwave cooked",Grains and grain products,11,oatmeal instant microwave cooked,0.09,0.08617769624105233
1295,"Oatmeal, instant, microwave cooked",Grains and grain products,11,oatmeal instant microwave cooked,0.08,0.07696104113612832
1296,"Oatmeal, old fashioned",Grains and grain products,11,oatmeal old fashioned,0.34,0.29266961396282
1297,"Oatmeal, old fashioned",Grains and grain products,11,oatmeal old fashioned,0.37,0.31481073984003355
1298,"Oatmeal, old fashioned, boiled",Grains and grain products,11,oatmeal old fashioned boiled,0.11,0.10436001532424277
1299,"Oatmeal, old fashioned, boiled",Grains and grain products,11,oatmeal old fashioned boiled,0.1,0.09531017980432487
1300,"Oatmeal, old fashioned, microwave cooked",Grains and grain products,11,oatmeal old fashioned microwave cooked,0.09,0.08617769624105233
1301,"Oatmeal, old fashioned, microwave cooked",Grains and grain products,11,oatmeal old fashioned microwave cooked,0.09,0.08617769624105233
1302,"Oatmeal, quick cooking",Grains and grain products,11,oatmeal quick cooking,0.36,0.3074846997479606
1303,"Oatmeal, quick cooking, 1‐ Minute Oats",Grains and grain products,11,oatmeal quick cooking 1 minute oats,0.45,0.37156355643248307
1304,"Oatmeal, quick cooking, 1‐ minute oats, boiled",Grains and grain products,11,oatmeal quick cooking 1 minute oats boiled,0.1,0.09531017980432487
1305,"Oatmeal, quick cooking, 1‐ minute oats, microwave cooked",Grains and grain products,11,oatmeal quick cooking 1 minute oats microwave cooked,0.08,0.07696104113612832
1306,"Oatmeal, quick cooking, boiled",Grains and grain products,11,oatmeal quick cooking boiled,0.09,0.08617769624105233
1307,"Oatmeal, quick cooking, microwave cooked",Grains and grain products,11,oatmeal quick cooking microwave cooked,0.08,0.07696104113612832
1308,"Oats, rolled, rough oatmeal",Grains and grain products,11,oats rolled rough oatmeal,0.54,0.43178241642553783
1309,Rice,Grains and grain products,11,rice,0.16,0.14842000511827327
1310,Rice porridge,Grains and grain products,11,rice porridge,0.06,0.058268908123975775
1311,"Rice, brown, ecologically grown",Grains and grain products,11,rice brown ecologically grown,0.33,0.2851789422336624
1312,"Rice, brown, grain, Basmati",Grains and grain products,11,rice brown grain basmati,0.36,0.3074846997479606
1313,"Rice, brown, grain, Basmati, cooked",Grains and grain products,11,rice brown grain basmati cooked,0.27,0.23901690047049992
1314,"Rice, grain, fast",Grains and grain products,11,rice grain fast,0.01,0.009950330853168083
1315,"Rice, grain, Jasmin",Grains and grain products,11,rice grain jasmin,0.02,0.019802627296179712
1316,"Rice, long grain, white",Grains and grain products,11,rice long grain white,0.08,0.07696104113612832
1317,"Rice, long grain, white, cooked",Grains and grain products,11,rice long grain white cooked,0.02,0.019802627296179712
1318,"Rice, white flour",Grains and grain products,11,rice white flour,0.06,0.058268908123975775
1319,"Rice, white flour",Grains and grain products,11,rice white flour,0.05,0.04879016416943201
1320,"Rice, white flour",Grains and grain products,11,rice white flour,0.02,0.019802627296179712
1321,"Rice, white, cooked, instant",Grains and grain products,11,rice white cooked instant,0.02,0.019802627296179712
1322,"Rice, white, cooked, instant",Grains and grain products,11,rice white cooked instant,0.03,0.0295588022415444
1323,"Rice, white, extra long grain, cooked",Grains and grain products,11,rice white extra long grain cooked,0.03,0.0295588022415444
1324,"Rice, white, extra long grain, cooked, (tap water)",Grains and grain products,11,rice white extra long grain cooked tap water,0.03,0.0295588022415444
1325,"Rice, white, grain, instant",Grains and grain products,11,rice white grain instant,0.07,0.06765864847381481
1326,"Rice, white, long grain",Grains and grain products,11,rice white long grain,0.1,0.09531017980432487
1327,"Rice, white, long grain",Grains and grain products,11,rice white long grain,0.12,0.11332868530700317
1328,"Rice, white, long grain",Grains and grain products,11,rice white long grain,0.1,0.09531017980432487
1329,"Rice, white, long grain, american",Grains and grain products,11,rice white long grain american,0.14,0.1310282624064041
1330,"Rice, white, long grain, cooked",Grains and grain products,11,rice white long grain cooked,0.04,0.039220713153281295
1331,"Rice, white, long grain, cooked",Grains and grain products,11,rice white long grain cooked,0.04,0.039220713153281295
1332,"Rice, white, long grain, cooked (tap water)",Grains and grain products,11,rice white long grain cooked tap water,0.03,0.0295588022415444
1333,"Rice, white, long grain, cooked, (tap water)",Grains and grain products,11,rice white long grain cooked tap water,0.03,0.0295588022415444
1334,"Rice, white, long grain, parboiled",Grains and grain products,11,rice white long grain parboiled,0.17,0.15700374880966475
1335,"Rice, white, long grain, parboiled, cooked",Grains and grain products,11,rice white long grain parboiled cooked,0.12,0.11332868530700317
1336,"Rice, whole grain",Grains and grain products,11,rice whole grain,0.02,0.019802627296179712
1337,"Rye, flour, sieved",Grains and grain products,11,rye flour sieved,0.2,0.18232155679395462
1338,"Rye, flour, sieved",Grains and grain products,11,rye flour sieved,0.25,0.22314355131420976
1339,"Rye, squeezed, wholemeal flour",Grains and grain products,11,rye squeezed wholemeal flour,0.35,0.30010459245033805
1340,"Rye, white flour",Grains and grain products,11,rye white flour,0.2,0.18232155679395462
1341,"Rye, wholemeal flour",Grains and grain products,11,rye wholemeal flour,0.5,0.4054651081081644
1342,"Rye, wholemeal, fine",Grains and grain products,11,rye wholemeal fine,0.57,0.4510756193602167
1343,Salmone (brohvete),Grains and grain products,11,salmone brohvete,0.84,0.6097655716208943
1344,Sinskajae,Grains and grain products,11,sinskajae,0.68,0.5187937934151676
1345,Sorghum,Grains and grain products,11,sorghum,0.06,0.058268908123975775
1346,"Sorghum (Sorgam), flour",Grains and grain products,11,sorghum sorgam flour,0.3,0.26236426446749106
1347,"Sorghum, whole grain",Grains and grain products,11,sorghum whole grain,0.19,0.173953307123438
1348,"Spaghetti, regular",Grains and grain products,11,spaghetti regular,0.12,0.11332868530700317
1349,"Spaghetti, regular",Grains and grain products,11,spaghetti regular,0.12,0.11332868530700317
1350,"Spaghetti, regular",Grains and grain products,11,spaghetti regular,0.13,0.12221763272424921
1351,"Spaghetti, regular",Grains and grain products,11,spaghetti regular,0.12,0.11332868530700317
1352,"Spaghetti, regular",Grains and grain products,11,spaghetti regular,0.03,0.0295588022415444
1353,"Spaghetti, regular",Grains and grain products,11,spaghetti regular,0.04,0.039220713153281295
1354,"Spaghetti, regular, cooked",Grains and grain products,11,spaghetti regular cooked,0.02,0.019802627296179712
1355,"Spaghetti, regular, cooked",Grains and grain products,11,spaghetti regular cooked,0.04,0.039220713153281295
1356,"Spaghetti, regular, cooked",Grains and grain products,11,spaghetti regular cooked,0.06,0.058268908123975775
1357,"Spaghetti, regular, cooked",Grains and grain products,11,spaghetti regular cooked,0.02,0.019802627296179712
1358,"Spelt, sieved",Grains and grain products,11,spelt sieved,0.21,0.1906203596086497
1359,"Spelt, wholemeal flour, ecologically grown",Grains and grain products,11,spelt wholemeal flour ecologically grown,0.21,0.1906203596086497
1360,"Spelt, wholemeal, grov",Grains and grain products,11,spelt wholemeal grov,0.16,0.14842000511827327
1361,"Spring wheat, Bastian",Grains and grain products,11,spring wheat bastian,3.31,1.4609379041156565
1362,Taco shells,Grains and grain products,11,taco shells,0.2,0.18232155679395462
1363,"Taco shells, corn, hard, ready‐to‐eat",Grains and grain products,11,taco shells corn hard readytoeat,0.53,0.4252677354043441
1364,"Taco shells, corn, hard, ready‐to‐eat",Grains and grain products,11,taco shells corn hard readytoeat,0.58,0.4574248470388754
1365,"Taco shells, corn, hard, ready‐to‐eat",Grains and grain products,11,taco shells corn hard readytoeat,0.37,0.31481073984003355
1366,"Taco shells, Mariachi",Grains and grain products,11,taco shells mariachi,0.28,0.2468600779315258
1367,"Taco shells, Texmex",Grains and grain products,11,taco shells texmex,0.27,0.23901690047049992
1368,Wheat bread,Grains and grain products,11,wheat bread,0.32,0.2776317365982795
1369,Wheat bread,Grains and grain products,11,wheat bread,0.34,0.29266961396282
1370,Wheat bread,Grains and grain products,11,wheat bread,0.31,0.27002713721306015
1371,"Wheat bread, toasted",Grains and grain products,11,wheat bread toasted,0.54,0.43178241642553783
1372,"Wheat bread, toasted",Grains and grain products,11,wheat bread toasted,0.52,0.41871033485818504
1373,"Wheat bread, toasted",Grains and grain products,11,wheat bread toasted,0.6,0.4700036292457356
1374,Wheat germ,Grains and grain products,11,wheat germ,3.23,1.4422019930581866
1375,"Wheat, white flour",Grains and grain products,11,wheat white flour,0.08,0.07696104113612832
1376,"Wheat, white flour, sieved",Grains and grain products,11,wheat white flour sieved,0.12,0.11332868530700317
1377,"Wheat, white fluor, imported",Grains and grain products,11,wheat white fluor imported,0.18,0.16551443847757338
1378,"Wheat, whole grain",Grains and grain products,11,wheat whole grain,0.38,0.32208349916911333
1379,"Wheat, wholemeal flour",Grains and grain products,11,wheat wholemeal flour,0.36,0.3074846997479606
1380,"Wheat, wholemeal flour, Graham flour",Grains and grain products,11,wheat wholemeal flour graham flour,0.32,0.2776317365982795
1381,"White bread, sliced",Grains and grain products,11,white bread sliced,0.15,0.13976194237515868
1382,"White bread, sliced",Grains and grain products,11,white bread sliced,0.16,0.14842000511827327
1383,Whole wheat bread,Grains and grain products,11,whole wheat bread,0.46,0.3784364357202451
1384,Whole wheat bread,Grains and grain products,11,whole wheat bread,0.51,0.412109650826833
1385,Whole wheat bread,Grains and grain products,11,whole wheat bread,0.47,0.3852624007906449
1386,"Whole wheat bread, toasted",Grains and grain products,11,whole wheat bread toasted,1.0,0.6931471805599453
1387,"Whole wheat bread, toasted",Grains and grain products,11,whole wheat bread toasted,0.93,0.6575200029167942
1388,"Amalaki (Amla), powder in capsule",Herbal/traditional plant medicine,12,amalaki amla powder in capsule,301.14,5.710890486115579
1389,Angelicae Radix,Herbal/traditional plant medicine,12,angelicae radix,2.96,1.3762440252663892
1390,"Arjuna, powder in capsule",Herbal/traditional plant medicine,12,arjuna powder in capsule,146.95,4.996874378846218
1391,"Arnica (Arnica montana), flower and seeds, dried",Herbal/traditional plant medicine,12,arnica arnica montana flower and seeds dried,36.28,3.6184569898173904
1392,"Arnica (Arnica montana), leaves",Herbal/traditional plant medicine,12,arnica arnica montana leaves,3.72,1.551808799597464
1393,Astragali Radix,Herbal/traditional plant medicine,12,astragali radix,4.87,1.769854633840005
1394,Atractylodis Lanceae Rhizoma,Herbal/traditional plant medicine,12,atractylodis lanceae rhizoma,7.37,2.124653884501384
1395,Aurantii Nobilis Pericarpium,Herbal/traditional plant medicine,12,aurantii nobilis pericarpium,17.48,2.916689066213538
1396,"Ayur Slim, powder in capsule",Herbal/traditional plant medicine,12,ayur slim powder in capsule,4.94,1.7817091333745536
1397,"Blood Purifier, powder in capsule",Herbal/traditional plant medicine,12,blood purifier powder in capsule,25.42,3.2741212990941793
1398,Bordelobo,Herbal/traditional plant medicine,12,bordelobo,17.98,2.9433857931817817
1399,"Brahmi, powder in capsule",Herbal/traditional plant medicine,12,brahmi powder in capsule,10.4,2.4336133554004498
1400,Bupleuri Radix,Herbal/traditional plant medicine,12,bupleuri radix,5.66,1.8961194845522977
1401,Cancerina,Herbal/traditional plant medicine,12,cancerina,19.14,3.0027078872904163
1402,Cascara Sagrada,Herbal/traditional plant medicine,12,cascara sagrada,47.15,3.8743211382441345
1403,"Chyavanprash, Dabur",Herbal/traditional plant medicine,12,chyavanprash dabur,35.7,3.6027767550605247
1404,"Chyavanprash, Zandu in Asli Ghee",Herbal/traditional plant medicine,12,chyavanprash zandu in asli ghee,18.32,2.961140828784372
1405,Cimicifugae Rhizoma,Herbal/traditional plant medicine,12,cimicifugae rhizoma,64.31,4.179145163914566
1406,Cinnamomi Cortex,Herbal/traditional plant medicine,12,cinnamomi cortex,120.18,4.797277043516843
1407,Cnidii Rhizoma,Herbal/traditional plant medicine,12,cnidii rhizoma,6.68,2.038619547159581
1408,"Digestiv, powder in capsule",Herbal/traditional plant medicine,12,digestiv powder in capsule,7.68,2.1610215286722587
1409,Domiana de SanLuis,Herbal/traditional plant medicine,12,domiana de sanluis,10.69,2.458733775483977
1410,Eucalipto,Herbal/traditional plant medicine,12,eucalipto,47.3,3.877431560658527
1411,Ginseng Radix,Herbal/traditional plant medicine,12,ginseng radix,1.45,0.8960880245566356
1412,Glycyrrhizae Radix,Herbal/traditional plant medicine,12,glycyrrhizae radix,11.58,2.5321082512722946
1413,"Goshuyutou, kampo, traditional Chinese medicine from Japan, powder",Herbal/traditional plant medicine,12,goshuyutou kampo traditional chinese medicine from japan powder,132.58,4.89470054929749
1414,Hochuekkito,Herbal/traditional plant medicine,12,hochuekkito,9.67,2.367436065313662
1415,Holelen,Herbal/traditional plant medicine,12,holelen,2.82,1.3402504226184837
1416,Huacharable,Herbal/traditional plant medicine,12,huacharable,39.18,3.6933693593867885
1417,Juzentaihoto,Herbal/traditional plant medicine,12,juzentaihoto,14.18,2.719978771967484
1418,"Kampo, traditional Chinese medicine from Japan, powder",Herbal/traditional plant medicine,12,kampo traditional chinese medicine from japan powder,4.02,1.6134299337036377
1419,"Karela, bitter gourd, powder in capsule",Herbal/traditional plant medicine,12,karela bitter gourd powder in capsule,7.57,2.1482677326096886
1420,"Lasuna, garlic, powder in capsule",Herbal/traditional plant medicine,12,lasuna garlic powder in capsule,0.8,0.5877866649021191
1421,"Neem Guard, powder in capsule",Herbal/traditional plant medicine,12,neem guard powder in capsule,89.23,4.50236196600641
1422,"Nimba (Neem Tree), powder in capsule",Herbal/traditional plant medicine,12,nimba neem tree powder in capsule,19.99,3.0440461338325413
1423,Paeoniae Radix,Herbal/traditional plant medicine,12,paeoniae radix,55.13,4.027670428954108
1424,Pinelliae Tuber,Herbal/traditional plant medicine,12,pinelliae tuber,0.28,0.2468600779315258
1425,Pinguica,Herbal/traditional plant medicine,12,pinguica,2.31,1.1969481893889715
1426,Rhemanniae Radix,Herbal/traditional plant medicine,12,rhemanniae radix,3.94,1.597365331199831
1427,Saikokeishito,Herbal/traditional plant medicine,12,saikokeishito,21.35,3.106826321059578
1428,"Sangre de grado (Croton lechleri), liquid solution",Herbal/traditional plant medicine,12,sangre de grado croton lechleri liquid solution,2897.11,7.971814079372141
1429,Sano Sano,Herbal/traditional plant medicine,12,sano sano,0.47,0.3852624007906449
1430,Scutellariae Radix,Herbal/traditional plant medicine,12,scutellariae radix,111.33,4.721440967653478
1431,"Shallaki, powder in capsule",Herbal/traditional plant medicine,12,shallaki powder in capsule,2.58,1.275362800412609
1432,"Shuddha guggulu, powder in capsule",Herbal/traditional plant medicine,12,shuddha guggulu powder in capsule,13.77,2.6925980965432883
1433,"Stress Guard, anti stress, powder in capsule",Herbal/traditional plant medicine,12,stress guard anti stress powder in capsule,6.39,2.0001277349601105
1434,"Tagara, valerian, powder in capsule",Herbal/traditional plant medicine,12,tagara valerian powder in capsule,6.44,2.0068708488450007
1435,Tepezcohuite,Herbal/traditional plant medicine,12,tepezcohuite,64.58,4.1832707714165025
1436,Tetzar,Herbal/traditional plant medicine,12,tetzar,5.88,1.9286186519452522
1437,Tila,Herbal/traditional plant medicine,12,tila,19.49,3.0199369622508083
1438,"Triphala, powder in capsule",Herbal/traditional plant medicine,12,triphala powder in capsule,706.25,6.561384210181677
1439,Hangebyakujutsutemmato,Herbal/traditional plant medicine,12,hangebyakujutsutemmato,5.15,1.8164520818184267
1440,"Tulasi, (Holy basil), powder in capsule",Herbal/traditional plant medicine,12,tulasi holy basil powder in capsule,39.67,3.7054907199191334
1441,"Un Compuesto, herbal condiment against insomnia",Herbal/traditional plant medicine,12,un compuesto herbal condiment against insomnia,40.89,3.7350471349589434
1442,Uncaria Tomentosa (Uña de gato),Herbal/traditional plant medicine,12,uncaria tomentosa una de gato,37.1,3.6402142821326553
1443,Zapote,Herbal/traditional plant medicine,12,zapote,38.78,3.683364273425826
1444,"Zarzaparrilla, root",Herbal/traditional plant medicine,12,zarzaparrilla root,13.73,2.689886230474539
1445,Zingiberis Rhizoma,Herbal/traditional plant medicine,12,zingiberis rhizoma,17.52,2.918851229218033
1446,Zizyphi Fructus,Herbal/traditional plant medicine,12,zizyphi fructus,5.88,1.9286186519452522
1447,Beef,Infant foods and beverages,13,beef,0.08,0.07696104113612832
1448,Beef,Infant foods and beverages,13,beef,0.05,0.04879016416943201
1449,Beef,Infant foods and beverages,13,beef,0.06,0.058268908123975775
1450,Broccoli and chicken dinner,Infant foods and beverages,13,broccoli and chicken dinner,0.38,0.32208349916911333
1451,Broccoli and chicken dinner,Infant foods and beverages,13,broccoli and chicken dinner,0.13,0.12221763272424921
1452,Broccoli and chicken dinner,Infant foods and beverages,13,broccoli and chicken dinner,0.45,0.37156355643248307
1453,"Broccoli and chicken dinner, heated",Infant foods and beverages,13,broccoli and chicken dinner heated,0.47,0.3852624007906449
1454,Chicken,Infant foods and beverages,13,chicken,0.02,0.019802627296179712
1455,Chicken,Infant foods and beverages,13,chicken,0.06,0.058268908123975775
1456,Chicken,Infant foods and beverages,13,chicken,0.1,0.09531017980432487
1457,"Chicken and vegetable risotto, ecological (from 8 months)",Infant foods and beverages,13,chicken and vegetable risotto ecological from 8 months,0.12,0.11332868530700317
1458,Chicken and vegetables (from 6 months),Infant foods and beverages,13,chicken and vegetables from 6 months,0.15,0.13976194237515868
1459,"Dessert, Solskinnspuré, from 6 months",Infant foods and beverages,13,dessert solskinnspure from 6 months,0.86,0.6205764877251099
1460,"Dog Rose, extract",Infant foods and beverages,13,dog rose extract,18.52,2.9714395809849465
1461,Dog Rosepurée,Infant foods and beverages,13,dog rosepuree,6.68,2.038619547159581
1462,"Fruit salad, ecological (From 8 months)",Infant foods and beverages,13,fruit salad ecological from 8 months,0.7,0.5306282510621704
1463,Green beans,Infant foods and beverages,13,green beans,0.05,0.04879016416943201
1464,Green beans,Infant foods and beverages,13,green beans,0.08,0.07696104113612832
1465,Human breast milk (mean of 49 samples),Infant foods and beverages,13,human breast milk mean of 49 samples,2.03,1.1085626195212777
1466,"Infant formula with omega 3, Collett, prepared",Infant foods and beverages,13,infant formula with omega 3 collett prepared,0.18,0.16551443847757338
1467,"Infant formula, NAN, prepared",Infant foods and beverages,13,infant formula nan prepared,0.08,0.07696104113612832
1468,Jungle dessert,Infant foods and beverages,13,jungle dessert,0.7,0.5306282510621704
1469,Lamb,Infant foods and beverages,13,lamb,0.05,0.04879016416943201
1470,Lamb,Infant foods and beverages,13,lamb,0.05,0.04879016416943201
1471,"Oatmeal cereal, unprepared",Infant foods and beverages,13,oatmeal cereal unprepared,0.56,0.44468582126144574
1472,Pasta bolognese,Infant foods and beverages,13,pasta bolognese,0.2,0.18232155679395462
1473,Pasta with beef (from 8 months),Infant foods and beverages,13,pasta with beef from 8 months,0.21,0.1906203596086497
1474,Peaches,Infant foods and beverages,13,peaches,1.17,0.7747271675523681
1475,Peaches,Infant foods and beverages,13,peaches,1.25,0.8109302162163288
1476,Peaches,Infant foods and beverages,13,peaches,1.06,0.7227059828014898
1477,Peas,Infant foods and beverages,13,peas,0.1,0.09531017980432487
1478,Peas,Infant foods and beverages,13,peas,0.09,0.08617769624105233
1479,Peas,Infant foods and beverages,13,peas,0.1,0.09531017980432487
1480,"Porridge with oat and banana, prepared",Infant foods and beverages,13,porridge with oat and banana prepared,0.06,0.058268908123975775
1481,"Porridge, wholemeal, with oat and apple, ecological, prepared",Infant foods and beverages,13,porridge wholemeal with oat and apple ecological prepared,0.15,0.13976194237515868
1482,"Porridge, wholemeal, without sugar, with banana/apricot and supplements, prepared",Infant foods and beverages,13,porridge wholemeal without sugar with banana apricot and supplements prepared,0.27,0.23901690047049992
1483,"Porridge, wholemeal, without sugar, with fruit and supplements, prepared",Infant foods and beverages,13,porridge wholemeal without sugar with fruit and supplements prepared,0.31,0.27002713721306015
1484,Prune juice,Infant foods and beverages,13,prune juice,1.18,0.7793248768009976
1485,"Spaghetti bolognese, ecological",Infant foods and beverages,13,spaghetti bolognese ecological,0.14,0.1310282624064041
1486,Squash,Infant foods and beverages,13,squash,0.11,0.10436001532424277
1487,Squash,Infant foods and beverages,13,squash,0.17,0.15700374880966475
1488,"Stew with chicken, turkey and herbs",Infant foods and beverages,13,stew with chicken turkey and herbs,0.19,0.173953307123438
1489,Turkey,Infant foods and beverages,13,turkey,0.04,0.039220713153281295
1490,Turkey,Infant foods and beverages,13,turkey,0.05,0.04879016416943201
1491,Turkey,Infant foods and beverages,13,turkey,0.06,0.058268908123975775
1492,"Turkey, sticks and diced",Infant foods and beverages,13,turkey sticks and diced,0.05,0.04879016416943201
1493,"Turkey, sticks and diced",Infant foods and beverages,13,turkey sticks and diced,0.06,0.058268908123975775
1494,Veal,Infant foods and beverages,13,veal,0.07,0.06765864847381481
1495,Veal,Infant foods and beverages,13,veal,0.05,0.04879016416943201
1496,Vegetable and beef dinner,Infant foods and beverages,13,vegetable and beef dinner,0.09,0.08617769624105233
1497,Vegetable and beef dinner,Infant foods and beverages,13,vegetable and beef dinner,0.12,0.11332868530700317
1498,Vegetable and beef dinner,Infant foods and beverages,13,vegetable and beef dinner,0.06,0.058268908123975775
1499,"Beans, red, canned, boiled",Legumes,14,beans red canned boiled,0.33,0.2851789422336624
1500,"Beans, white, large size, haricotes lingots Blanc",Legumes,14,beans white large size haricotes lingots blanc,0.36,0.3074846997479606
1501,Berlotti beans,Legumes,14,berlotti beans,1.96,1.085189268335969
1502,"Black eye beans, haricot blance",Legumes,14,black eye beans haricot blance,0.75,0.5596157879354227
1503,"Black eye beans, white, cornille",Legumes,14,black eye beans white cornille,0.47,0.3852624007906449
1504,"Black eyes beans, white, medium size, dry",Legumes,14,black eyes beans white medium size dry,0.5,0.4054651081081644
1505,Blue beans,Legumes,14,blue beans,0.85,0.6151856390902335
1506,"Blue beans, cooked",Legumes,14,blue beans cooked,0.98,0.6830968447064438
1507,"Broad beans, green",Legumes,14,broad beans green,1.97,1.0885619528146082
1508,"Broad beans, split",Legumes,14,broad beans split,1.64,0.9707789171582247
1509,Chickpeas,Legumes,14,chickpeas,0.19,0.173953307123438
1510,Chickpeas,Legumes,14,chickpeas,0.22,0.1988508587451652
1511,"Chickpeas, small size",Legumes,14,chickpeas small size,0.57,0.4510756193602167
1512,Chinese broad bean paste,Legumes,14,chinese broad bean paste,0.85,0.6151856390902335
1513,"Edamame, frozen",Legumes,14,edamame frozen,0.47,0.3852624007906449
1514,"Edamame, frozen, prepared",Legumes,14,edamame frozen prepared,0.43,0.3576744442718159
1515,"Flageolets beans, green, canned, boiled",Legumes,14,flageolets beans green canned boiled,0.2,0.18232155679395462
1516,"Kidney beans, canned, light red",Legumes,14,kidney beans canned light red,0.27,0.23901690047049992
1517,"Kidney beans, canned, light red, cooked",Legumes,14,kidney beans canned light red cooked,0.26,0.23111172096338664
1518,"Kidney beans, dry",Legumes,14,kidney beans dry,0.81,0.5933268452777344
1519,"Kidney beans, large size",Legumes,14,kidney beans large size,0.81,0.5933268452777344
1520,"Kidney beans, medium size, dry",Legumes,14,kidney beans medium size dry,1.39,0.8712933659434192
1521,"Kidney beans, striped, large size, dry",Legumes,14,kidney beans striped large size dry,1.61,0.9593502213346021
1522,"Lentils, black with peel",Legumes,14,lentils black with peel,0.66,0.5068176023684519
1523,"Lentils, Cole‐Dal, yellow, split",Legumes,14,lentils coledal yellow split,0.16,0.14842000511827327
1524,"Lentils, green",Legumes,14,lentils green,1.0,0.6931471805599453
1525,"Lentils, Masoor‐Dal Sabat, dark brown, with peel",Legumes,14,lentils masoordal sabat dark brown with peel,0.34,0.29266961396282
1526,"Lentils, Masoor‐Dal, pink, without peel",Legumes,14,lentils masoordal pink without peel,0.1,0.09531017980432487
1527,"Lentils, Moong‐Dal, yellow, split",Legumes,14,lentils moongdal yellow split,0.15,0.13976194237515868
1528,"Lentils, Posune",Legumes,14,lentils posune,1.14,0.76080582903376
1529,"Lentils, red",Legumes,14,lentils red,0.23,0.20701416938432615
1530,"Lentils, Toor Dal, yellow",Legumes,14,lentils toor dal yellow,0.35,0.30010459245033805
1531,"Lentils, white, split, Maa‐Dal",Legumes,14,lentils white split maadal,0.16,0.14842000511827327
1532,"Moung Dal, with peel",Legumes,14,moung dal with peel,0.53,0.4252677354043441
1533,Mung beans,Legumes,14,mung beans,0.34,0.29266961396282
1534,"Mung beans, peeled",Legumes,14,mung beans peeled,0.1,0.09531017980432487
1535,Navy beans,Legumes,14,navy beans,0.38,0.32208349916911333
1536,"Navy beans, dry",Legumes,14,navy beans dry,0.57,0.4510756193602167
1537,"Navy beans, dry, cooked",Legumes,14,navy beans dry cooked,0.11,0.10436001532424277
1538,Peas,Legumes,14,peas,0.26,0.23111172096338664
1539,Peas,Legumes,14,peas,0.25,0.22314355131420976
1540,"Peas, baby, canned, drained liquid",Legumes,14,peas baby canned drained liquid,0.1,0.09531017980432487
1541,"Peas, baby, canned, drained liquid",Legumes,14,peas baby canned drained liquid,0.11,0.10436001532424277
1542,"Peas, baby, canned, drained solids",Legumes,14,peas baby canned drained solids,0.01,0.009950330853168083
1543,"Peas, regular, canned, drained liquid",Legumes,14,peas regular canned drained liquid,0.15,0.13976194237515868
1544,"Peas, regular, canned, drained liquid",Legumes,14,peas regular canned drained liquid,0.06,0.058268908123975775
1545,"Peas, regular, canned, drained liquid",Legumes,14,peas regular canned drained liquid,0.17,0.15700374880966475
1546,"Peas, regular, canned, drained solids",Legumes,14,peas regular canned drained solids,0.09,0.08617769624105233
1547,"Peas, regular, canned, drained solids",Legumes,14,peas regular canned drained solids,0.12,0.11332868530700317
1548,"Peas, regular, canned, drained solids",Legumes,14,peas regular canned drained solids,0.12,0.11332868530700317
1549,"Peas, regular, canned, drained solids, heated",Legumes,14,peas regular canned drained solids heated,0.11,0.10436001532424277
1550,"Peas, regular, canned, drained solids, heated",Legumes,14,peas regular canned drained solids heated,0.12,0.11332868530700317
1551,"Peas, regular, canned, drained solids, heated",Legumes,14,peas regular canned drained solids heated,0.11,0.10436001532424277
1552,"Peas, yellow, split",Legumes,14,peas yellow split,0.12,0.11332868530700317
1553,Pinto beans,Legumes,14,pinto beans,1.15,0.7654678421395714
1554,"Pinto beans, dried",Legumes,14,pinto beans dried,1.18,0.7793248768009976
1555,"Pinto beans, dried, cooked",Legumes,14,pinto beans dried cooked,0.19,0.173953307123438
1556,"Soy beans, Red Bean (Soja rouge)",Legumes,14,soy beans red bean soja rouge,0.82,0.598836501088704
1557,"Soy beans, white, small size, dry",Legumes,14,soy beans white small size dry,0.99,0.688134638736401
1558,"Soy milk with chocolate, Alpro Soya",Legumes,14,soy milk with chocolate alpro soya,0.3,0.26236426446749106
1559,"Soy milk, chocolate, enriched with vitamins A, D & calsium",Legumes,14,soy milk chocolate enriched with vitamins a d calsium,0.25,0.22314355131420976
1560,"Soy milk, ecological",Legumes,14,soy milk ecological,0.08,0.07696104113612832
1561,"Soy milk, original, enriched with vitamins A, D & calsium",Legumes,14,soy milk original enriched with vitamins a d calsium,0.05,0.04879016416943201
1562,"Soy milk, Soy dream original",Legumes,14,soy milk soy dream original,0.07,0.06765864847381481
1563,"Soy milk, vanilla, enriched with vitamins A, D & calsium",Legumes,14,soy milk vanilla enriched with vitamins a d calsium,0.1,0.09531017980432487
1564,Soyatein (protein rich soya),Legumes,14,soyatein protein rich soya,1.32,0.8415671856782186
1565,Tofu naturell,Legumes,14,tofu naturell,0.09,0.08617769624105233
1566,"Tofutti, creamy smooth",Legumes,14,tofutti creamy smooth,0.05,0.04879016416943201
1567,Urid Dal Split,Legumes,14,urid dal split,0.36,0.3074846997479606
1568,"Bacon, fried",Meat and meat products,15,bacon fried,0.85,0.6151856390902335
1569,"Bacon, Frokostbacon",Meat and meat products,15,bacon frokostbacon,0.32,0.2776317365982795
1570,Beef hot dogs,Meat and meat products,15,beef hot dogs,0.43,0.3576744442718159
1571,Beef hot dogs,Meat and meat products,15,beef hot dogs,0.47,0.3852624007906449
1572,Beef hot dogs,Meat and meat products,15,beef hot dogs,0.37,0.31481073984003355
1573,Beef hot dogs,Meat and meat products,15,beef hot dogs,0.39,0.3293037471426004
1574,Beef hot dogs,Meat and meat products,15,beef hot dogs,0.38,0.32208349916911333
1575,Beef hot dogs,Meat and meat products,15,beef hot dogs,0.51,0.412109650826833
1576,"Beef hot dogs, cooked (boiled)",Meat and meat products,15,beef hot dogs cooked boiled,0.34,0.29266961396282
1577,"Beef hot dogs, cooked (boiled)",Meat and meat products,15,beef hot dogs cooked boiled,0.47,0.3852624007906449
1578,Hamburger frozen,Meat and meat products,15,hamburger frozen,0.04,0.039220713153281295
1579,"Hamburger, frozen",Meat and meat products,15,hamburger frozen,0.12,0.11332868530700317
1580,"Hamburger, frozen, fried",Meat and meat products,15,hamburger frozen fried,0.11,0.10436001532424277
1581,"Hot dog, barbecue",Meat and meat products,15,hot dog barbecue,0.51,0.412109650826833
1582,"Hot dog, barbecue, fried",Meat and meat products,15,hot dog barbecue fried,0.59,0.46373401623214017
1583,"Hot dog, frankfurter",Meat and meat products,15,hot dog frankfurter,0.29,0.2546422183735807
1584,"Liver, ox, frozen",Meat and meat products,15,liver ox frozen,0.71,0.5364933705145685
1585,"Liver, pork, frozen",Meat and meat products,15,liver pork frozen,0.46,0.3784364357202451
1586,Meat franks,Meat and meat products,15,meat franks,0.3,0.26236426446749106
1587,Meat franks,Meat and meat products,15,meat franks,0.32,0.2776317365982795
1588,Meat franks,Meat and meat products,15,meat franks,0.16,0.14842000511827327
1589,"Meat franks, cooked (boiled)",Meat and meat products,15,meat franks cooked boiled,0.24,0.2151113796169455
1590,"Meat franks, cooked (boiled)",Meat and meat products,15,meat franks cooked boiled,0.35,0.30010459245033805
1591,"Meat franks, jumbo",Meat and meat products,15,meat franks jumbo,0.25,0.22314355131420976
1592,Salami,Meat and meat products,15,salami,0.46,0.3784364357202451
1593,"Salami, Jubel",Meat and meat products,15,salami jubel,0.08,0.07696104113612832
1594,"Steak, calf",Meat and meat products,15,steak calf,0.02,0.019802627296179712
1595,"Steak, moose",Meat and meat products,15,steak moose,0.03,0.0295588022415444
1596,"Steak, ox",Meat and meat products,15,steak ox,0.01,0.009950330853168083
1597,"Steak, pork",Meat and meat products,15,steak pork,0.0,0.0
1598,"Steak, reindeer",Meat and meat products,15,steak reindeer,0.01,0.009950330853168083
1599,Artificial sweetener,Miscellanous ingredients,16,artificial sweetener,0.02,0.019802627296179712
1600,"Artificial sweetener, calorie‐ free",Miscellanous ingredients,16,artificial sweetener calorie free,0.0,0.0
1601,Artificial sweetener; calorie‐ free,Miscellanous ingredients,16,artificial sweetener calorie free,0.01,0.009950330853168083
1602,Aspartame,Miscellanous ingredients,16,aspartame,0.04,0.039220713153281295
1603,"Barley malt syrup, organic",Miscellanous ingredients,16,barley malt syrup organic,2.12,1.1378330018213911
1604,"Brown rice malt syrup, organic",Miscellanous ingredients,16,brown rice malt syrup organic,0.72,0.5423242908253616
1605,"Brown rice syrup, powder, organic",Miscellanous ingredients,16,brown rice syrup powder organic,1.04,0.712949807856125
1606,"Coffee mate, powder",Miscellanous ingredients,16,coffee mate powder,0.11,0.10436001532424277
1607,"Corn syrup, light",Miscellanous ingredients,16,corn syrup light,0.01,0.009950330853168083
1608,"Corn syrup, light",Miscellanous ingredients,16,corn syrup light,0.0,0.0
1609,Honey,Miscellanous ingredients,16,honey,0.16,0.14842000511827327
1610,Honey,Miscellanous ingredients,16,honey,0.14,0.1310282624064041
1611,Honey,Miscellanous ingredients,16,honey,0.19,0.173953307123438
1612,Honey,Miscellanous ingredients,16,honey,0.14,0.1310282624064041
1613,Honey,Miscellanous ingredients,16,honey,0.13,0.12221763272424921
1614,"Honey, clover",Miscellanous ingredients,16,honey clover,0.16,0.14842000511827327
1615,"Honey, pure",Miscellanous ingredients,16,honey pure,0.16,0.14842000511827327
1616,"Malt‐extract, Moss",Miscellanous ingredients,16,maltextract moss,1.69,0.9895411936137477
1617,"Maple syrup, 100% pure",Miscellanous ingredients,16,maple syrup 100 pure,0.45,0.37156355643248307
1618,"Molasses, dark",Miscellanous ingredients,16,molasses dark,4.9,1.7749523509116738
1619,"Salt, iodized",Miscellanous ingredients,16,salt iodized,0.0,0.0
1620,Soumbala,Miscellanous ingredients,16,soumbala,1.7,0.9932517730102834
1621,"Stevia Dryss, powder",Miscellanous ingredients,16,stevia dryss powder,0.31,0.27002713721306015
1622,"Stevia Dråper, liquid",Miscellanous ingredients,16,stevia draper liquid,0.4,0.33647223662121295
1623,"Stevia Plus, powder plus fiber",Miscellanous ingredients,16,stevia plus powder plus fiber,0.1,0.09531017980432487
1624,"Stevia powder, pluss fiber",Miscellanous ingredients,16,stevia powder pluss fiber,0.04,0.039220713153281295
1625,"Stevia, Max 80, liquid",Miscellanous ingredients,16,stevia max 80 liquid,0.02,0.019802627296179712
1626,"Sugar colour, Negro",Miscellanous ingredients,16,sugar colour negro,15.54,2.805781689595545
1627,"Sugar, raw cane, organic",Miscellanous ingredients,16,sugar raw cane organic,0.33,0.2851789422336624
1628,"Sugar, refined, granulated",Miscellanous ingredients,16,sugar refined granulated,0.0,0.0
1629,"Sugar, turbinado",Miscellanous ingredients,16,sugar turbinado,0.21,0.1906203596086497
1630,"Vinegar, apple cider",Miscellanous ingredients,16,vinegar apple cider,0.11,0.10436001532424277
1631,"Vinegar, apple cider",Miscellanous ingredients,16,vinegar apple cider,0.11,0.10436001532424277
1632,"Vinegar, apple cider",Miscellanous ingredients,16,vinegar apple cider,0.1,0.09531017980432487
1633,"Vinegar, apple cider",Miscellanous ingredients,16,vinegar apple cider,0.12,0.11332868530700317
1634,"Vinegar, balsamic",Miscellanous ingredients,16,vinegar balsamic,0.74,0.5538851132264376
1635,"Vinegar, balsamic",Miscellanous ingredients,16,vinegar balsamic,0.88,0.6312717768418579
1636,"Vinegar, balsamic",Miscellanous ingredients,16,vinegar balsamic,0.24,0.2151113796169455
1637,"Vinegar, destilled white",Miscellanous ingredients,16,vinegar destilled white,0.0,0.0
1638,"Vinegar, destilled white",Miscellanous ingredients,16,vinegar destilled white,0.0,0.0
1639,"Vinegar, distilled, white",Miscellanous ingredients,16,vinegar distilled white,0.0,0.0
1640,"Vinegar, red wine",Miscellanous ingredients,16,vinegar red wine,0.28,0.2468600779315258
1641,"Vinegar, red wine",Miscellanous ingredients,16,vinegar red wine,0.23,0.20701416938432615
1642,"Vinegar, red wine",Miscellanous ingredients,16,vinegar red wine,0.41,0.3435897043900769
1643,Bacon egg and cheese biscuit,Mixed food entrees,17,bacon egg and cheese biscuit,0.1,0.09531017980432487
1644,"Baked beans, pork and beans in brown sugar sauce",Mixed food entrees,17,baked beans pork and beans in brown sugar sauce,0.24,0.2151113796169455
1645,"Baked beans, pork and beans in brown sugar sauce",Mixed food entrees,17,baked beans pork and beans in brown sugar sauce,0.29,0.2546422183735807
1646,"Baked beans, pork and beans in brown sugar sauce",Mixed food entrees,17,baked beans pork and beans in brown sugar sauce,0.22,0.1988508587451652
1647,"Baked beans, pork and beans in brown sugar sauce",Mixed food entrees,17,baked beans pork and beans in brown sugar sauce,0.39,0.3293037471426004
1648,"Baked beans, pork and beans in brown sugar sauce",Mixed food entrees,17,baked beans pork and beans in brown sugar sauce,0.29,0.2546422183735807
1649,"Baked beans, pork and beans in brown sugar sauce, heated",Mixed food entrees,17,baked beans pork and beans in brown sugar sauce heated,0.21,0.1906203596086497
1650,"Baked beans, pork and beans in brown sugar sauce, heated",Mixed food entrees,17,baked beans pork and beans in brown sugar sauce heated,0.28,0.2468600779315258
1651,"Baked beans, pork and beans in brown sugar sauce, heated",Mixed food entrees,17,baked beans pork and beans in brown sugar sauce heated,0.38,0.32208349916911333
1652,"Baked beans, pork and beans in tomato sauce",Mixed food entrees,17,baked beans pork and beans in tomato sauce,0.19,0.173953307123438
1653,"Baked beans, pork and beans in tomato sauce",Mixed food entrees,17,baked beans pork and beans in tomato sauce,0.21,0.1906203596086497
1654,"Baked beans, pork and beans in tomato sauce",Mixed food entrees,17,baked beans pork and beans in tomato sauce,0.16,0.14842000511827327
1655,"Baked beans, pork and beans in tomato sauce",Mixed food entrees,17,baked beans pork and beans in tomato sauce,0.14,0.1310282624064041
1656,"Baked beans, pork and beans in tomato sauce",Mixed food entrees,17,baked beans pork and beans in tomato sauce,0.18,0.16551443847757338
1657,"Baked beans, pork and beans in tomato sauce, heated",Mixed food entrees,17,baked beans pork and beans in tomato sauce heated,0.21,0.1906203596086497
1658,"Baked beans, pork and beans in tomato sauce, heated",Mixed food entrees,17,baked beans pork and beans in tomato sauce heated,0.17,0.15700374880966475
1659,"Baked beans, vegetarian",Mixed food entrees,17,baked beans vegetarian,0.29,0.2546422183735807
1660,"Baked beans, vegetarian",Mixed food entrees,17,baked beans vegetarian,0.23,0.20701416938432615
1661,"Baked beans, vegetarian",Mixed food entrees,17,baked beans vegetarian,0.25,0.22314355131420976
1662,"Baked beans, vegetarian",Mixed food entrees,17,baked beans vegetarian,0.22,0.1988508587451652
1663,"Baked beans, vegetarian",Mixed food entrees,17,baked beans vegetarian,0.26,0.23111172096338664
1664,"Baked beans, vegetarian, heated",Mixed food entrees,17,baked beans vegetarian heated,0.27,0.23901690047049992
1665,"Baked beans, vegetarian, heated",Mixed food entrees,17,baked beans vegetarian heated,0.24,0.2151113796169455
1666,"Bean and cheese burritos, frozen",Mixed food entrees,17,bean and cheese burritos frozen,0.13,0.12221763272424921
1667,"Bean and cheese burritos, frozen",Mixed food entrees,17,bean and cheese burritos frozen,0.08,0.07696104113612832
1668,"Bean and cheese burritos, frozen",Mixed food entrees,17,bean and cheese burritos frozen,0.11,0.10436001532424277
1669,"Bean and cheese burritos, frozen",Mixed food entrees,17,bean and cheese burritos frozen,0.13,0.12221763272424921
1670,"Bean and cheese burritos, frozen, cooked",Mixed food entrees,17,bean and cheese burritos frozen cooked,0.13,0.12221763272424921
1671,"Bean and cheese burritos, frozen, cooked",Mixed food entrees,17,bean and cheese burritos frozen cooked,0.09,0.08617769624105233
1672,"Beef and bean burritos, frozen",Mixed food entrees,17,beef and bean burritos frozen,0.09,0.08617769624105233
1673,"Beef and bean burritos, frozen",Mixed food entrees,17,beef and bean burritos frozen,0.07,0.06765864847381481
1674,"Beef and bean burritos, frozen",Mixed food entrees,17,beef and bean burritos frozen,0.12,0.11332868530700317
1675,"Beef and bean burritos, frozen",Mixed food entrees,17,beef and bean burritos frozen,0.17,0.15700374880966475
1676,"Beef and bean burritos, frozen, cooked",Mixed food entrees,17,beef and bean burritos frozen cooked,0.11,0.10436001532424277
1677,"Beef and bean burritos, frozen, cooked",Mixed food entrees,17,beef and bean burritos frozen cooked,0.11,0.10436001532424277
1678,"Beef and bean burritos, frozen, family pack",Mixed food entrees,17,beef and bean burritos frozen family pack,0.17,0.15700374880966475
1679,"Beef stew, canned",Mixed food entrees,17,beef stew canned,0.14,0.1310282624064041
1680,"Beef stew, canned",Mixed food entrees,17,beef stew canned,0.07,0.06765864847381481
1681,"Beef stew, canned",Mixed food entrees,17,beef stew canned,0.18,0.16551443847757338
1682,"Beef stew, canned",Mixed food entrees,17,beef stew canned,0.12,0.11332868530700317
1683,"Beef stew, canned",Mixed food entrees,17,beef stew canned,0.14,0.1310282624064041
1684,"Beef stew, canned, cooked",Mixed food entrees,17,beef stew canned cooked,0.13,0.12221763272424921
1685,"Big Mac, national",Mixed food entrees,17,big mac national,0.08,0.07696104113612832
1686,"Big Mac, no cheese, national",Mixed food entrees,17,big mac no cheese national,0.09,0.08617769624105233
1687,BK Big Fish with cheese,Mixed food entrees,17,bk big fish with cheese,0.09,0.08617769624105233
1688,BK Broiler,Mixed food entrees,17,bk broiler,0.11,0.10436001532424277
1689,Breast Filet,Mixed food entrees,17,breast filet,0.12,0.11332868530700317
1690,"Burrito, bean",Mixed food entrees,17,burrito bean,0.16,0.14842000511827327
1691,"Burrito, supreme with beef",Mixed food entrees,17,burrito supreme with beef,0.12,0.11332868530700317
1692,"Burrito, supreme with chicken",Mixed food entrees,17,burrito supreme with chicken,0.13,0.12221763272424921
1693,"Burrito, supreme with steak",Mixed food entrees,17,burrito supreme with steak,0.12,0.11332868530700317
1694,"Cheese lasagna, frozen, five cheese",Mixed food entrees,17,cheese lasagna frozen five cheese,0.73,0.5481214085096876
1695,"Cheese lasagna, frozen, five cheese, cooked",Mixed food entrees,17,cheese lasagna frozen five cheese cooked,0.53,0.4252677354043441
1696,"Cheese lasagna, frozen, Mozzarella",Mixed food entrees,17,cheese lasagna frozen mozzarella,0.14,0.1310282624064041
1697,"Cheese lasagna, frozen, three cheese",Mixed food entrees,17,cheese lasagna frozen three cheese,0.23,0.20701416938432615
1698,"Cheese lasagna, frozen, three cheese, cooked",Mixed food entrees,17,cheese lasagna frozen three cheese cooked,0.18,0.16551443847757338
1699,"Cheese pizza, frozen, regular thin crust",Mixed food entrees,17,cheese pizza frozen regular thin crust,0.13,0.12221763272424921
1700,"Cheese pizza, frozen, rising crust",Mixed food entrees,17,cheese pizza frozen rising crust,0.16,0.14842000511827327
1701,Cheeseburger,Mixed food entrees,17,cheeseburger,0.15,0.13976194237515868
1702,"Cheeseburger, national",Mixed food entrees,17,cheeseburger national,0.11,0.10436001532424277
1703,"Chicken pot pie, frozen, cooked",Mixed food entrees,17,chicken pot pie frozen cooked,0.05,0.04879016416943201
1704,Chicken Sandwich,Mixed food entrees,17,chicken sandwich,0.17,0.15700374880966475
1705,"Chili with meat and beans, canned",Mixed food entrees,17,chili with meat and beans canned,0.52,0.41871033485818504
1706,"Chili with meat and beans, canned",Mixed food entrees,17,chili with meat and beans canned,0.41,0.3435897043900769
1707,"Chili with meat and beans, canned",Mixed food entrees,17,chili with meat and beans canned,0.4,0.33647223662121295
1708,"Chili with meat and beans, canned",Mixed food entrees,17,chili with meat and beans canned,0.42,0.35065687161316933
1709,"Chili with meat and beans, canned",Mixed food entrees,17,chili with meat and beans canned,0.42,0.35065687161316933
1710,"Chili with meat and beans, canned",Mixed food entrees,17,chili with meat and beans canned,0.32,0.2776317365982795
1711,"Chili with meat and beans, canned",Mixed food entrees,17,chili with meat and beans canned,0.4,0.33647223662121295
1712,"Chili with meat and beans, canned (hot)",Mixed food entrees,17,chili with meat and beans canned hot,0.39,0.3293037471426004
1713,"Chili with meat and beans, canned (thick)",Mixed food entrees,17,chili with meat and beans canned thick,0.48,0.3920420877760237
1714,"Chili with meat and beans, canned, heated",Mixed food entrees,17,chili with meat and beans canned heated,0.5,0.4054651081081644
1715,"Chili with meat, no beans, canned",Mixed food entrees,17,chili with meat no beans canned,0.39,0.3293037471426004
1716,"Chili with meat, no beans, canned",Mixed food entrees,17,chili with meat no beans canned,0.45,0.37156355643248307
1717,"Chili with meat, no beans, canned",Mixed food entrees,17,chili with meat no beans canned,0.46,0.3784364357202451
1718,"Chili with meat, no beans, canned",Mixed food entrees,17,chili with meat no beans canned,0.35,0.30010459245033805
1719,"Chili with meat, no beans, canned",Mixed food entrees,17,chili with meat no beans canned,0.49,0.3987761199573678
1720,"Chili with meat, no beans, canned, heated",Mixed food entrees,17,chili with meat no beans canned heated,0.4,0.33647223662121295
1721,Classic Double with Cheese,Mixed food entrees,17,classic double with cheese,0.07,0.06765864847381481
1722,Croissanwich with egg and cheese,Mixed food entrees,17,croissanwich with egg and cheese,0.15,0.13976194237515868
1723,Croissanwich with sausage and cheese,Mixed food entrees,17,croissanwich with sausage and cheese,0.21,0.1906203596086497
1724,"Croissanwich with sausage, egg and cheese",Mixed food entrees,17,croissanwich with sausage egg and cheese,0.16,0.14842000511827327
1725,Double Whopper,Mixed food entrees,17,double whopper,0.07,0.06765864847381481
1726,Double Whopper with cheese,Mixed food entrees,17,double whopper with cheese,0.04,0.039220713153281295
1727,Egg McMuffin,Mixed food entrees,17,egg mcmuffin,0.09,0.08617769624105233
1728,Eggwich with bacon and cheese,Mixed food entrees,17,eggwich with bacon and cheese,0.06,0.058268908123975775
1729,"Eggwich with bacon, egg and cheese",Mixed food entrees,17,eggwich with bacon egg and cheese,0.08,0.07696104113612832
1730,Eggwich with egg and cheese,Mixed food entrees,17,eggwich with egg and cheese,0.06,0.058268908123975775
1731,Filet‐o‐Fish,Mixed food entrees,17,filetofish,0.13,0.12221763272424921
1732,Ham Egg and Cheese Bagel,Mixed food entrees,17,ham egg and cheese bagel,0.13,0.12221763272424921
1733,Hamburger,Mixed food entrees,17,hamburger,0.14,0.1310282624064041
1734,Hamburger,Mixed food entrees,17,hamburger,0.18,0.16551443847757338
1735,"Hamburger with cheese, 1/4 lb Single",Mixed food entrees,17,hamburger with cheese 1 4 lb single,0.12,0.11332868530700317
1736,"Hamburger with cheese, Junior",Mixed food entrees,17,hamburger with cheese junior,0.1,0.09531017980432487
1737,"Hamburger, Junior",Mixed food entrees,17,hamburger junior,0.14,0.1310282624064041
1738,"Hamburger, No Cheese, 1/4 lb Single",Mixed food entrees,17,hamburger no cheese 1 4 lb single,0.12,0.11332868530700317
1739,Hotcakes and sausage,Mixed food entrees,17,hotcakes and sausage,0.18,0.16551443847757338
1740,"Lasagna with meat, frozen, lower fat",Mixed food entrees,17,lasagna with meat frozen lower fat,0.13,0.12221763272424921
1741,"Lasagna with meat, frozen, lower fat",Mixed food entrees,17,lasagna with meat frozen lower fat,0.37,0.31481073984003355
1742,"Lasagna with meat, frozen, regular, cooked",Mixed food entrees,17,lasagna with meat frozen regular cooked,0.18,0.16551443847757338
1743,"Lasagna with meat, frozen, regular, cooked",Mixed food entrees,17,lasagna with meat frozen regular cooked,0.12,0.11332868530700317
1744,"Lasagna with meat, regular, frozen",Mixed food entrees,17,lasagna with meat regular frozen,0.48,0.3920420877760237
1745,"Lasagna with meat, regular, frozen",Mixed food entrees,17,lasagna with meat regular frozen,0.16,0.14842000511827327
1746,"Macaroni and cheese (microwaveable cans), canned",Mixed food entrees,17,macaroni and cheese microwaveable cans canned,0.12,0.11332868530700317
1747,Macaroni and cheese mix (with dry cheese powder),Mixed food entrees,17,macaroni and cheese mix with dry cheese powder,0.06,0.058268908123975775
1748,Macaroni and cheese mix (with dry cheese powder),Mixed food entrees,17,macaroni and cheese mix with dry cheese powder,0.06,0.058268908123975775
1749,"Macaroni and cheese mix (with dry cheese powder), prepared",Mixed food entrees,17,macaroni and cheese mix with dry cheese powder prepared,0.04,0.039220713153281295
1750,"Macaroni and cheese mix (with prepared cheese sauce), prepared",Mixed food entrees,17,macaroni and cheese mix with prepared cheese sauce prepared,0.03,0.0295588022415444
1751,"Macaroni and cheese mix (with prepared cheese sauce), prepared",Mixed food entrees,17,macaroni and cheese mix with prepared cheese sauce prepared,0.03,0.0295588022415444
1752,"Macaroni and cheese mix (with prepared cheese sauce), prepared",Mixed food entrees,17,macaroni and cheese mix with prepared cheese sauce prepared,0.05,0.04879016416943201
1753,"Macaroni and cheese, canned",Mixed food entrees,17,macaroni and cheese canned,0.04,0.039220713153281295
1754,"Macaroni and cheese, canned",Mixed food entrees,17,macaroni and cheese canned,0.04,0.039220713153281295
1755,Nachos,Mixed food entrees,17,nachos,0.36,0.3074846997479606
1756,Nachos supreme,Mixed food entrees,17,nachos supreme,0.3,0.26236426446749106
1757,"Pizza, Big One Classic, prepared",Mixed food entrees,17,pizza big one classic prepared,0.13,0.12221763272424921
1758,"Pizza, cheese pizza, frozen, regular thin crust",Mixed food entrees,17,pizza cheese pizza frozen regular thin crust,0.15,0.13976194237515868
1759,"Pizza, cheese pizza, frozen, regular thin crust",Mixed food entrees,17,pizza cheese pizza frozen regular thin crust,0.16,0.14842000511827327
1760,"Pizza, cheese pizza, frozen, regular thin crust",Mixed food entrees,17,pizza cheese pizza frozen regular thin crust,0.1,0.09531017980432487
1761,"Pizza, cheese pizza, frozen, regular thin crust",Mixed food entrees,17,pizza cheese pizza frozen regular thin crust,0.11,0.10436001532424277
1762,"Pizza, cheese pizza, frozen, rising crust",Mixed food entrees,17,pizza cheese pizza frozen rising crust,0.08,0.07696104113612832
1763,"Pizza, cheese pizza, frozen, rising crust",Mixed food entrees,17,pizza cheese pizza frozen rising crust,0.21,0.1906203596086497
1764,"Pizza, cheese pizza, frozen, rising crust",Mixed food entrees,17,pizza cheese pizza frozen rising crust,0.19,0.173953307123438
1765,"Pizza, cheese, classic hand‐ tossed",Mixed food entrees,17,pizza cheese classic hand tossed,0.2,0.18232155679395462
1766,"Pizza, cheese, large deep dish",Mixed food entrees,17,pizza cheese large deep dish,0.18,0.16551443847757338
1767,"Pizza, cheese, original crust",Mixed food entrees,17,pizza cheese original crust,0.3,0.26236426446749106
1768,"Pizza, cheese, regular crust",Mixed food entrees,17,pizza cheese regular crust,0.18,0.16551443847757338
1769,"Pizza, cheese, thick crust",Mixed food entrees,17,pizza cheese thick crust,0.17,0.15700374880966475
1770,"Pizza, cheese, thin crust",Mixed food entrees,17,pizza cheese thin crust,0.26,0.23111172096338664
1771,"Pizza, cheese, thin crust",Mixed food entrees,17,pizza cheese thin crust,0.22,0.1988508587451652
1772,"Pizza, cheese, thin crust",Mixed food entrees,17,pizza cheese thin crust,0.2,0.18232155679395462
1773,"Pizza, cheese, ultimate deep dish",Mixed food entrees,17,pizza cheese ultimate deep dish,0.2,0.18232155679395462
1774,"Pizza, extravaganza feast, classic hand‐tossed",Mixed food entrees,17,pizza extravaganza feast classic handtossed,0.18,0.16551443847757338
1775,"Pizza, Grandiosa",Mixed food entrees,17,pizza grandiosa,0.31,0.27002713721306015
1776,"Pizza, Grandiosa, prepared",Mixed food entrees,17,pizza grandiosa prepared,0.25,0.22314355131420976
1777,"Pizza, La Mia Pizzeria Speciale, ham and tomato, prepared",Mixed food entrees,17,pizza la mia pizzeria speciale ham and tomato prepared,0.1,0.09531017980432487
1778,"Pizza, Original Round, cheese",Mixed food entrees,17,pizza original round cheese,0.21,0.1906203596086497
1779,"Pizza, Original Round, meal+ vegetab",Mixed food entrees,17,pizza original round meal vegetab,0.19,0.173953307123438
1780,"Pizza, pepperoni, classic hand‐tossed",Mixed food entrees,17,pizza pepperoni classic handtossed,0.21,0.1906203596086497
1781,"Pizza, pepperoni, large deep dish",Mixed food entrees,17,pizza pepperoni large deep dish,0.16,0.14842000511827327
1782,"Pizza, pepperoni, original crust",Mixed food entrees,17,pizza pepperoni original crust,0.24,0.2151113796169455
1783,"round Pizza, pepperoni, regular crust, prepared",Mixed food entrees,17,round pizza pepperoni regular crust prepared,0.18,0.16551443847757338
1784,"Pizza, pepperoni, thick crust",Mixed food entrees,17,pizza pepperoni thick crust,0.14,0.1310282624064041
1785,"Pizza, pepperoni, ultimate deep dish",Mixed food entrees,17,pizza pepperoni ultimate deep dish,0.19,0.173953307123438
1786,"Pizza, Pig's Knuckle, prepared",Mixed food entrees,17,pizza pig s knuckle prepared,0.24,0.2151113796169455
1787,"Pizza, Pizza Margherita",Mixed food entrees,17,pizza pizza margherita,0.31,0.27002713721306015
1788,"Pizza, Pizza Margherita, prepared",Mixed food entrees,17,pizza pizza margherita prepared,0.33,0.2851789422336624
1789,"Pizza, prepared",Mixed food entrees,17,pizza prepared,0.08,0.07696104113612832
1790,"Pizza, prepared",Mixed food entrees,17,pizza prepared,0.15,0.13976194237515868
1791,"Pizza, Ristorante Pizza Speciale, prepared",Mixed food entrees,17,pizza ristorante pizza speciale prepared,0.19,0.173953307123438
1792,"Pizza, sausage & pepperoni pizza, frozen, cooked",Mixed food entrees,17,pizza sausage pepperoni pizza frozen cooked,0.18,0.16551443847757338
1793,"Pizza, Super Suprime, regular crust",Mixed food entrees,17,pizza super suprime regular crust,0.2,0.18232155679395462
1794,"Pizza, The Works, original crust",Mixed food entrees,17,pizza the works original crust,0.23,0.20701416938432615
1795,"Pizza, thin crust",Mixed food entrees,17,pizza thin crust,0.28,0.2468600779315258
1796,"Quarter pounder, national",Mixed food entrees,17,quarter pounder national,0.08,0.07696104113612832
1797,"Quarter Pounder, no cheese, national",Mixed food entrees,17,quarter pounder no cheese national,0.09,0.08617769624105233
1798,"Sausage & pepperoni pizza, frozen, cooked",Mixed food entrees,17,sausage pepperoni pizza frozen cooked,0.16,0.14842000511827327
1799,Sausage biscuit,Mixed food entrees,17,sausage biscuit,0.37,0.31481073984003355
1800,Sausage biscuit with egg,Mixed food entrees,17,sausage biscuit with egg,0.21,0.1906203596086497
1801,Sausage breakfast burrito,Mixed food entrees,17,sausage breakfast burrito,0.09,0.08617769624105233
1802,Sausage McMuffin,Mixed food entrees,17,sausage mcmuffin,0.23,0.20701416938432615
1803,Sausage McMuffin with egg,Mixed food entrees,17,sausage mcmuffin with egg,0.16,0.14842000511827327
1804,"Spaghetti with meat, canned",Mixed food entrees,17,spaghetti with meat canned,0.22,0.1988508587451652
1805,"Spaghetti with meat, canned, heated",Mixed food entrees,17,spaghetti with meat canned heated,0.22,0.1988508587451652
1806,"Spaghetti with meat, Spaghettios with Meatballs, canned",Mixed food entrees,17,spaghetti with meat spaghettios with meatballs canned,0.17,0.15700374880966475
1807,"Spaghetti with meat, Spaghettios with Meatballs, canned, heated",Mixed food entrees,17,spaghetti with meat spaghettios with meatballs canned heated,0.16,0.14842000511827327
1808,"Spaghetti, Garfield Spaghettios, no meat, canned",Mixed food entrees,17,spaghetti garfield spaghettios no meat canned,0.13,0.12221763272424921
1809,"Spaghetti, no meat, canned",Mixed food entrees,17,spaghetti no meat canned,0.12,0.11332868530700317
1810,"Spaghetti, Spaghettios, no meat, canned",Mixed food entrees,17,spaghetti spaghettios no meat canned,0.14,0.1310282624064041
1811,"Spaghetti, Spaghettios, no meat, canned, heated",Mixed food entrees,17,spaghetti spaghettios no meat canned heated,0.13,0.12221763272424921
1812,"Spaghetti, Where's Waldo, no meat, canned",Mixed food entrees,17,spaghetti where s waldo no meat canned,0.14,0.1310282624064041
1813,Spanish Omelet Bagel,Mixed food entrees,17,spanish omelet bagel,0.15,0.13976194237515868
1814,Steak egg and cheese bagel,Mixed food entrees,17,steak egg and cheese bagel,0.08,0.07696104113612832
1815,"Stew, in brown sauce",Mixed food entrees,17,stew in brown sauce,0.19,0.173953307123438
1816,"Stew, light type",Mixed food entrees,17,stew light type,0.13,0.12221763272424921
1817,Taco salad,Mixed food entrees,17,taco salad,0.13,0.12221763272424921
1818,"Taco, crunchy",Mixed food entrees,17,taco crunchy,0.24,0.2151113796169455
1819,"Taco, soft with beef",Mixed food entrees,17,taco soft with beef,0.1,0.09531017980432487
1820,"Taco, soft with chicken",Mixed food entrees,17,taco soft with chicken,0.06,0.058268908123975775
1821,"Taco, soft with steak",Mixed food entrees,17,taco soft with steak,0.07,0.06765864847381481
1822,"Turkey pot pie, frozen, cooked",Mixed food entrees,17,turkey pot pie frozen cooked,0.06,0.058268908123975775
1823,"Vegatarian burgers, Morningstar Farms Garden Veggie",Mixed food entrees,17,vegatarian burgers morningstar farms garden veggie,0.3,0.26236426446749106
1824,"Vegetarian burger, Morningstar Farms Harvest Burger's",Mixed food entrees,17,vegetarian burger morningstar farms harvest burger s,0.17,0.15700374880966475
1825,"Vegetarian burger, Morningstar Farms Harvest Burger's, fried",Mixed food entrees,17,vegetarian burger morningstar farms harvest burger s fried,0.19,0.173953307123438
1826,"Vegetarian burgers, Boca Burgers Chef Max's All American Classic",Mixed food entrees,17,vegetarian burgers boca burgers chef max s all american classic,0.11,0.10436001532424277
1827,"Vegetarian burgers, Morningstar Farms Grillers Hamburger Style",Mixed food entrees,17,vegetarian burgers morningstar farms grillers hamburger style,0.2,0.18232155679395462
1828,Veggie burgers,Mixed food entrees,17,veggie burgers,0.17,0.15700374880966475
1829,Whopper,Mixed food entrees,17,whopper,0.06,0.058268908123975775
1830,Whopper with cheese,Mixed food entrees,17,whopper with cheese,0.06,0.058268908123975775
1831,"Almonds, with pellicle",Nuts and seeds,18,almonds with pellicle,0.23,0.20701416938432615
1832,"Almonds, with pellicle",Nuts and seeds,18,almonds with pellicle,0.37,0.31481073984003355
1833,"Almonds, with pellicle",Nuts and seeds,18,almonds with pellicle,0.28,0.2468600779315258
1834,"Almonds, with pellicle",Nuts and seeds,18,almonds with pellicle,0.53,0.4252677354043441
1835,"Almonds, with pellicle, sliced",Nuts and seeds,18,almonds with pellicle sliced,0.26,0.23111172096338664
1836,"Almonds, without pellicle (scalded using hot water)",Nuts and seeds,18,almonds without pellicle scalded using hot water,0.13,0.12221763272424921
1837,"Almonds, without pellicle (scalded using hot water)",Nuts and seeds,18,almonds without pellicle scalded using hot water,0.22,0.1988508587451652
1838,"Almonds, without pellicle, sliced",Nuts and seeds,18,almonds without pellicle sliced,0.2,0.18232155679395462
1839,Brazil nuts,Nuts and seeds,18,brazil nuts,0.47,0.3852624007906449
1840,"Brazil nuts, with pellicle (partly)",Nuts and seeds,18,brazil nuts with pellicle partly,0.5,0.4054651081081644
1841,"Cashews, without pellicle",Nuts and seeds,18,cashews without pellicle,0.66,0.5068176023684519
1842,"Cashews, without pellicle, roasted",Nuts and seeds,18,cashews without pellicle roasted,0.4,0.33647223662121295
1843,"Chest nuts, with pellicle (purchased with shell)",Nuts and seeds,18,chest nuts with pellicle purchased with shell,4.67,1.7351891177396608
1844,"Chest nuts, without pellicle (purchased with shell)",Nuts and seeds,18,chest nuts without pellicle purchased with shell,0.75,0.5596157879354227
1845,Flaxseed,Nuts and seeds,18,flaxseed,0.64,0.49469624183610705
1846,"Flaxseed, ground",Nuts and seeds,18,flaxseed ground,1.13,0.7561219797213337
1847,"Flaxseed, whole brown",Nuts and seeds,18,flaxseed whole brown,0.8,0.5877866649021191
1848,"Hazelnuts, roasted with salt and spices, with pellicle",Nuts and seeds,18,hazelnuts roasted with salt and spices with pellicle,0.46,0.3784364357202451
1849,"Hazelnuts, with pellicle",Nuts and seeds,18,hazelnuts with pellicle,0.49,0.3987761199573678
1850,"Hazelnuts, with pellicle",Nuts and seeds,18,hazelnuts with pellicle,0.5,0.4054651081081644
1851,"Hazelnuts, with pellicle",Nuts and seeds,18,hazelnuts with pellicle,0.69,0.5247285289349821
1852,"Hazelnuts, with pellicle",Nuts and seeds,18,hazelnuts with pellicle,0.94,0.6626879730752367
1853,"Hazelnuts, without pellicle",Nuts and seeds,18,hazelnuts without pellicle,0.08,0.07696104113612832
1854,"Hazelnuts, without pellicle",Nuts and seeds,18,hazelnuts without pellicle,0.16,0.14842000511827327
1855,"Kernel from watermelon, roasted with salt and spices",Nuts and seeds,18,kernel from watermelon roasted with salt and spices,3.27,1.4516138272405332
1856,"Kernels from pumpkin, roasted with salt and spices",Nuts and seeds,18,kernels from pumpkin roasted with salt and spices,0.4,0.33647223662121295
1857,"Macadamia nuts, without pellicle",Nuts and seeds,18,macadamia nuts without pellicle,0.55,0.4382549309311553
1858,"Macadamia nuts, without pellicle",Nuts and seeds,18,macadamia nuts without pellicle,0.44,0.36464311358790924
1859,"Peanut butter, coarse type",Nuts and seeds,18,peanut butter coarse type,0.47,0.3852624007906449
1860,"Peanut butter, creamy",Nuts and seeds,18,peanut butter creamy,0.66,0.5068176023684519
1861,"Peanut butter, creamy",Nuts and seeds,18,peanut butter creamy,0.57,0.4510756193602167
1862,"Peanut butter, crunchy",Nuts and seeds,18,peanut butter crunchy,0.51,0.412109650826833
1863,"Peanut butter, crunchy",Nuts and seeds,18,peanut butter crunchy,0.55,0.4382549309311553
1864,"Peanuts, Malawi nuts, Traditional African Roasted Peanuts",Nuts and seeds,18,peanuts malawi nuts traditional african roasted peanuts,0.89,0.636576829071551
1865,"Peanuts, Polly, roasted, with salt, without pellicle",Nuts and seeds,18,peanuts polly roasted with salt without pellicle,0.62,0.4824261492442927
1866,"Peanuts, roasted, with pellicle (purchased with shell)",Nuts and seeds,18,peanuts roasted with pellicle purchased with shell,1.97,1.0885619528146082
1867,"Peanuts, without pellicle",Nuts and seeds,18,peanuts without pellicle,0.35,0.30010459245033805
1868,"Pecans, with pellicle",Nuts and seeds,18,pecans with pellicle,8.24,2.2235418856535927
1869,"Pecans, with pellicle",Nuts and seeds,18,pecans with pellicle,10.62,2.4527277514237653
1870,"Pecans, with pellicle",Nuts and seeds,18,pecans with pellicle,7.31,2.1174596088673567
1871,"Pecans, with pellicle",Nuts and seeds,18,pecans with pellicle,9.24,2.3263016196113617
1872,"Pecans, with pellicle",Nuts and seeds,18,pecans with pellicle,6.32,1.9906103279732201
1873,"Pecans, with pellicle",Nuts and seeds,18,pecans with pellicle,7.91,2.187174241482718
1874,"Pecans, with pellicle",Nuts and seeds,18,pecans with pellicle,9.67,2.367436065313662
1875,Pine nuts,Nuts and seeds,18,pine nuts,0.52,0.41871033485818504
1876,Pine nuts,Nuts and seeds,18,pine nuts,0.71,0.5364933705145685
1877,Pine nuts,Nuts and seeds,18,pine nuts,0.1,0.09531017980432487
1878,"Pine nuts, ecologically grown",Nuts and seeds,18,pine nuts ecologically grown,0.07,0.06765864847381481
1879,Pistachios,Nuts and seeds,18,pistachios,4.98,1.7884205679625405
1880,Pistachios,Nuts and seeds,18,pistachios,0.78,0.5766133643039938
1881,Pistachios,Nuts and seeds,18,pistachios,1.08,0.7323678937132266
1882,Pistachios,Nuts and seeds,18,pistachios,1.16,0.7701082216960736
1883,Pistachios,Nuts and seeds,18,pistachios,1.0,0.6931471805599453
1884,Pistachios,Nuts and seeds,18,pistachios,1.43,0.8878912573524571
1885,Pistachios (purchased with shell),Nuts and seeds,18,pistachios purchased with shell,1.41,0.8796267475025636
1886,"Pistachios, roasted with salt and spices",Nuts and seeds,18,pistachios roasted with salt and spices,1.38,0.8671004876833832
1887,Poppy seeds,Nuts and seeds,18,poppy seeds,0.44,0.36464311358790924
1888,Poppy seeds,Nuts and seeds,18,poppy seeds,0.03,0.0295588022415444
1889,"Poppy seeds, dried",Nuts and seeds,18,poppy seeds dried,0.31,0.27002713721306015
1890,"Poppy seeds, dried",Nuts and seeds,18,poppy seeds dried,0.16,0.14842000511827327
1891,Sesame seeds,Nuts and seeds,18,sesame seeds,1.21,0.7929925155296614
1892,Sesame seeds,Nuts and seeds,18,sesame seeds,0.95,0.6678293725756554
1893,Sesame seeds (ajonjoli),Nuts and seeds,18,sesame seeds ajonjoli,1.32,0.8415671856782186
1894,"Sesame seeds, black",Nuts and seeds,18,sesame seeds black,0.26,0.23111172096338664
1895,"Sesame seeds, hulled",Nuts and seeds,18,sesame seeds hulled,0.06,0.058268908123975775
1896,"Sesame seeds, white",Nuts and seeds,18,sesame seeds white,0.49,0.3987761199573678
1897,"Sesame seeds, with shell",Nuts and seeds,18,sesame seeds with shell,1.16,0.7701082216960736
1898,"Sesame seeds, without shell",Nuts and seeds,18,sesame seeds without shell,0.3,0.26236426446749106
1899,"Sesame seeds, without shell",Nuts and seeds,18,sesame seeds without shell,0.43,0.3576744442718159
1900,Sunflower seeds,Nuts and seeds,18,sunflower seeds,7.5,2.1400661634962708
1901,Sunflower seeds,Nuts and seeds,18,sunflower seeds,5.39,1.8547342683894434
1902,"Walnuts, with pellicle",Nuts and seeds,18,walnuts with pellicle,15.16,2.7825390530929495
1903,"Walnuts, with pellicle",Nuts and seeds,18,walnuts with pellicle,14.29,2.727199019940971
1904,"Walnuts, with pellicle",Nuts and seeds,18,walnuts with pellicle,25.41,3.273742726309041
1905,"Walnuts, with pellicle",Nuts and seeds,18,walnuts with pellicle,16.02,2.834389123145228
1906,"Walnuts, with pellicle",Nuts and seeds,18,walnuts with pellicle,13.13,2.648300196696436
1907,"Walnuts, with pellicle",Nuts and seeds,18,walnuts with pellicle,15.84,2.8237570088141806
1908,"Walnuts, with pellicle",Nuts and seeds,18,walnuts with pellicle,19.75,3.0325462466767075
1909,"Walnuts, with pellicle (purchased with shell and cupule)",Nuts and seeds,18,walnuts with pellicle purchased with shell and cupule,18.67,2.979094632400968
1910,"Walnuts, with pellicle (purchased with shell)",Nuts and seeds,18,walnuts with pellicle purchased with shell,33.09,3.5290040861498118
1911,"Walnuts, with pellicle (purchased with shell)",Nuts and seeds,18,walnuts with pellicle purchased with shell,33.04,3.5275363037051735
1912,"Walnuts, with pellicle (purchased with shell)",Nuts and seeds,18,walnuts with pellicle purchased with shell,15.76,2.818995095053937
1913,"Walnuts, with pellicle (purchased with shell)",Nuts and seeds,18,walnuts with pellicle purchased with shell,31.38,3.477540948249489
1914,"Walnuts, with pellicle (purchased with shell)",Nuts and seeds,18,walnuts with pellicle purchased with shell,33.29,3.534853766474829
1915,"Walnuts, without pellicle",Nuts and seeds,18,walnuts without pellicle,1.81,1.0331844833456545
1916,"Walnuts, without pellicle (purchased with shell and cupule)",Nuts and seeds,18,walnuts without pellicle purchased with shell and cupule,0.46,0.3784364357202451
1917,"Walnuts, without pellicle (purchased with shell)",Nuts and seeds,18,walnuts without pellicle purchased with shell,0.74,0.5538851132264376
1918,"Walnuts, without pellicle (purchased with shell)",Nuts and seeds,18,walnuts without pellicle purchased with shell,1.04,0.712949807856125
1919,"Walnuts, without pellicle (purchased with shell)",Nuts and seeds,18,walnuts without pellicle purchased with shell,0.79,0.5822156198526637
1920,"Walnuts, without pellicle (purchased with shell)",Nuts and seeds,18,walnuts without pellicle purchased with shell,1.27,0.8197798314933114
1921,"BBQ chicken wings, frozen",Poultry and poultry products,19,bbq chicken wings frozen,0.39,0.3293037471426004
1922,"BBQ chicken wings, frozen",Poultry and poultry products,19,bbq chicken wings frozen,0.07,0.06765864847381481
1923,"BBQ chicken wings, frozen",Poultry and poultry products,19,bbq chicken wings frozen,0.21,0.1906203596086497
1924,"BBQ chicken wings, frozen, cooked in conventional oven",Poultry and poultry products,19,bbq chicken wings frozen cooked in conventional oven,0.38,0.32208349916911333
1925,"BBQ chicken wings, frozen, cooked in conventional oven",Poultry and poultry products,19,bbq chicken wings frozen cooked in conventional oven,0.33,0.2851789422336624
1926,"BBQ chicken wings, frozen, cooked in conventional oven",Poultry and poultry products,19,bbq chicken wings frozen cooked in conventional oven,0.12,0.11332868530700317
1927,"BBQ chicken wings, frozen, cooked in conventional oven",Poultry and poultry products,19,bbq chicken wings frozen cooked in conventional oven,0.23,0.20701416938432615
1928,"BBQ chicken wings, frozen, cooked in conventional oven",Poultry and poultry products,19,bbq chicken wings frozen cooked in conventional oven,0.08,0.07696104113612832
1929,"BBQ chicken wings, frozen, microwave cooked",Poultry and poultry products,19,bbq chicken wings frozen microwave cooked,0.34,0.29266961396282
1930,"BBQ chicken wings, frozen, microwave cooked",Poultry and poultry products,19,bbq chicken wings frozen microwave cooked,0.08,0.07696104113612832
1931,"BBQ chicken wings, frozen, microwave cooked",Poultry and poultry products,19,bbq chicken wings frozen microwave cooked,0.28,0.2468600779315258
1932,Chicken hot dogs,Poultry and poultry products,19,chicken hot dogs,0.15,0.13976194237515868
1933,Chicken hot dogs,Poultry and poultry products,19,chicken hot dogs,0.2,0.18232155679395462
1934,Chicken hot dogs,Poultry and poultry products,19,chicken hot dogs,0.15,0.13976194237515868
1935,Chicken hot dogs,Poultry and poultry products,19,chicken hot dogs,0.18,0.16551443847757338
1936,Chicken hot dogs,Poultry and poultry products,19,chicken hot dogs,0.16,0.14842000511827327
1937,"Chicken hot dogs, cooked",Poultry and poultry products,19,chicken hot dogs cooked,0.17,0.15700374880966475
1938,"Chicken liver, frozen",Poultry and poultry products,19,chicken liver frozen,1.0,0.6931471805599453
1939,"Chicken liver, frozen, fried",Poultry and poultry products,19,chicken liver frozen fried,0.96,0.6729444732424258
1940,"Chicken McGrill, national",Poultry and poultry products,19,chicken mcgrill national,0.07,0.06765864847381481
1941,Chicken McNuggets,Poultry and poultry products,19,chicken mcnuggets,0.2,0.18232155679395462
1942,Chicken Nuggets,Poultry and poultry products,19,chicken nuggets,0.25,0.22314355131420976
1943,"Chicken nuggets, frozen",Poultry and poultry products,19,chicken nuggets frozen,0.12,0.11332868530700317
1944,"Chicken nuggets, frozen",Poultry and poultry products,19,chicken nuggets frozen,0.09,0.08617769624105233
1945,"Chicken nuggets, frozen, cooked",Poultry and poultry products,19,chicken nuggets frozen cooked,0.14,0.1310282624064041
1946,"Chicken nuggets, frozen, cooked",Poultry and poultry products,19,chicken nuggets frozen cooked,0.12,0.11332868530700317
1947,"Chicken nuggets, frozen, cooked",Poultry and poultry products,19,chicken nuggets frozen cooked,0.16,0.14842000511827327
1948,"Chicken patties, frozen",Poultry and poultry products,19,chicken patties frozen,0.13,0.12221763272424921
1949,"Chicken patties, frozen",Poultry and poultry products,19,chicken patties frozen,0.13,0.12221763272424921
1950,"Chicken patties, frozen, cooked",Poultry and poultry products,19,chicken patties frozen cooked,0.15,0.13976194237515868
1951,"Chicken Sandwich, grilled",Poultry and poultry products,19,chicken sandwich grilled,0.15,0.13976194237515868
1952,Chicken tenders,Poultry and poultry products,19,chicken tenders,0.12,0.11332868530700317
1953,"Chicken tenders, frozen",Poultry and poultry products,19,chicken tenders frozen,0.13,0.12221763272424921
1954,"Chicken tenders, frozen",Poultry and poultry products,19,chicken tenders frozen,0.09,0.08617769624105233
1955,"Chicken tenders, frozen, cooked in conventional oven",Poultry and poultry products,19,chicken tenders frozen cooked in conventional oven,0.16,0.14842000511827327
1956,"Chicken tenders, frozen, cooked in conventional oven",Poultry and poultry products,19,chicken tenders frozen cooked in conventional oven,0.12,0.11332868530700317
1957,"Chicken tenders, frozen, cooked in conventional oven",Poultry and poultry products,19,chicken tenders frozen cooked in conventional oven,0.12,0.11332868530700317
1958,"Chicken tenders, frozen, cooked in conventional oven",Poultry and poultry products,19,chicken tenders frozen cooked in conventional oven,0.11,0.10436001532424277
1959,"Chicken tenders, frozen, cooked in conventional oven",Poultry and poultry products,19,chicken tenders frozen cooked in conventional oven,0.12,0.11332868530700317
1960,"Chicken tenders, frozen, microwave cooked",Poultry and poultry products,19,chicken tenders frozen microwave cooked,0.14,0.1310282624064041
1961,"Chicken tenders, frozen, southern, cooked in conventional oven",Poultry and poultry products,19,chicken tenders frozen southern cooked in conventional oven,0.15,0.13976194237515868
1962,"Chicken, drumstick, grilled, with skin",Poultry and poultry products,19,chicken drumstick grilled with skin,0.44,0.36464311358790924
1963,"Chicken, drumstick, grilled, without skin",Poultry and poultry products,19,chicken drumstick grilled without skin,0.65,0.5007752879124893
1964,"Chicken, with skin, frozen",Poultry and poultry products,19,chicken with skin frozen,0.06,0.058268908123975775
1965,"Chicken, with skin, frozen, fried",Poultry and poultry products,19,chicken with skin frozen fried,0.05,0.04879016416943201
1966,"Chicken, without skin, frozen",Poultry and poultry products,19,chicken without skin frozen,0.05,0.04879016416943201
1967,"Chicken, without skin, frozen, fried",Poultry and poultry products,19,chicken without skin frozen fried,0.06,0.058268908123975775
1968,"Crispy chicken sandwich, national",Poultry and poultry products,19,crispy chicken sandwich national,0.18,0.16551443847757338
1969,"Turkey hot dog, Frankfurter",Poultry and poultry products,19,turkey hot dog frankfurter,0.61,0.4762341789963716
1970,Turkey hot dogs (barbecue),Poultry and poultry products,19,turkey hot dogs barbecue,0.76,0.5653138090500605
1971,"Biscuits, Bixit",Snacks,20,biscuits bixit,0.66,0.5068176023684519
1972,"Biscuits, crunch cream croustillants",Snacks,20,biscuits crunch cream croustillants,0.36,0.3074846997479606
1973,"Biscuits, oat, Kornmo",Snacks,20,biscuits oat kornmo,0.86,0.6205764877251099
1974,"Biscuits, RITZ crackers",Snacks,20,biscuits ritz crackers,0.41,0.3435897043900769
1975,Cheese crackers with cheese filling,Snacks,20,cheese crackers with cheese filling,0.77,0.5709795465857378
1976,Cheese crackers with cheese filling,Snacks,20,cheese crackers with cheese filling,0.73,0.5481214085096876
1977,Cheese crackers with cheese filling,Snacks,20,cheese crackers with cheese filling,0.82,0.598836501088704
1978,Cheese crackers with cheese filling,Snacks,20,cheese crackers with cheese filling,0.76,0.5653138090500605
1979,Cheese crackers with peanut butter filling,Snacks,20,cheese crackers with peanut butter filling,0.95,0.6678293725756554
1980,Cheese crackers with peanut butter filling,Snacks,20,cheese crackers with peanut butter filling,0.9,0.6418538861723948
1981,Cheese crackers with peanut butter filling,Snacks,20,cheese crackers with peanut butter filling,0.86,0.6205764877251099
1982,Cheese puff‐type cheese snacks,Snacks,20,cheese pufftype cheese snacks,0.5,0.4054651081081644
1983,"Cheese puff‐type cheese snacks, crunchy",Snacks,20,cheese pufftype cheese snacks crunchy,0.63,0.48858001481867097
1984,"Kernel popcorn, air popped",Snacks,20,kernel popcorn air popped,0.83,0.6043159668533296
1985,"Kernel popcorn, air popped",Snacks,20,kernel popcorn air popped,0.86,0.6205764877251099
1986,"Kernel popcorn, air popped",Snacks,20,kernel popcorn air popped,0.82,0.598836501088704
1987,"Kernel popcorn, oil popped",Snacks,20,kernel popcorn oil popped,0.75,0.5596157879354227
1988,"Kernel popcorn, oil popped",Snacks,20,kernel popcorn oil popped,0.74,0.5538851132264376
1989,"Kernel popcorn, oil popped",Snacks,20,kernel popcorn oil popped,0.72,0.5423242908253616
1990,Multigrain snack chips,Snacks,20,multigrain snack chips,0.75,0.5596157879354227
1991,Popcorn,Snacks,20,popcorn,0.56,0.44468582126144574
1992,"Popcorn, microwave, 94% fat free butter flavor",Snacks,20,popcorn microwave 94 fat free butter flavor,0.46,0.3784364357202451
1993,"Popcorn, microwave, 94% fat free butter flavor",Snacks,20,popcorn microwave 94 fat free butter flavor,0.59,0.46373401623214017
1994,"Popcorn, microwave, 94% fat free, butter flavor",Snacks,20,popcorn microwave 94 fat free butter flavor,0.59,0.46373401623214017
1995,"Popcorn, microwave, 94% fat free, butter flavor",Snacks,20,popcorn microwave 94 fat free butter flavor,0.62,0.4824261492442927
1996,"Popcorn, microwave, butter flavor",Snacks,20,popcorn microwave butter flavor,0.47,0.3852624007906449
1997,"Popcorn, microwave, butter flavor",Snacks,20,popcorn microwave butter flavor,0.48,0.3920420877760237
1998,"Popcorn, microwave, butter flavor",Snacks,20,popcorn microwave butter flavor,0.37,0.31481073984003355
1999,"Popcorn, microwave, butter flavor",Snacks,20,popcorn microwave butter flavor,0.52,0.41871033485818504
2000,Potato chips,Snacks,20,potato chips,0.78,0.5766133643039938
2001,Potato chips,Snacks,20,potato chips,0.74,0.5538851132264376
2002,Potato chips,Snacks,20,potato chips,0.47,0.3852624007906449
2003,Potato chips,Snacks,20,potato chips,0.59,0.46373401623214017
2004,"Potato chips, fat free, made with olean (olestra), original flavor",Snacks,20,potato chips fat free made with olean olestra original flavor,0.44,0.36464311358790924
2005,"Potato chips, made with olestra, original flavor",Snacks,20,potato chips made with olestra original flavor,0.15,0.13976194237515868
2006,"Potato chips, Potetgull, classic, salt",Snacks,20,potato chips potetgull classic salt,0.66,0.5068176023684519
2007,Pretzels,Snacks,20,pretzels,0.77,0.5709795465857378
2008,Pretzels,Snacks,20,pretzels,1.1,0.7419373447293773
2009,Pretzels,Snacks,20,pretzels,0.98,0.6830968447064438
2010,Saltine crackers,Snacks,20,saltine crackers,0.28,0.2468600779315258
2011,Saltine crackers,Snacks,20,saltine crackers,0.37,0.31481073984003355
2012,Saltine crackers,Snacks,20,saltine crackers,0.43,0.3576744442718159
2013,Saltine crackers,Snacks,20,saltine crackers,0.28,0.2468600779315258
2014,Toasty peanut butter filled crackers,Snacks,20,toasty peanut butter filled crackers,1.06,0.7227059828014898
2015,Toasty peanut butter filled crackers,Snacks,20,toasty peanut butter filled crackers,0.97,0.6780335427498971
2016,Toasty peanut butter filled crackers,Snacks,20,toasty peanut butter filled crackers,1.07,0.7275486072772778
2017,Toasty peanut butter filled crackers,Snacks,20,toasty peanut butter filled crackers,0.97,0.6780335427498971
2018,Toasty peanut butter filled crackers,Snacks,20,toasty peanut butter filled crackers,1.17,0.7747271675523681
2019,Tortilla chips,Snacks,20,tortilla chips,0.77,0.5709795465857378
2020,"Tortilla chips, 100% white corn",Snacks,20,tortilla chips 100 white corn,0.77,0.5709795465857378
2021,"Tortilla chips, cheese",Snacks,20,tortilla chips cheese,0.48,0.3920420877760237
2022,"Tortilla chips, cooler ranch flavor",Snacks,20,tortilla chips cooler ranch flavor,0.74,0.5538851132264376
2023,"Tortilla chips, made with olestra, nacho cheesier tortilla flavor",Snacks,20,tortilla chips made with olestra nacho cheesier tortilla flavor,0.22,0.1988508587451652
2024,"Tortilla chips, made with olestra, restaurant style",Snacks,20,tortilla chips made with olestra restaurant style,0.16,0.14842000511827327
2025,"Tortilla chips, nacho cheesier flavor",Snacks,20,tortilla chips nacho cheesier flavor,0.72,0.5423242908253616
2026,Barbecue sauce,"Soups, sauces, dressings and salsa",21,barbecue sauce,0.55,0.4382549309311553
2027,Barbeque ketchup,"Soups, sauces, dressings and salsa",21,barbeque ketchup,0.36,0.3074846997479606
2028,"Barbeque oil, alround","Soups, sauces, dressings and salsa",21,barbeque oil alround,0.81,0.5933268452777344
2029,"Barbeque oil, alround","Soups, sauces, dressings and salsa",21,barbeque oil alround,0.97,0.6780335427498971
2030,Barbeque sauce,"Soups, sauces, dressings and salsa",21,barbeque sauce,0.53,0.4252677354043441
2031,BBQ classic,"Soups, sauces, dressings and salsa",21,bbq classic,0.8,0.5877866649021191
2032,BBQ sauce orginal,"Soups, sauces, dressings and salsa",21,bbq sauce orginal,0.37,0.31481073984003355
2033,Bruschetta,"Soups, sauces, dressings and salsa",21,bruschetta,0.82,0.598836501088704
2034,"Chicken broth, 99% fat free","Soups, sauces, dressings and salsa",21,chicken broth 99 fat free,0.0,0.0
2035,Concentrato di pomedoro,"Soups, sauces, dressings and salsa",21,concentrato di pomedoro,0.89,0.636576829071551
2036,Doppio concentrato di pomodoro,"Soups, sauces, dressings and salsa",21,doppio concentrato di pomodoro,1.18,0.7793248768009976
2037,"Dressing, Caesar, salad dressing, max 3% fat","Soups, sauces, dressings and salsa",21,dressing caesar salad dressing max 3 fat,0.08,0.07696104113612832
2038,"Dressing, French ,salad dressing, fat free","Soups, sauces, dressings and salsa",21,dressing french salad dressing fat free,0.04,0.039220713153281295
2039,"Dressing, French, salad dressing","Soups, sauces, dressings and salsa",21,dressing french salad dressing,0.02,0.019802627296179712
2040,"Dressing, French, salad dressing, lite","Soups, sauces, dressings and salsa",21,dressing french salad dressing lite,0.42,0.35065687161316933
2041,"Dressing, French, salad dressing, regular","Soups, sauces, dressings and salsa",21,dressing french salad dressing regular,0.44,0.36464311358790924
2042,"Dressing, French, salad dressing, regular","Soups, sauces, dressings and salsa",21,dressing french salad dressing regular,0.46,0.3784364357202451
2043,"Dressing, French, salad dressing, regular","Soups, sauces, dressings and salsa",21,dressing french salad dressing regular,0.44,0.36464311358790924
2044,"Dressing, French, salad dressing, regular","Soups, sauces, dressings and salsa",21,dressing french salad dressing regular,0.42,0.35065687161316933
2045,"Dressing, Italian, salad dressing, fat free","Soups, sauces, dressings and salsa",21,dressing italian salad dressing fat free,0.08,0.07696104113612832
2046,"Dressing, Italian, salad dressing, fat free","Soups, sauces, dressings and salsa",21,dressing italian salad dressing fat free,0.08,0.07696104113612832
2047,"Dressing, Italian, salad dressing, lite","Soups, sauces, dressings and salsa",21,dressing italian salad dressing lite,0.14,0.1310282624064041
2048,"Dressing, Italian, salad dressing, regular","Soups, sauces, dressings and salsa",21,dressing italian salad dressing regular,0.32,0.2776317365982795
2049,"Dressing, Italian, salad dressing, regular","Soups, sauces, dressings and salsa",21,dressing italian salad dressing regular,0.41,0.3435897043900769
2050,"Dressing, Ranch, salad dressing","Soups, sauces, dressings and salsa",21,dressing ranch salad dressing,0.46,0.3784364357202451
2051,"Dressing, Ranch, salad dressing","Soups, sauces, dressings and salsa",21,dressing ranch salad dressing,0.41,0.3435897043900769
2052,"Dressing, Ranch, salad dressing","Soups, sauces, dressings and salsa",21,dressing ranch salad dressing,0.37,0.31481073984003355
2053,"Dressing, Ranch, salad dressing, fat free","Soups, sauces, dressings and salsa",21,dressing ranch salad dressing fat free,0.02,0.019802627296179712
2054,"Dressing, Ranch, salad dressing, fat free","Soups, sauces, dressings and salsa",21,dressing ranch salad dressing fat free,0.22,0.1988508587451652
2055,"Dressing, Ranch, salad dressing, fat free","Soups, sauces, dressings and salsa",21,dressing ranch salad dressing fat free,0.03,0.0295588022415444
2056,"Dressing, Ranch, salad dressing, light","Soups, sauces, dressings and salsa",21,dressing ranch salad dressing light,0.18,0.16551443847757338
2057,"Dressing, Ranch, salad dressing, light","Soups, sauces, dressings and salsa",21,dressing ranch salad dressing light,0.14,0.1310282624064041
2058,"Dressing, Ranch, salad dressing, light","Soups, sauces, dressings and salsa",21,dressing ranch salad dressing light,0.19,0.173953307123438
2059,"Dressing, Soltørket tomat (Sundried Tomato), salad dressing","Soups, sauces, dressings and salsa",21,dressing soltrket tomat sundried tomato salad dressing,0.65,0.5007752879124893
2060,"Dressing, Thousand Island, salad dressing","Soups, sauces, dressings and salsa",21,dressing thousand island salad dressing,0.11,0.10436001532424277
2061,"Dressing, Thousand Island, salad dressing, fat free","Soups, sauces, dressings and salsa",21,dressing thousand island salad dressing fat free,0.07,0.06765864847381481
2062,"Dressing, Thousand Island, salad dressing, lite","Soups, sauces, dressings and salsa",21,dressing thousand island salad dressing lite,0.32,0.2776317365982795
2063,"Gravy, beef, Savory","Soups, sauces, dressings and salsa",21,gravy beef savory,0.06,0.058268908123975775
2064,"Gravy, turkey, canned","Soups, sauces, dressings and salsa",21,gravy turkey canned,0.06,0.058268908123975775
2065,"Gravy, turkey, canned","Soups, sauces, dressings and salsa",21,gravy turkey canned,0.04,0.039220713153281295
2066,"Gravy, turkey, canned, Home Style","Soups, sauces, dressings and salsa",21,gravy turkey canned home style,0.05,0.04879016416943201
2067,Hot chili sauce,"Soups, sauces, dressings and salsa",21,hot chili sauce,0.36,0.3074846997479606
2068,Jalfrezi cooking sauce,"Soups, sauces, dressings and salsa",21,jalfrezi cooking sauce,0.59,0.46373401623214017
2069,"Mashed potatoe, powder","Soups, sauces, dressings and salsa",21,mashed potatoe powder,1.2,0.7884573603642702
2070,"Mashed potatoes, prepared","Soups, sauces, dressings and salsa",21,mashed potatoes prepared,0.23,0.20701416938432615
2071,"Mashed potatoes, prepared","Soups, sauces, dressings and salsa",21,mashed potatoes prepared,0.28,0.2468600779315258
2072,"Mashed potatoes, with milk powder, prepared","Soups, sauces, dressings and salsa",21,mashed potatoes with milk powder prepared,0.17,0.15700374880966475
2073,"Mashed potatoes, with milk powder, prepared","Soups, sauces, dressings and salsa",21,mashed potatoes with milk powder prepared,0.22,0.1988508587451652
2074,"Mayonnaise, original","Soups, sauces, dressings and salsa",21,mayonnaise original,1.08,0.7323678937132266
2075,Meditarranean olive sauce,"Soups, sauces, dressings and salsa",21,meditarranean olive sauce,0.28,0.2468600779315258
2076,Mexican sauce,"Soups, sauces, dressings and salsa",21,mexican sauce,0.36,0.3074846997479606
2077,"Mustard, Bodsennep, prepared","Soups, sauces, dressings and salsa",21,mustard bodsennep prepared,1.7,0.9932517730102834
2078,"Mustard, Dijon originale, prepared","Soups, sauces, dressings and salsa",21,mustard dijon originale prepared,2.48,1.247032293786383
2079,"Mustard, hot, prepared","Soups, sauces, dressings and salsa",21,mustard hot prepared,1.76,1.0152306797290587
2080,"Mustard, Original, prepared","Soups, sauces, dressings and salsa",21,mustard original prepared,2.09,1.128171090909654
2081,"Mustard, paste, prepared","Soups, sauces, dressings and salsa",21,mustard paste prepared,2.61,1.2837077723447896
2082,"Mustard, Premium Americana, prepared","Soups, sauces, dressings and salsa",21,mustard premium americana prepared,1.43,0.8878912573524571
2083,"Mustard, Savora, prepared","Soups, sauces, dressings and salsa",21,mustard savora prepared,0.8,0.5877866649021191
2084,"Mustard, yellow, Classic Yellow Mustard, prepared","Soups, sauces, dressings and salsa",21,mustard yellow classic yellow mustard prepared,1.57,0.9439058989071285
2085,"Mustard, yellow, prepared","Soups, sauces, dressings and salsa",21,mustard yellow prepared,1.52,0.924258901523332
2086,"Mustard, yellow, prepared","Soups, sauces, dressings and salsa",21,mustard yellow prepared,1.42,0.8837675401685949
2087,Nali Ginger Chilie Sauce,"Soups, sauces, dressings and salsa",21,nali ginger chilie sauce,0.7,0.5306282510621704
2088,Nali Hot Peri‐Peri Sauce,"Soups, sauces, dressings and salsa",21,nali hot periperi sauce,1.42,0.8837675401685949
2089,Passata di pomodoro con basilico,"Soups, sauces, dressings and salsa",21,passata di pomodoro con basilico,0.36,0.3074846997479606
2090,"Paste, canned tomato","Soups, sauces, dressings and salsa",21,paste canned tomato,1.03,0.708035793053696
2091,"Paste, canned tomato","Soups, sauces, dressings and salsa",21,paste canned tomato,0.98,0.6830968447064438
2092,"Paste, canned tomato","Soups, sauces, dressings and salsa",21,paste canned tomato,0.88,0.6312717768418579
2093,Pelali mediterranei,"Soups, sauces, dressings and salsa",21,pelali mediterranei,0.22,0.1988508587451652
2094,Pesto Rosso,"Soups, sauces, dressings and salsa",21,pesto rosso,0.91,0.6471032420585385
2095,Pesto Rosso Piccante,"Soups, sauces, dressings and salsa",21,pesto rosso piccante,0.49,0.3987761199573678
2096,"Pesto Rosso Piccante, sundried tomato","Soups, sauces, dressings and salsa",21,pesto rosso piccante sundried tomato,1.2,0.7884573603642702
2097,"Pesto Rosso, sundried tomato","Soups, sauces, dressings and salsa",21,pesto rosso sundried tomato,0.68,0.5187937934151676
2098,"Pesto Rosso, sundried tomato","Soups, sauces, dressings and salsa",21,pesto rosso sundried tomato,0.86,0.6205764877251099
2099,"Pesto, alla Genovese con Basilico fresco","Soups, sauces, dressings and salsa",21,pesto alla genovese con basilico fresco,2.55,1.2669476034873244
2100,"Pesto, basil","Soups, sauces, dressings and salsa",21,pesto basil,2.48,1.247032293786383
2101,"Pesto, basil, Italia","Soups, sauces, dressings and salsa",21,pesto basil italia,4.36,1.6789639750827106
2102,"Piccante sauce, medium","Soups, sauces, dressings and salsa",21,piccante sauce medium,0.37,0.31481073984003355
2103,Pizza filling,"Soups, sauces, dressings and salsa",21,pizza filling,0.48,0.3920420877760237
2104,"Pizza filling, with edible mushroom (Agaricus bisporus) and bell pepper, Casa di Italia, prepared","Soups, sauces, dressings and salsa",21,pizza filling with edible mushroom agaricus bisporus and bell pepper casa di italia prepared,0.71,0.5364933705145685
2105,"Pizza filling, with tomatoes and herbs, Casa di Italia, prepared","Soups, sauces, dressings and salsa",21,pizza filling with tomatoes and herbs casa di italia prepared,0.89,0.636576829071551
2106,"Pizza filling, with tomatoes and onion, Casa di Italia, prepared","Soups, sauces, dressings and salsa",21,pizza filling with tomatoes and onion casa di italia prepared,0.62,0.4824261492442927
2107,Polpa pomodori in finissimini pezzi,"Soups, sauces, dressings and salsa",21,polpa pomodori in finissimini pezzi,0.34,0.29266961396282
2108,Polpapezzi di pomodori italiani,"Soups, sauces, dressings and salsa",21,polpapezzi di pomodori italiani,0.38,0.32208349916911333
2109,Pomodori capperi acciughi,"Soups, sauces, dressings and salsa",21,pomodori capperi acciughi,0.47,0.3852624007906449
2110,Pomodori del sole,"Soups, sauces, dressings and salsa",21,pomodori del sole,0.82,0.598836501088704
2111,Pomodori secchi,"Soups, sauces, dressings and salsa",21,pomodori secchi,0.72,0.5423242908253616
2112,Pomodorini di collini,"Soups, sauces, dressings and salsa",21,pomodorini di collini,0.49,0.3987761199573678
2113,Pomodoro al basilico,"Soups, sauces, dressings and salsa",21,pomodoro al basilico,0.56,0.44468582126144574
2114,Pomodoro mousse,"Soups, sauces, dressings and salsa",21,pomodoro mousse,0.8,0.5877866649021191
2115,Ragu alla bolognese,"Soups, sauces, dressings and salsa",21,ragu alla bolognese,0.37,0.31481073984003355
2116,Ricotta,"Soups, sauces, dressings and salsa",21,ricotta,0.41,0.3435897043900769
2117,"Salsa dip, medium","Soups, sauces, dressings and salsa",21,salsa dip medium,0.51,0.412109650826833
2118,"Salsa dip, medium","Soups, sauces, dressings and salsa",21,salsa dip medium,0.31,0.27002713721306015
2119,"Salsa, All natural mild, bottled","Soups, sauces, dressings and salsa",21,salsa all natural mild bottled,0.33,0.2851789422336624
2120,"Salsa, Chunky salsa, medium","Soups, sauces, dressings and salsa",21,salsa chunky salsa medium,0.34,0.29266961396282
2121,"Salsa, Chunky salsa, medium","Soups, sauces, dressings and salsa",21,salsa chunky salsa medium,3.92,1.5933085305042167
2122,"Salsa, Garlic salsa","Soups, sauces, dressings and salsa",21,salsa garlic salsa,0.43,0.3576744442718159
2123,"Salsa, garlic, TEXMEX, medium","Soups, sauces, dressings and salsa",21,salsa garlic texmex medium,0.44,0.36464311358790924
2124,"Salsa, Habanero and tequila salsa, extra hot","Soups, sauces, dressings and salsa",21,salsa habanero and tequila salsa extra hot,0.27,0.23901690047049992
2125,"Salsa, Kutbil‐ik de Chile Habanero","Soups, sauces, dressings and salsa",21,salsa kutbilik de chile habanero,1.59,0.9516578757114464
2126,"Salsa, Rio grande, medium","Soups, sauces, dressings and salsa",21,salsa rio grande medium,0.28,0.2468600779315258
2127,"Salsa, Roasted garlic, bottled","Soups, sauces, dressings and salsa",21,salsa roasted garlic bottled,0.31,0.27002713721306015
2128,"Salsa, Salsa picante verde de Chile Habanero","Soups, sauces, dressings and salsa",21,salsa salsa picante verde de chile habanero,0.89,0.636576829071551
2129,"Salsa, Sweet red chili salsa, medium","Soups, sauces, dressings and salsa",21,salsa sweet red chili salsa medium,0.46,0.3784364357202451
2130,"Salsa, Thick & Chunky mild, bottled","Soups, sauces, dressings and salsa",21,salsa thick chunky mild bottled,0.36,0.3074846997479606
2131,"Salsa, Thick 'n' Chunky mild, bottled","Soups, sauces, dressings and salsa",21,salsa thick n chunky mild bottled,0.31,0.27002713721306015
2132,"Salsa, Thick 'n Chunky, medium, bottled","Soups, sauces, dressings and salsa",21,salsa thick n chunky medium bottled,0.3,0.26236426446749106
2133,"Salsa, Thick 'n Chunky, medium, bottled","Soups, sauces, dressings and salsa",21,salsa thick n chunky medium bottled,0.49,0.3987761199573678
2134,"Salsa, Tropical salsa, medium","Soups, sauces, dressings and salsa",21,salsa tropical salsa medium,0.29,0.2546422183735807
2135,"Sauce for pasta, tomato, oregano, onion and garlic","Soups, sauces, dressings and salsa",21,sauce for pasta tomato oregano onion and garlic,0.63,0.48858001481867097
2136,"Sauce for pasta, with sundried tomato and shallot, Casa di Italia","Soups, sauces, dressings and salsa",21,sauce for pasta with sundried tomato and shallot casa di italia,0.34,0.29266961396282
2137,"Sauce, BBQ","Soups, sauces, dressings and salsa",21,sauce bbq,0.75,0.5596157879354227
2138,"Sauce, Bearnaise, prepared","Soups, sauces, dressings and salsa",21,sauce bearnaise prepared,0.03,0.0295588022415444
2139,"Sauce, brown, for meatballs, prepared","Soups, sauces, dressings and salsa",21,sauce brown for meatballs prepared,0.09,0.08617769624105233
2140,"Sauce, canned tomato","Soups, sauces, dressings and salsa",21,sauce canned tomato,0.34,0.29266961396282
2141,"Sauce, canned tomato","Soups, sauces, dressings and salsa",21,sauce canned tomato,0.29,0.2546422183735807
2142,"Sauce, Cayenne pepper, Red Devil","Soups, sauces, dressings and salsa",21,sauce cayenne pepper red devil,0.26,0.23111172096338664
2143,"Sauce, chili, Oriental","Soups, sauces, dressings and salsa",21,sauce chili oriental,0.36,0.3074846997479606
2144,"Sauce, chilli sauce, hot","Soups, sauces, dressings and salsa",21,sauce chilli sauce hot,0.53,0.4252677354043441
2145,"Sauce, chilli, hot","Soups, sauces, dressings and salsa",21,sauce chilli hot,0.2,0.18232155679395462
2146,"Sauce, for pasta","Soups, sauces, dressings and salsa",21,sauce for pasta,0.31,0.27002713721306015
2147,"Sauce, for pasta with parmesan and creem, Al forno","Soups, sauces, dressings and salsa",21,sauce for pasta with parmesan and creem al forno,0.2,0.18232155679395462
2148,"Sauce, for pasta, classic","Soups, sauces, dressings and salsa",21,sauce for pasta classic,0.55,0.4382549309311553
2149,"Sauce, for pasta, creamed, Casa d`Italia","Soups, sauces, dressings and salsa",21,sauce for pasta creamed casa d italia,0.24,0.2151113796169455
2150,"Sauce, for pasta, no meat, chunky garden combination","Soups, sauces, dressings and salsa",21,sauce for pasta no meat chunky garden combination,0.37,0.31481073984003355
2151,"Sauce, for pasta, no meat, mushroom flavor","Soups, sauces, dressings and salsa",21,sauce for pasta no meat mushroom flavor,0.51,0.412109650826833
2152,"Sauce, for pasta, no meat, mushroom flavor","Soups, sauces, dressings and salsa",21,sauce for pasta no meat mushroom flavor,0.51,0.412109650826833
2153,"Sauce, for pasta, no meat, old world style","Soups, sauces, dressings and salsa",21,sauce for pasta no meat old world style,0.4,0.33647223662121295
2154,"Sauce, for pasta, no meat, three‐cheese flavor","Soups, sauces, dressings and salsa",21,sauce for pasta no meat threecheese flavor,0.37,0.31481073984003355
2155,"Sauce, for pasta, spanish olives","Soups, sauces, dressings and salsa",21,sauce for pasta spanish olives,0.61,0.4762341789963716
2156,"Sauce, for pasta, tomato and mushrooms","Soups, sauces, dressings and salsa",21,sauce for pasta tomato and mushrooms,0.49,0.3987761199573678
2157,"Sauce, for pasta, with basil","Soups, sauces, dressings and salsa",21,sauce for pasta with basil,0.57,0.4510756193602167
2158,"Sauce, for pasta, with basil, heated","Soups, sauces, dressings and salsa",21,sauce for pasta with basil heated,0.54,0.43178241642553783
2159,"Sauce, for pasta, with chilli","Soups, sauces, dressings and salsa",21,sauce for pasta with chilli,0.35,0.30010459245033805
2160,"Sauce, for pasta, with chilli and onion","Soups, sauces, dressings and salsa",21,sauce for pasta with chilli and onion,0.39,0.3293037471426004
2161,"Sauce, for pasta, with chilli and onion, heated","Soups, sauces, dressings and salsa",21,sauce for pasta with chilli and onion heated,0.57,0.4510756193602167
2162,"Sauce, for pasta, with chilli, Arrabbiata","Soups, sauces, dressings and salsa",21,sauce for pasta with chilli arrabbiata,0.39,0.3293037471426004
2163,"Sauce, for pasta, with extra garlic","Soups, sauces, dressings and salsa",21,sauce for pasta with extra garlic,0.61,0.4762341789963716
2164,"Sauce, for pasta, with extra garlic, heated","Soups, sauces, dressings and salsa",21,sauce for pasta with extra garlic heated,0.68,0.5187937934151676
2165,"Sauce, for pasta, with extra spices","Soups, sauces, dressings and salsa",21,sauce for pasta with extra spices,0.5,0.4054651081081644
2166,"Sauce, for pasta, with extra vegetables","Soups, sauces, dressings and salsa",21,sauce for pasta with extra vegetables,0.43,0.3576744442718159
2167,"Sauce, for pasta, with garlic","Soups, sauces, dressings and salsa",21,sauce for pasta with garlic,0.5,0.4054651081081644
2168,"Sauce, for pasta, with garlic","Soups, sauces, dressings and salsa",21,sauce for pasta with garlic,0.33,0.2851789422336624
2169,"Sauce, for pasta, with sundried tomatoes","Soups, sauces, dressings and salsa",21,sauce for pasta with sundried tomatoes,0.79,0.5822156198526637
2170,"Sauce, for pizza","Soups, sauces, dressings and salsa",21,sauce for pizza,0.63,0.48858001481867097
2171,"Sauce, for pizza, Casa di Italia","Soups, sauces, dressings and salsa",21,sauce for pizza casa di italia,0.77,0.5709795465857378
2172,"Sauce, for pizza, Orginal","Soups, sauces, dressings and salsa",21,sauce for pizza orginal,0.38,0.32208349916911333
2173,"Sauce, for pizza, Spicy","Soups, sauces, dressings and salsa",21,sauce for pizza spicy,0.57,0.4510756193602167
2174,"Sauce, for spagetti, Italian tomato sauce with spices","Soups, sauces, dressings and salsa",21,sauce for spagetti italian tomato sauce with spices,0.31,0.27002713721306015
2175,"Sauce, for spaghetti","Soups, sauces, dressings and salsa",21,sauce for spaghetti,0.27,0.23901690047049992
2176,"Sauce, for spaghetti","Soups, sauces, dressings and salsa",21,sauce for spaghetti,0.26,0.23111172096338664
2177,"Sauce, Hollandaise, prepared","Soups, sauces, dressings and salsa",21,sauce hollandaise prepared,0.01,0.009950330853168083
2178,"Sauce, Indian Korma","Soups, sauces, dressings and salsa",21,sauce indian korma,0.21,0.1906203596086497
2179,"Sauce, Indian Tandori","Soups, sauces, dressings and salsa",21,sauce indian tandori,0.52,0.41871033485818504
2180,"Sauce, orginal","Soups, sauces, dressings and salsa",21,sauce orginal,1.48,0.9082585601768908
2181,"Sauce, slices of tomato, with basil, garlic and oregano","Soups, sauces, dressings and salsa",21,sauce slices of tomato with basil garlic and oregano,0.18,0.16551443847757338
2182,"Sauce, slices of tomato, with chilli and mexican spices, canned","Soups, sauces, dressings and salsa",21,sauce slices of tomato with chilli and mexican spices canned,0.26,0.23111172096338664
2183,"Sauce, slices of tomato, with garlic, oregano and basil, canned","Soups, sauces, dressings and salsa",21,sauce slices of tomato with garlic oregano and basil canned,0.31,0.27002713721306015
2184,"Sauce, slices of tomato, with pepper, onion and creole spices, canned","Soups, sauces, dressings and salsa",21,sauce slices of tomato with pepper onion and creole spices canned,0.27,0.23901690047049992
2185,"Sauce, soya sauce","Soups, sauces, dressings and salsa",21,sauce soya sauce,2.68,1.3029127521808397
2186,"Sauce, soya sauce, dark","Soups, sauces, dressings and salsa",21,sauce soya sauce dark,0.68,0.5187937934151676
2187,"Sauce, soya sauce, light","Soups, sauces, dressings and salsa",21,sauce soya sauce light,0.54,0.43178241642553783
2188,"Sauce, sun dried tomato","Soups, sauces, dressings and salsa",21,sauce sun dried tomato,0.52,0.41871033485818504
2189,"Sauce, taco, hot","Soups, sauces, dressings and salsa",21,sauce taco hot,4.25,1.6582280766035324
2190,"Sauce, taco, medium","Soups, sauces, dressings and salsa",21,sauce taco medium,0.88,0.6312717768418579
2191,"Sauce, taco, medium","Soups, sauces, dressings and salsa",21,sauce taco medium,0.36,0.3074846997479606
2192,"Sauce, taco, medium","Soups, sauces, dressings and salsa",21,sauce taco medium,4.66,1.7334238922150915
2193,"Sauce, taco, medium","Soups, sauces, dressings and salsa",21,sauce taco medium,3.5,1.5040773967762742
2194,"Sauce, taco, medium spiced, TexMex","Soups, sauces, dressings and salsa",21,sauce taco medium spiced texmex,0.2,0.18232155679395462
2195,"Sauce, taco, mildly spiced","Soups, sauces, dressings and salsa",21,sauce taco mildly spiced,3.17,1.4279160358107101
2196,"Sauce, taco, smooth, medium spiced","Soups, sauces, dressings and salsa",21,sauce taco smooth medium spiced,0.28,0.2468600779315258
2197,"Sauce, taco, smooth, strong spiced","Soups, sauces, dressings and salsa",21,sauce taco smooth strong spiced,0.18,0.16551443847757338
2198,"Sauce, taco, strong spiced","Soups, sauces, dressings and salsa",21,sauce taco strong spiced,3.5,1.5040773967762742
2199,"Sauce, taco, strong spiced, TexMex","Soups, sauces, dressings and salsa",21,sauce taco strong spiced texmex,0.22,0.1988508587451652
2200,"Sauce, taco, TexMex, hot","Soups, sauces, dressings and salsa",21,sauce taco texmex hot,0.48,0.3920420877760237
2201,"Sauce, taco, TexMex, mild","Soups, sauces, dressings and salsa",21,sauce taco texmex mild,0.44,0.36464311358790924
2202,"Sauce, Tikka Masala, Indian","Soups, sauces, dressings and salsa",21,sauce tikka masala indian,0.36,0.3074846997479606
2203,"Sauce, tomato, Tomatensauce, Toskana","Soups, sauces, dressings and salsa",21,sauce tomato tomatensauce toskana,0.42,0.35065687161316933
2204,"Sauce, tomato, with basalmicovinegar, basil and oil, canned","Soups, sauces, dressings and salsa",21,sauce tomato with basalmicovinegar basil and oil canned,0.25,0.22314355131420976
2205,"Sauce, tomato, with mushroom, canned","Soups, sauces, dressings and salsa",21,sauce tomato with mushroom canned,0.24,0.2151113796169455
2206,"Sauce, with chili","Soups, sauces, dressings and salsa",21,sauce with chili,0.24,0.2151113796169455
2207,"Sauce, wrap, medium spiced","Soups, sauces, dressings and salsa",21,sauce wrap medium spiced,3.7,1.547562508716013
2208,"Soup stok, japanese (bonito,tangl), powder","Soups, sauces, dressings and salsa",21,soup stok japanese bonito tangl powder,0.93,0.6575200029167942
2209,"Soup stok, japanese (small dried sardine), powder","Soups, sauces, dressings and salsa",21,soup stok japanese small dried sardine powder,0.07,0.06765864847381481
2210,"Soup, chicken noodle cup a soup, dry","Soups, sauces, dressings and salsa",21,soup chicken noodle cup a soup dry,0.45,0.37156355643248307
2211,"Soup, chicken noodle, canned, ready‐to‐eat","Soups, sauces, dressings and salsa",21,soup chicken noodle canned readytoeat,0.02,0.019802627296179712
2212,"Soup, chicken noodle, canned, ready‐to‐eat, Kitchen Classics","Soups, sauces, dressings and salsa",21,soup chicken noodle canned readytoeat kitchen classics,0.02,0.019802627296179712
2213,"Soup, chinese chicken soup stock, powder","Soups, sauces, dressings and salsa",21,soup chinese chicken soup stock powder,0.41,0.3435897043900769
2214,"Soup, clam chowder condensed","Soups, sauces, dressings and salsa",21,soup clam chowder condensed,0.05,0.04879016416943201
2215,"Soup, condensed chicken noodle soup","Soups, sauces, dressings and salsa",21,soup condensed chicken noodle soup,0.03,0.0295588022415444
2216,"Soup, condensed chicken noodle soup","Soups, sauces, dressings and salsa",21,soup condensed chicken noodle soup,0.01,0.009950330853168083
2217,"Soup, condensed cream of chicken soup","Soups, sauces, dressings and salsa",21,soup condensed cream of chicken soup,0.03,0.0295588022415444
2218,"Soup, condensed cream of chicken soup","Soups, sauces, dressings and salsa",21,soup condensed cream of chicken soup,0.04,0.039220713153281295
2219,"Soup, condensed cream of mushroom soup","Soups, sauces, dressings and salsa",21,soup condensed cream of mushroom soup,0.04,0.039220713153281295
2220,"Soup, condensed tomato","Soups, sauces, dressings and salsa",21,soup condensed tomato,0.66,0.5068176023684519
2221,"Soup, curry chicken, cup a soup","Soups, sauces, dressings and salsa",21,soup curry chicken cup a soup,0.14,0.1310282624064041
2222,"Soup, Minestrone","Soups, sauces, dressings and salsa",21,soup minestrone,0.25,0.22314355131420976
2223,"Soup, Pea soup, Svensk/Swedish type, prepared","Soups, sauces, dressings and salsa",21,soup pea soup svensk swedish type prepared,0.52,0.41871033485818504
2224,"Soup, Pea soup, yellow, prepared","Soups, sauces, dressings and salsa",21,soup pea soup yellow prepared,0.63,0.48858001481867097
2225,"Soup, potato and leek, cup a soup","Soups, sauces, dressings and salsa",21,soup potato and leek cup a soup,0.07,0.06765864847381481
2226,"Soup, Ramen noodle soup, beef flavor, dry","Soups, sauces, dressings and salsa",21,soup ramen noodle soup beef flavor dry,0.41,0.3435897043900769
2227,"Soup, tomato, ABC kremet tomatsuppe, prepared","Soups, sauces, dressings and salsa",21,soup tomato abc kremet tomatsuppe prepared,0.14,0.1310282624064041
2228,"Soup, tomato, canned, prepared","Soups, sauces, dressings and salsa",21,soup tomato canned prepared,0.29,0.2546422183735807
2229,"Soup, tomato, canned, prepared","Soups, sauces, dressings and salsa",21,soup tomato canned prepared,0.24,0.2151113796169455
2230,"Soup, tomato, condensed","Soups, sauces, dressings and salsa",21,soup tomato condensed,0.24,0.2151113796169455
2231,"Soup, tomato, cup a soup, prepared","Soups, sauces, dressings and salsa",21,soup tomato cup a soup prepared,0.18,0.16551443847757338
2232,"Soup, tomato, prepared","Soups, sauces, dressings and salsa",21,soup tomato prepared,0.07,0.06765864847381481
2233,"Soup, tomato, prepared","Soups, sauces, dressings and salsa",21,soup tomato prepared,0.16,0.14842000511827327
2234,"Soup, tomato, prepared","Soups, sauces, dressings and salsa",21,soup tomato prepared,0.15,0.13976194237515868
2235,"Soup, tomato, Rett i koppen, prepared","Soups, sauces, dressings and salsa",21,soup tomato rett i koppen prepared,0.17,0.15700374880966475
2236,"Soup, tomato, Sunny tomato extra, prepared","Soups, sauces, dressings and salsa",21,soup tomato sunny tomato extra prepared,0.34,0.29266961396282
2237,"Soup, tomato, with macaroni, prepared","Soups, sauces, dressings and salsa",21,soup tomato with macaroni prepared,0.13,0.12221763272424921
2238,"Soup, tomato, with mozzarella and herbs, Rett i Koppen, prepared","Soups, sauces, dressings and salsa",21,soup tomato with mozzarella and herbs rett i koppen prepared,0.12,0.11332868530700317
2239,"Soup, tomtato, Meksikansk tomatsuppe fra guerroro, World menus, prepared","Soups, sauces, dressings and salsa",21,soup tomtato meksikansk tomatsuppe fra guerroro world menus prepared,0.16,0.14842000511827327
2240,"Spaghetti sauce, prepared","Soups, sauces, dressings and salsa",21,spaghetti sauce prepared,0.31,0.27002713721306015
2241,Sundried tomato paste,"Soups, sauces, dressings and salsa",21,sundried tomato paste,0.75,0.5596157879354227
2242,"Sundried tomatoes, in oil","Soups, sauces, dressings and salsa",21,sundried tomatoes in oil,1.22,0.7975071958841881
2243,"Sundried tomatoes, in oil, chopped","Soups, sauces, dressings and salsa",21,sundried tomatoes in oil chopped,1.69,0.9895411936137477
2244,Tabasco Brand,"Soups, sauces, dressings and salsa",21,tabasco brand,0.56,0.44468582126144574
2245,Tiptree organic tomato chutney,"Soups, sauces, dressings and salsa",21,tiptree organic tomato chutney,0.35,0.30010459245033805
2246,Tomato ketchup,"Soups, sauces, dressings and salsa",21,tomato ketchup,0.37,0.31481073984003355
2247,Tomato ketchup,"Soups, sauces, dressings and salsa",21,tomato ketchup,0.33,0.2851789422336624
2248,Tomato ketchup,"Soups, sauces, dressings and salsa",21,tomato ketchup,0.41,0.3435897043900769
2249,Tomato ketchup,"Soups, sauces, dressings and salsa",21,tomato ketchup,0.19,0.173953307123438
2250,Tomato ketchup,"Soups, sauces, dressings and salsa",21,tomato ketchup,0.37,0.31481073984003355
2251,Tomato ketchup,"Soups, sauces, dressings and salsa",21,tomato ketchup,0.43,0.3576744442718159
2252,Tomato ketchup,"Soups, sauces, dressings and salsa",21,tomato ketchup,0.26,0.23111172096338664
2253,Tomato ketchup,"Soups, sauces, dressings and salsa",21,tomato ketchup,0.77,0.5709795465857378
2254,"Tomato ketchup, classico","Soups, sauces, dressings and salsa",21,tomato ketchup classico,0.53,0.4252677354043441
2255,"Tomato ketchup, organic","Soups, sauces, dressings and salsa",21,tomato ketchup organic,0.24,0.2151113796169455
2256,"Tomato ketchup, orginal","Soups, sauces, dressings and salsa",21,tomato ketchup orginal,0.14,0.1310282624064041
2257,"Tomato ketchup, Red Hot Chili","Soups, sauces, dressings and salsa",21,tomato ketchup red hot chili,0.25,0.22314355131420976
2258,Tomato purée,"Soups, sauces, dressings and salsa",21,tomato puree,1.25,0.8109302162163288
2259,Tomato purée,"Soups, sauces, dressings and salsa",21,tomato puree,1.25,0.8109302162163288
2260,Tomato purée,"Soups, sauces, dressings and salsa",21,tomato puree,1.19,0.7839015438284094
2261,Tomato purée,"Soups, sauces, dressings and salsa",21,tomato puree,0.53,0.4252677354043441
2262,Tomato purée,"Soups, sauces, dressings and salsa",21,tomato puree,1.27,0.8197798314933114
2263,Tomato purée,"Soups, sauces, dressings and salsa",21,tomato puree,0.96,0.6729444732424258
2264,"Tomato purée, canned","Soups, sauces, dressings and salsa",21,tomato puree canned,0.42,0.35065687161316933
2265,"Tomato purée, canned","Soups, sauces, dressings and salsa",21,tomato puree canned,0.43,0.3576744442718159
2266,"Tomato purée, canned","Soups, sauces, dressings and salsa",21,tomato puree canned,0.49,0.3987761199573678
2267,"Tomato purée, canned","Soups, sauces, dressings and salsa",21,tomato puree canned,0.4,0.33647223662121295
2268,"Tomato purée, canned","Soups, sauces, dressings and salsa",21,tomato puree canned,0.42,0.35065687161316933
2269,"Tomato purée, organic","Soups, sauces, dressings and salsa",21,tomato puree organic,0.97,0.6780335427498971
2270,Tomato sauce,"Soups, sauces, dressings and salsa",21,tomato sauce,0.2,0.18232155679395462
2271,"Tomatoes, with chili, chopped, canned","Soups, sauces, dressings and salsa",21,tomatoes with chili chopped canned,0.25,0.22314355131420976
2272,"Tomatoes, with garlic, chopped, canned","Soups, sauces, dressings and salsa",21,tomatoes with garlic chopped canned,0.38,0.32208349916911333
2273,"Tomatoes, with sweet basil and oregano, chopped, canned","Soups, sauces, dressings and salsa",21,tomatoes with sweet basil and oregano chopped canned,0.45,0.37156355643248307
2274,Vinaigrette with sundried tomato,"Soups, sauces, dressings and salsa",21,vinaigrette with sundried tomato,0.41,0.3435897043900769
2275,"Wok sauce, Indian Curry","Soups, sauces, dressings and salsa",21,wok sauce indian curry,0.46,0.3784364357202451
2276,"Wok sauce, Red Hot Curry Thailand","Soups, sauces, dressings and salsa",21,wok sauce red hot curry thailand,0.41,0.3435897043900769
2277,"A condiment with red pepper and six other spices, dried ground",Spices and herbs,22,a condiment with red pepper and six other spices dried ground,6.08,1.9572739077056285
2278,"Ajwain fruit pods, whole",Spices and herbs,22,ajwain fruit pods whole,0.94,0.6626879730752367
2279,"Ajwain fruit pods, dried",Spices and herbs,22,ajwain fruit pods dried,28.42,3.3816747151732915
2280,"Allspice, dried ground",Spices and herbs,22,allspice dried ground,99.28,4.607966273290093
2281,"Allspice, dried ground",Spices and herbs,22,allspice dried ground,101.52,4.630057901495871
2282,"Alpine lady's‐mantle, leaves, dried",Spices and herbs,22,alpine lady smantle leaves dried,130.36,4.8779416457041185
2283,"Angelica, fresh",Spices and herbs,22,angelica fresh,0.66,0.5068176023684519
2284,"Angelica, leaves, dried",Spices and herbs,22,angelica leaves dried,25.25,3.2676659890376327
2285,"Angelica, seeds, dried",Spices and herbs,22,angelica seeds dried,8.66,2.2679936482244267
2286,"Anisisop, leaves, dried",Spices and herbs,22,anisisop leaves dried,33.14,3.5304697173662944
2287,"Ash, young leaves, dried",Spices and herbs,22,ash young leaves dried,47.78,3.887320392787774
2288,"Bacon and eggs, flower, dried",Spices and herbs,22,bacon and eggs flower dried,56.1,4.044804116661965
2289,Barbeque spicemix,Spices and herbs,22,barbeque spicemix,1.65,0.9745596399981308
2290,Barbeque spicemix,Spices and herbs,22,barbeque spicemix,2.13,1.1410330045520618
2291,"Barberry, bark",Spices and herbs,22,barberry bark,55.63,4.036538880125714
2292,"Basil, dried",Spices and herbs,22,basil dried,9.86,2.3850863145057892
2293,"Basil, dried",Spices and herbs,22,basil dried,28.1,3.370738174177447
2294,"Basil, dried",Spices and herbs,22,basil dried,12.31,2.58851563240702
2295,"Basil, dried",Spices and herbs,22,basil dried,30.86,3.4613513044819024
2296,"Basil, dried",Spices and herbs,22,basil dried,18.24,2.9569914452375605
2297,"Basil, dried",Spices and herbs,22,basil dried,0.49,0.3987761199573678
2298,"Basil, fresh",Spices and herbs,22,basil fresh,1.12,0.7514160886839212
2299,"Basil, fresh",Spices and herbs,22,basil fresh,0.67,0.5128236264286637
2300,"Basil, fresh",Spices and herbs,22,basil fresh,0.82,0.598836501088704
2301,"Bay leaves, dried",Spices and herbs,22,bay leaves dried,31.29,3.4747575847701837
2302,"Bay leaves, dried",Spices and herbs,22,bay leaves dried,24.29,3.2304090606818736
2303,"Bay leaves, fresh",Spices and herbs,22,bay leaves fresh,15.05,2.775708849576025
2304,"Bearberry (Arctostaphylos uva‐ursi), leaves, dried",Spices and herbs,22,bearberry arctostaphylos uvaursi leaves dried,182.1,5.2100324516804655
2305,"Bee balm (Monarda didyma), flower, dried",Spices and herbs,22,bee balm monarda didyma flower dried,46.56,3.861992071822581
2306,"Betonica officinalis, dried",Spices and herbs,22,betonica officinalis dried,9.41,2.3427668826268775
2307,Betterave,Spices and herbs,22,betterave,2.34,1.205970806988609
2308,"Birch, leaves, dried",Spices and herbs,22,birch leaves dried,30.44,3.448080967561006
2309,"Birch, leaves, fresh",Spices and herbs,22,birch leaves fresh,26.23,3.3043193066856684
2310,"Birdcherry, flower, dried",Spices and herbs,22,birdcherry flower dried,23.08,3.1813816204406202
2311,"Biting stonecrop, dried",Spices and herbs,22,biting stonecrop dried,11.89,2.556451816951096
2312,"Blackberry, leaves, dried",Spices and herbs,22,blackberry leaves dried,23.31,3.1908877883280318
2313,"Blackcurrant, leaves, dried",Spices and herbs,22,blackcurrant leaves dried,97.83,4.593401202388092
2314,"Calamus root (Acorus calamus), rhizome",Spices and herbs,22,calamus root acorus calamus rhizome,6.65,2.0347056478384444
2315,"Caper, flower",Spices and herbs,22,caper flower,1.0,0.6931471805599453
2316,"Caper, fruits and stem, Caprons Finos",Spices and herbs,22,caper fruits and stem caprons finos,0.84,0.6097655716208943
2317,"Caper, small",Spices and herbs,22,caper small,0.94,0.6626879730752367
2318,"Car Magaz, whole kernels",Spices and herbs,22,car magaz whole kernels,0.77,0.5709795465857378
2319,"Caraway seeds, dried",Spices and herbs,22,caraway seeds dried,3.35,1.4701758451005928
2320,"Caraway seeds, dried",Spices and herbs,22,caraway seeds dried,4.48,1.7011051009599243
2321,"Cardamom pod, green, whole",Spices and herbs,22,cardamom pod green whole,1.85,1.0473189942805592
2322,Cardamom seeds (from green pod),Spices and herbs,22,cardamom seeds from green pod,1.64,0.9707789171582247
2323,"Cardamom seeds, dried",Spices and herbs,22,cardamom seeds dried,1.13,0.7561219797213337
2324,"Cardamom seeds, dried",Spices and herbs,22,cardamom seeds dried,0.48,0.3920420877760237
2325,"Cardamom, dried ground",Spices and herbs,22,cardamom dried ground,2.35,1.208960345836975
2326,"Cardamom, dried ground",Spices and herbs,22,cardamom dried ground,1.65,0.9745596399981308
2327,"Cardamom, whole fruit, dried",Spices and herbs,22,cardamom whole fruit dried,1.64,0.9707789171582247
2328,"Cayenne pepper, dried ground",Spices and herbs,22,cayenne pepper dried ground,5.38,1.8531680973566984
2329,"Cayenne pepper, dried ground",Spices and herbs,22,cayenne pepper dried ground,4.18,1.6448050562713916
2330,"Cayenne pepper, dried ground",Spices and herbs,22,cayenne pepper dried ground,5.9,1.9315214116032138
2331,"Celery seeds, whole",Spices and herbs,22,celery seeds whole,8.17,2.2159372862683733
2332,"Celery, leaves, dried",Spices and herbs,22,celery leaves dried,16.91,2.8853592160726205
2333,"Chervil, dried",Spices and herbs,22,chervil dried,17.67,2.9269179575536315
2334,"Chili, Chile Ancho, dark, whole, dried",Spices and herbs,22,chili chile ancho dark whole dried,5.09,1.8066480817218056
2335,"Chili, Chile de Arcbol, small red, whole, dried",Spices and herbs,22,chili chile de arcbol small red whole dried,3.11,1.4134230285081433
2336,"Chili, Chile Don Piquin, with seeds, crushed, dried",Spices and herbs,22,chili chile don piquin with seeds crushed dried,4.2,1.6486586255873816
2337,"Chili, Chile Guajillo, dark, whole, dried",Spices and herbs,22,chili chile guajillo dark whole dried,2.25,1.1786549963416462
2338,"Chili, Chile Pasilla, dark, whole, dried",Spices and herbs,22,chili chile pasilla dark whole dried,7.54,2.1447610078004784
2339,"Chili, Chile Pasilla, dark, whole, dried",Spices and herbs,22,chili chile pasilla dark whole dried,3.01,1.3887912413184778
2340,"Chili, Chile Piquin, dried ground",Spices and herbs,22,chili chile piquin dried ground,1.4,0.8754687373538999
2341,"Chili, Chile, dried ground",Spices and herbs,22,chili chile dried ground,7.15,2.0980179272527715
2342,"Chili, dried",Spices and herbs,22,chili dried,7.63,2.1552445050953364
2343,"Chili, dried ground",Spices and herbs,22,chili dried ground,12.21,2.580974118534234
2344,"Chili, dried ground",Spices and herbs,22,chili dried ground,7.87,2.1826747963214883
2345,"Chili, dried ground",Spices and herbs,22,chili dried ground,12.15,2.5764217586237734
2346,"Chili, dried ground",Spices and herbs,22,chili dried ground,8.37,2.2375130962503307
2347,"Chili, dried ground, hot",Spices and herbs,22,chili dried ground hot,5.96,1.9401794743463283
2348,"Chili, dried ground, mexican",Spices and herbs,22,chili dried ground mexican,11.86,2.554121718809473
2349,"Chili, green, whole",Spices and herbs,22,chili green whole,2.33,1.2029723039923526
2350,"Chili, red with seeds, dried",Spices and herbs,22,chili red with seeds dried,2.52,1.2584609896100059
2351,"Chili, red, whole",Spices and herbs,22,chili red whole,2.92,1.366091653802371
2352,"Chili, red, whole",Spices and herbs,22,chili red whole,2.08,1.1249295969854831
2353,"Chili, without seeds, dried",Spices and herbs,22,chili without seeds dried,3.74,1.556037135706985
2354,"Chives, chopped, dried",Spices and herbs,22,chives chopped dried,7.8,2.174751721484161
2355,"Chives, dried",Spices and herbs,22,chives dried,7.11,2.093097868127322
2356,"Chives, dried",Spices and herbs,22,chives dried,2.56,1.269760544863939
2357,"Chives, dried",Spices and herbs,22,chives dried,11.14,2.4965057856313524
2358,"Chives, fresh",Spices and herbs,22,chives fresh,0.59,0.46373401623214017
2359,"Chives, fresh",Spices and herbs,22,chives fresh,0.6,0.4700036292457356
2360,"Cinnamon sticks, Cassia vera indo",Spices and herbs,22,cinnamon sticks cassia vera indo,6.84,2.0592388343623163
2361,"Cinnamon, bark, whole",Spices and herbs,22,cinnamon bark whole,40.14,3.716980884224811
2362,"Cinnamon, bark, whole",Spices and herbs,22,cinnamon bark whole,32.61,3.5148236417370144
2363,"Cinnamon, dried ground",Spices and herbs,22,cinnamon dried ground,31.64,3.4855385300959063
2364,"Cinnamon, dried ground",Spices and herbs,22,cinnamon dried ground,139.89,4.947979444065186
2365,"Cinnamon, dried ground",Spices and herbs,22,cinnamon dried ground,17.65,2.9258461460898246
2366,"Cinnamon, dried ground",Spices and herbs,22,cinnamon dried ground,53.04,3.989724513091998
2367,"Cinnamon, dried ground",Spices and herbs,22,cinnamon dried ground,63.27,4.163092959383195
2368,"Cinnamon, dried ground",Spices and herbs,22,cinnamon dried ground,118.69,4.784905066885279
2369,"Cinnamon, dried ground",Spices and herbs,22,cinnamon dried ground,114.98,4.7534177624482945
2370,"Cirsium heterohpyllum, leaves, dried",Spices and herbs,22,cirsium heterohpyllum leaves dried,38.18,3.6681664125163946
2371,"Clove, dried ground",Spices and herbs,22,clove dried ground,125.55,4.840637486991133
2372,"Clove, dried ground",Spices and herbs,22,clove dried ground,465.32,6.144872093737295
2373,"Clove, whole, dried",Spices and herbs,22,clove whole dried,175.31,5.172243809292668
2374,"Clove, whole, dried",Spices and herbs,22,clove whole dried,317.96,5.765065703073099
2375,"Clove, whole, dried",Spices and herbs,22,clove whole dried,327.77,5.795358418143411
2376,"Clove, whole, dried",Spices and herbs,22,clove whole dried,252.04,5.533547578997394
2377,"Club‐moss, dried",Spices and herbs,22,clubmoss dried,4.56,1.715598108262491
2378,"Coltsfoot, leaves, dried",Spices and herbs,22,coltsfoot leaves dried,61.32,4.132282401562493
2379,"Columbine, Granny's bonnet, dried",Spices and herbs,22,columbine granny s bonnet dried,3.96,1.601405740736836
2380,"Common alkanet, dried",Spices and herbs,22,common alkanet dried,18.37,2.9637254774189046
2381,"Common butterwort, leaves, dried",Spices and herbs,22,common butterwort leaves dried,41.93,3.7595708822364693
2382,"Common chickweed, dried",Spices and herbs,22,common chickweed dried,5.17,1.8196988379172965
2383,"Common elder, flower, dried",Spices and herbs,22,common elder flower dried,24.13,3.2240623515555007
2384,"Common elder, leaves, dried",Spices and herbs,22,common elder leaves dried,20.36,3.061520014091994
2385,"Common fumitory, dried",Spices and herbs,22,common fumitory dried,25.06,3.260401571696699
2386,"Common horsetail, dried",Spices and herbs,22,common horsetail dried,12.17,2.5779415157551897
2387,"Common mallow, flower and leaves, dried",Spices and herbs,22,common mallow flower and leaves dried,9.06,2.3085671646715933
2388,"Common mallow, flower, dried",Spices and herbs,22,common mallow flower dried,24.63,3.24376354037598
2389,"Common mallow, leaves, dried",Spices and herbs,22,common mallow leaves dried,9.2,2.322387720290225
2390,"Common nettle, stinging nettle, leaves, dried",Spices and herbs,22,common nettle stinging nettle leaves dried,35.23,3.5898875049069856
2391,"Common polypody, rhizome",Spices and herbs,22,common polypody rhizome,35.42,3.595118074299462
2392,"Common silver birch, leaves, dried",Spices and herbs,22,common silver birch leaves dried,22.07,3.138533072185662
2393,"Common valerian, flower and leaves, dried",Spices and herbs,22,common valerian flower and leaves dried,24.03,3.2200751054436827
2394,"Condiment with red pepper, dried ground",Spices and herbs,22,condiment with red pepper dried ground,5.23,1.8293763327993617
2395,"Coriander (Dhaniya), dried ground",Spices and herbs,22,coriander dhaniya dried ground,4.66,1.7334238922150915
2396,Coriander seeds,Spices and herbs,22,coriander seeds,0.28,0.2468600779315258
2397,Coriander seeds,Spices and herbs,22,coriander seeds,1.26,0.8153648132841945
2398,"Coriander, leaves, dried",Spices and herbs,22,coriander leaves dried,2.84,1.3454723665996355
2399,"Coriander, leaves, dried",Spices and herbs,22,coriander leaves dried,2.1,1.1314021114911006
2400,"Coriander, leaves, fresh",Spices and herbs,22,coriander leaves fresh,1.2,0.7884573603642702
2401,"Coriander, leaves, fresh",Spices and herbs,22,coriander leaves fresh,0.41,0.3435897043900769
2402,"Coriander, seeds, green, dried",Spices and herbs,22,coriander seeds green dried,3.49,1.501852701754163
2403,"Cornflower, dried",Spices and herbs,22,cornflower dried,11.96,2.561867690924129
2404,"Cornflower, flower, dried",Spices and herbs,22,cornflower flower dried,8.84,2.286455711064162
2405,"Creeping jenny (Lysimachia nummularia), leaves, dried",Spices and herbs,22,creeping jenny lysimachia nummularia leaves dried,31.31,3.475376779836407
2406,"Cumin, Comino, dried ground",Spices and herbs,22,cumin comino dried ground,8.23,2.222459048514761
2407,"Cumin, dried ground",Spices and herbs,22,cumin dried ground,6.82,2.05668455455722
2408,"Cumin, dried ground",Spices and herbs,22,cumin dried ground,9.14,2.316487998163037
2409,"Cumin, dried ground",Spices and herbs,22,cumin dried ground,10.3,2.424802725718295
2410,"Cumin, Jerra, dried ground",Spices and herbs,22,cumin jerra dried ground,11.88,2.5556757206762075
2411,"Cumin, seeds, whole, dried",Spices and herbs,22,cumin seeds whole dried,2.54,1.264126727145683
2412,"Cumin, whole",Spices and herbs,22,cumin whole,2.45,1.2383742310432684
2413,"Curled parsley, fresh",Spices and herbs,22,curled parsley fresh,0.34,0.29266961396282
2414,"Curry, powder",Spices and herbs,22,curry powder,10.47,2.4397349311412793
2415,"Curry, powder",Spices and herbs,22,curry powder,14.92,2.767576180416237
2416,"Curry, powder",Spices and herbs,22,curry powder,9.98,2.3960754360813845
2417,"Curry, powder",Spices and herbs,22,curry powder,10.93,2.479056236109825
2418,"Curry, powder",Spices and herbs,22,curry powder,13.02,2.640484881606444
2419,"Curry, powder, Madras, hot, dried ground",Spices and herbs,22,curry powder madras hot dried ground,6.65,2.0347056478384444
2420,"Curry, powder, Madras, mild, dried ground",Spices and herbs,22,curry powder madras mild dried ground,7.43,2.131796772013764
2421,"Curry, powder, Premium, mild, dried ground",Spices and herbs,22,curry powder premium mild dried ground,4.17,1.6428726885203377
2422,"Dame's violet, dried",Spices and herbs,22,dame s violet dried,22.63,3.1625170911988163
2423,"Dandelion, flower, dried",Spices and herbs,22,dandelion flower dried,12.72,2.6188546222977394
2424,"Dandelion, leaves",Spices and herbs,22,dandelion leaves,6.89,2.065596134857783
2425,"Dandelion, leaves, dried",Spices and herbs,22,dandelion leaves dried,21.07,3.094219220268645
2426,"Dandelion, root",Spices and herbs,22,dandelion root,4.91,1.776645831418007
2427,"Devil's‐bit, dried",Spices and herbs,22,devil sbit dried,30.18,3.4397768636296306
2428,"Dill, dried",Spices and herbs,22,dill dried,20.23,3.055415275715165
2429,"Dill, dried",Spices and herbs,22,dill dried,24.47,3.2375012889913655
2430,"Dill, dried",Spices and herbs,22,dill dried,15.94,2.8296776892239084
2431,"Dill, dried",Spices and herbs,22,dill dried,2.79,1.332366019094335
2432,"Dill, dried",Spices and herbs,22,dill dried,2.68,1.3029127521808397
2433,"Dill, fresh",Spices and herbs,22,dill fresh,1.39,0.8712933659434192
2434,"Dill, fresh",Spices and herbs,22,dill fresh,2.18,1.1568811967920856
2435,"Dill, seeds",Spices and herbs,22,dill seeds,3.37,1.4747630091074988
2436,"Dwarf birch, leaves, dried",Spices and herbs,22,dwarf birch leaves dried,86.22,4.46843366241462
2437,"English ivy, leaves, dried",Spices and herbs,22,english ivy leaves dried,27.98,3.3666059368925363
2438,"Estragon, dried",Spices and herbs,22,estragon dried,43.31,3.7912103852113983
2439,"Estragon, dried",Spices and herbs,22,estragon dried,13.63,2.683074215032033
2440,"Estragon, french, leaves, dried",Spices and herbs,22,estragon french leaves dried,43.22,3.7891771754293
2441,"Estragon, russian, leaves, dried",Spices and herbs,22,estragon russian leaves dried,44.75,3.8231917917215306
2442,"European golden rod, dried",Spices and herbs,22,european golden rod dried,28.43,3.382014562245381
2443,"Fakouhoye leaves, dried",Spices and herbs,22,fakouhoye leaves dried,10.2,2.4159137783010487
2444,"Fennel, leaves, dried",Spices and herbs,22,fennel leaves dried,18.91,2.991222118076105
2445,"Fennel, whole seeds, dried",Spices and herbs,22,fennel whole seeds dried,5.84,1.922787731634459
2446,"Fenugreek, seeds",Spices and herbs,22,fenugreek seeds,2.09,1.128171090909654
2447,"Fenugreek, whole",Spices and herbs,22,fenugreek whole,1.67,0.9820784724121581
2448,"Field bindweed, dried",Spices and herbs,22,field bindweed dried,17.51,2.9183111265854063
2449,"Field forget‐me‐not, dried",Spices and herbs,22,field forgetmenot dried,28.15,3.3724549127965013
2450,"Field horsetail (Equisetum arvense), leaves, dried",Spices and herbs,22,field horsetail equisetum arvense leaves dried,9.41,2.3427668826268775
2451,"Field restharrow (Ononis arvensis), root",Spices and herbs,22,field restharrow ononis arvensis root,10.15,2.4114394979061275
2452,"Figwort, dried",Spices and herbs,22,figwort dried,8.69,2.2710944259026746
2453,"Fir clubmoss, dried",Spices and herbs,22,fir clubmoss dried,10.58,2.449279472144849
2454,"Garden Cat‐mint (Nepeta x faassenii), dried",Spices and herbs,22,garden catmint nepeta x faassenii dried,14.18,2.719978771967484
2455,"Garlic, dried ground",Spices and herbs,22,garlic dried ground,0.8,0.5877866649021191
2456,"Garlic, dried ground",Spices and herbs,22,garlic dried ground,2.13,1.1410330045520618
2457,"Garlic, dried ground",Spices and herbs,22,garlic dried ground,1.61,0.9593502213346021
2458,"Garlic, dried ground",Spices and herbs,22,garlic dried ground,0.78,0.5766133643039938
2459,"Garlic, raw paste",Spices and herbs,22,garlic raw paste,0.08,0.07696104113612832
2460,Ginger,Spices and herbs,22,ginger,2.79,1.332366019094335
2461,Ginger,Spices and herbs,22,ginger,3.93,1.5953389880545987
2462,"Ginger (jengibre molido), dried ground",Spices and herbs,22,ginger jengibre molido dried ground,22.19,3.1437211512674406
2463,"Ginger, dried",Spices and herbs,22,ginger dried,11.31,2.510411940196362
2464,"Ginger, dried ground",Spices and herbs,22,ginger dried ground,22.12,3.1406980438041767
2465,"Ginger, dried ground",Spices and herbs,22,ginger dried ground,0.86,0.6205764877251099
2466,"Ginger, dried ground",Spices and herbs,22,ginger dried ground,24.37,3.2335673736111907
2467,"Ginger, dried ground",Spices and herbs,22,ginger dried ground,21.57,3.1166215908294443
2468,"Ginger, raw paste",Spices and herbs,22,ginger raw paste,5.33,1.8453002361560848
2469,"Grass‐of‐Parnasuss (Parnassia palustris), dried",Spices and herbs,22,grassofparnasuss parnassia palustris dried,52.27,3.9753733209289077
2470,"Greater burdock, root",Spices and herbs,22,greater burdock root,14.26,2.725235025856311
2471,"Greater plantain, leaves, dried",Spices and herbs,22,greater plantain leaves dried,22.03,3.136797713832594
2472,"Green mint, leaves, dried",Spices and herbs,22,green mint leaves dried,142.58,4.966892371148337
2473,"Grey alder (Alnus incana), leaves, dried",Spices and herbs,22,grey alder alnus incana leaves dried,59.27,4.098834467494953
2474,"Ground‐ivy (Glechoma hederacea), dried",Spices and herbs,22,groundivy glechoma hederacea dried,31.72,3.487986511734546
2475,"Hazel, leaves, dried",Spices and herbs,22,hazel leaves dried,35.51,3.5975861956675455
2476,"Heather, flower, dried",Spices and herbs,22,heather flower dried,56.98,4.06009812349351
2477,"Hoary plantain, leaves, dried",Spices and herbs,22,hoary plantain leaves dried,29.35,3.4127965175055075
2478,"Hollyhock, flower and leaves, dried",Spices and herbs,22,hollyhock flower and leaves dried,10.16,2.412335956953165
2479,"Hop, cone",Spices and herbs,22,hop cone,30.96,3.464485120898074
2480,"Hops, leaves, dried",Spices and herbs,22,hops leaves dried,35.28,3.591266625246936
2481,"Horehound (Marrubium vulgare), dried",Spices and herbs,22,horehound marrubium vulgare dried,12.49,2.6019486702196644
2482,"Hound's tongue, leaves, dried",Spices and herbs,22,hound s tongue leaves dried,32.65,3.5160130560907366
2483,"Houseleek, dried",Spices and herbs,22,houseleek dried,5.24,1.8309801823813363
2484,"Hyssop, flower, dried",Spices and herbs,22,hyssop flower dried,52.29,3.975748696308691
2485,"Hyssop, leaves, dried",Spices and herbs,22,hyssop leaves dried,44.9,3.8264651170664994
2486,"Iceland moss (Cetraria islandica), dried",Spices and herbs,22,iceland moss cetraria islandica dried,0.71,0.5364933705145685
2487,"Imperatoria ostruthium, rhizome",Spices and herbs,22,imperatoria ostruthium rhizome,27.56,3.3520071374713836
2488,"Jalapeño Pepper, dried",Spices and herbs,22,jalapeno pepper dried,8.25,2.224623551524334
2489,"Japanese pepper, dried ground",Spices and herbs,22,japanese pepper dried ground,36.92,3.6354786773868213
2490,"Japanese rose, Ramanas rose, fruit shell, dried",Spices and herbs,22,japanese rose ramanas rose fruit shell dried,58.66,4.088661779086602
2491,"Juniper berries, blue, dried",Spices and herbs,22,juniper berries blue dried,19.29,3.0101281538377234
2492,"Juniper berries, coniferous litter, dried",Spices and herbs,22,juniper berries coniferous litter dried,76.77,4.353755752706852
2493,"Juniper berries, dried",Spices and herbs,22,juniper berries dried,8.89,2.2915241456346207
2494,"Juniper berries, dried",Spices and herbs,22,juniper berries dried,9.27,2.329227023940467
2495,"Juniper berries, green, dried",Spices and herbs,22,juniper berries green dried,8.42,2.2428350885882717
2496,"Juniper berries, green, dried",Spices and herbs,22,juniper berries green dried,80.26,4.397653890559581
2497,"Kaloonji, whole seeds, dried",Spices and herbs,22,kaloonji whole seeds dried,1.02,0.7030975114131134
2498,"Knotgrass, dried",Spices and herbs,22,knotgrass dried,16.62,2.8690346205080335
2499,"Lady's bedstraw, dried",Spices and herbs,22,lady s bedstraw dried,9.9,2.388762789235098
2500,"Lady's mantle, leaves, dried",Spices and herbs,22,lady s mantle leaves dried,43.31,3.7912103852113983
2501,"Lady's mantle, leaves, dried",Spices and herbs,22,lady s mantle leaves dried,24.99,3.2577118486533987
2502,"Lavender, leaves and flower, dried",Spices and herbs,22,lavender leaves and flower dried,29.61,3.421326752957321
2503,"Lemon balm (Melissa officinalis), leaves, fresh",Spices and herbs,22,lemon balm melissa officinalis leaves fresh,1.32,0.8415671856782186
2504,"Lemon balm, leaves, dried",Spices and herbs,22,lemon balm leaves dried,125.33,4.838897530841946
2505,Lemon pepper,Spices and herbs,22,lemon pepper,0.66,0.5068176023684519
2506,Lemon pepper,Spices and herbs,22,lemon pepper,1.0,0.6931471805599453
2507,"Lemon thyme, leaves and flower, dried",Spices and herbs,22,lemon thyme leaves and flower dried,92.18,4.5345331063886505
2508,"Lemon thyme, leaves, dried",Spices and herbs,22,lemon thyme leaves dried,9.22,2.3243465847755584
2509,"Liquorice, sweet‐root, root and rhizome",Spices and herbs,22,liquorice sweetroot root and rhizome,2.71,1.3110318766193438
2510,"Lovage (Levisticum officinale), leaves, dried",Spices and herbs,22,lovage levisticum officinale leaves dried,23.7,3.2068032436339315
2511,"Lovage (Levisticum officinale), leaves, dried",Spices and herbs,22,lovage levisticum officinale leaves dried,36.17,3.615501984309161
2512,"Maghaj, dried",Spices and herbs,22,maghaj dried,0.27,0.23901690047049992
2513,"Maral Root (Leuzea carthamoides), leaves, dried",Spices and herbs,22,maral root leuzea carthamoides leaves dried,69.57,4.256605125012738
2514,"Marigold (Calendula officinalis), flower and leaves, dried",Spices and herbs,22,marigold calendula officinalis flower and leaves dried,9.83,2.382320061012899
2515,"Meadowsweet (Filipendula ulmaria), dried",Spices and herbs,22,meadowsweet filipendula ulmaria dried,154.05,5.043747645546458
2516,"Meadowsweet (Filipendula ulmaria), flower and leaves, dried",Spices and herbs,22,meadowsweet filipendula ulmaria flower and leaves dried,117.77,4.777188849786149
2517,"Meadowsweet (Filipendula ulmaria), flower, dried",Spices and herbs,22,meadowsweet filipendula ulmaria flower dried,167.82,5.128833058555574
2518,"Meadowsweet (Filipendula ulmaria), leaves, dried",Spices and herbs,22,meadowsweet filipendula ulmaria leaves dried,111.3,4.721173861744397
2519,"Merian, dried",Spices and herbs,22,merian dried,53.92,4.00587758089977
2520,"Mint, dried",Spices and herbs,22,mint dried,71.95,4.289774274968795
2521,"Mint, Mentha spicata, fresh",Spices and herbs,22,mint mentha spicata fresh,1.27,0.8197798314933114
2522,"Motherworth (Leonurus cardiaca), dried",Spices and herbs,22,motherworth leonurus cardiaca dried,13.19,2.6525374911719513
2523,"Mugwort, dried",Spices and herbs,22,mugwort dried,23.79,3.210440346047099
2524,"Mullein, flower, dried",Spices and herbs,22,mullein flower dried,37.71,3.6560979645895566
2525,Mustard powder,Spices and herbs,22,mustard powder,10.3,2.424802725718295
2526,Mustard powder,Spices and herbs,22,mustard powder,10.39,2.432735777459091
2527,"Mustard seed, yellow, ground",Spices and herbs,22,mustard seed yellow ground,10.53,2.4449523342809676
2528,Mustard seeds,Spices and herbs,22,mustard seeds,3.78,1.5644405465033646
2529,"Mustard seeds, brown, whole",Spices and herbs,22,mustard seeds brown whole,6.7,2.0412203288596382
2530,"Mustard seeds, ground",Spices and herbs,22,mustard seeds ground,9.44,2.3456445824544927
2531,"Mustard seeds, yellow, whole",Spices and herbs,22,mustard seeds yellow whole,7.52,2.1424163408412245
2532,"Nettle, White Deaed, dried",Spices and herbs,22,nettle white deaed dried,18.21,2.955430976780465
2533,"Northern dock, dried",Spices and herbs,22,northern dock dried,43.61,3.797958049140173
2534,"Northern dock, root",Spices and herbs,22,northern dock root,56.69,4.055083848268798
2535,"Nutmeg (Jalwatri), dried",Spices and herbs,22,nutmeg jalwatri dried,19.42,3.01651481273652
2536,"Nutmeg, dried",Spices and herbs,22,nutmeg dried,33.0,3.5263605246161616
2537,"Nutmeg, dried ground",Spices and herbs,22,nutmeg dried ground,20.32,3.0596455992976437
2538,"Nutmeg, dried ground",Spices and herbs,22,nutmeg dried ground,43.52,3.795938526407344
2539,"Nutmeg, whole, dried",Spices and herbs,22,nutmeg whole dried,15.83,2.8231630082027146
2540,"Onion, dried ground",Spices and herbs,22,onion dried ground,0.95,0.6678293725756554
2541,"Oregano (oregano entero), dried",Spices and herbs,22,oregano oregano entero dried,73.77,4.314416735011824
2542,"Oregano, dried",Spices and herbs,22,oregano dried,40.3,3.720862499966987
2543,"Oregano, dried",Spices and herbs,22,oregano dried,45.58,3.841171264456195
2544,"Oregano, dried",Spices and herbs,22,oregano dried,89.51,4.505460341839079
2545,"Oregano, dried",Spices and herbs,22,oregano dried,47.64,3.8844462376579116
2546,"Oregano, dried",Spices and herbs,22,oregano dried,96.64,4.581287245524759
2547,"Oregano, dried",Spices and herbs,22,oregano dried,48.02,3.8922283780999667
2548,"Oregano, dried",Spices and herbs,22,oregano dried,44.99,3.8284239815518326
2549,"Oregano, dried",Spices and herbs,22,oregano dried,21.42,3.109953417644014
2550,"Oregano, dried",Spices and herbs,22,oregano dried,82.61,4.426163130161966
2551,"Oregano, fresh",Spices and herbs,22,oregano fresh,3.75,1.55814461804655
2552,"Oregano, fresh",Spices and herbs,22,oregano fresh,3.81,1.5706970841176697
2553,"Orpine (Sedum telephium), rhizome",Spices and herbs,22,orpine sedum telephium rhizome,57.83,4.0746519288763645
2554,"Paprika (powder), dried ground",Spices and herbs,22,paprika powder dried ground,6.78,2.0515563381903004
2555,"Paprika (powder), dried ground",Spices and herbs,22,paprika powder dried ground,8.6,2.2617630984737906
2556,"Paprika (powder), dried ground",Spices and herbs,22,paprika powder dried ground,5.93,1.9358598132018119
2557,"Paprika (powder), dried ground",Spices and herbs,22,paprika powder dried ground,7.44,2.1329823086078656
2558,"Paprika (powder), dried ground",Spices and herbs,22,paprika powder dried ground,8.08,2.206074192613202
2559,"Paprika, (powder), dried ground",Spices and herbs,22,paprika powder dried ground,5.59,1.8855533485144158
2560,"Paprika, (powder), red, dried ground",Spices and herbs,22,paprika powder red dried ground,5.75,1.9095425048844383
2561,"Parsely, big leaves, fresh",Spices and herbs,22,parsely big leaves fresh,1.93,1.0750024230289759
2562,Parsley,Spices and herbs,22,parsley,1.12,0.7514160886839212
2563,Parsley,Spices and herbs,22,parsley,0.86,0.6205764877251099
2564,Parsley,Spices and herbs,22,parsley,1.22,0.7975071958841881
2565,Parsley,Spices and herbs,22,parsley,2.0,1.0986122886681096
2566,"Parsley, big leaves, fresh",Spices and herbs,22,parsley big leaves fresh,2.03,1.1085626195212777
2567,"Parsley, dried",Spices and herbs,22,parsley dried,3.72,1.551808799597464
2568,"Parsley, dried",Spices and herbs,22,parsley dried,7.43,2.131796772013764
2569,"Parsley, dried",Spices and herbs,22,parsley dried,10.09,2.4060438013622756
2570,"Parsley, dried",Spices and herbs,22,parsley dried,3.64,1.534714366238164
2571,"Parsley, dried",Spices and herbs,22,parsley dried,3.81,1.5706970841176697
2572,"Parsley, dried",Spices and herbs,22,parsley dried,8.23,2.222459048514761
2573,"Pepper (pimenta dulce molida), dried ground",Spices and herbs,22,pepper pimenta dulce molida dried ground,50.96,3.9504741918023987
2574,"Pepper, black (pimenta negra molida), dried ground",Spices and herbs,22,pepper black pimenta negra molida dried ground,5.08,1.8050046959780757
2575,"Pepper, black, dried ground",Spices and herbs,22,pepper black dried ground,6.68,2.038619547159581
2576,"Pepper, black, dried ground",Spices and herbs,22,pepper black dried ground,6.65,2.0347056478384444
2577,"Pepper, black, dried ground",Spices and herbs,22,pepper black dried ground,8.71,2.2731562823032334
2578,"Pepper, black, dried ground",Spices and herbs,22,pepper black dried ground,4.54,1.7119945007591926
2579,"Pepper, black, whole, dried",Spices and herbs,22,pepper black whole dried,4.15,1.6389967146756448
2580,"Pepper, black, whole, dried",Spices and herbs,22,pepper black whole dried,4.34,1.6752256529721035
2581,"Pepper, dark green ""berries"" on the stem, fresh",Spices and herbs,22,pepper dark green berries on the stem fresh,0.26,0.23111172096338664
2582,"Pepper, green ""berries"" on the stem, fresh",Spices and herbs,22,pepper green berries on the stem fresh,0.46,0.3784364357202451
2583,"Pepper, white, dried ground",Spices and herbs,22,pepper white dried ground,3.92,1.5933085305042167
2584,"Pepper, white, dried ground",Spices and herbs,22,pepper white dried ground,5.02,1.7950872593207297
2585,"Pepper, white, whole",Spices and herbs,22,pepper white whole,3.49,1.501852701754163
2586,"Peppermint, leaves, dried",Spices and herbs,22,peppermint leaves dried,160.82,5.086484606379694
2587,"Pepperwort, garden cress, fresh",Spices and herbs,22,pepperwort garden cress fresh,2.42,1.2296405510745139
2588,"Perforate St. John's wort, flower and leaves, dried",Spices and herbs,22,perforate st john s wort flower and leaves dried,54.37,4.014037930834876
2589,"Piffi, dried ground",Spices and herbs,22,piffi dried ground,0.61,0.4762341789963716
2590,"Piri Piri, dried ground",Spices and herbs,22,piri piri dried ground,9.39,2.340843805111136
2591,"Piri‐piri, dried",Spices and herbs,22,piripiri dried,6.51,2.0162354657760435
2592,"Pot marigold, flower, dried",Spices and herbs,22,pot marigold flower dried,11.47,2.523325759691945
2593,"Purple Coneflower, flower and leaves, dried",Spices and herbs,22,purple coneflower flower and leaves dried,16.09,2.8384934971274993
2594,"Purple Loosestrife (Lythrum salicaria), flower and leaves, dried",Spices and herbs,22,purple loosestrife lythrum salicaria flower and leaves dried,111.04,4.718855950391908
2595,"Quack grass, rootstock (Elytrigia repens, rhizome)",Spices and herbs,22,quack grass rootstock elytrigia repens rhizome,0.88,0.6312717768418579
2596,"Rai, dried",Spices and herbs,22,rai dried,2.84,1.3454723665996355
2597,"Raspberry, leaves, dried",Spices and herbs,22,raspberry leaves dried,46.89,3.868906714354518
2598,"Raspberry, leaves, dried",Spices and herbs,22,raspberry leaves dried,32.56,3.5133348815990053
2599,"Raspberry, leaves, fresh",Spices and herbs,22,raspberry leaves fresh,21.36,3.1072736482868986
2600,"Red clover, flower, dried",Spices and herbs,22,red clover flower dried,39.92,3.711618941083426
2601,"Red wortleberries, leaves, dried",Spices and herbs,22,red wortleberries leaves dried,102.07,4.635408369048701
2602,"Red‐berried elder, leaves, dried",Spices and herbs,22,redberried elder leaves dried,56.66,4.054563692210256
2603,"Ribwort, leaves, dried",Spices and herbs,22,ribwort leaves dried,34.81,3.5782271840103412
2604,"Rose, flower, dried",Spices and herbs,22,rose flower dried,153.9,5.042779747422823
2605,"Rose‐bay, leaves, dried",Spices and herbs,22,rosebay leaves dried,101.33,4.628202885098664
2606,"Rose‐bay, willow herb flower, dried",Spices and herbs,22,rosebay willow herb flower dried,93.48,4.548388171889107
2607,"Rose‐bay, willow herb, flower and leaves, dried",Spices and herbs,22,rosebay willow herb flower and leaves dried,120.99,4.803939074160646
2608,"Rosemary, dried",Spices and herbs,22,rosemary dried,35.81,3.60576954739093
2609,"Rosemary, dried",Spices and herbs,22,rosemary dried,66.92,4.218330542003092
2610,"Rosemary, fresh",Spices and herbs,22,rosemary fresh,5.64,1.8931119634883424
2611,"Rosemary, fresh leaves",Spices and herbs,22,rosemary fresh leaves,11.07,2.4907230351094403
2612,"Rosemary, fresh leaves",Spices and herbs,22,rosemary fresh leaves,6.34,1.9933388426264242
2613,"Rosemary, leaves, dried",Spices and herbs,22,rosemary leaves dried,56.95,4.05958056978576
2614,"Rosemary, leaves, dried",Spices and herbs,22,rosemary leaves dried,39.99,3.7133281345162463
2615,"Rosemary, leaves, dried",Spices and herbs,22,rosemary leaves dried,24.34,3.232384174892993
2616,"Roseroot, fresh",Spices and herbs,22,roseroot fresh,5.63,1.891604804197771
2617,"Saffron, Balaji, dried ground",Spices and herbs,22,saffron balaji dried ground,23.83,3.2120525995200753
2618,"Saffron, dried ground",Spices and herbs,22,saffron dried ground,61.72,4.138680376042152
2619,"Saffron, dried ground",Spices and herbs,22,saffron dried ground,47.83,3.888344878073569
2620,"Saffron, stigma",Spices and herbs,22,saffron stigma,7.02,2.081938421878423
2621,"Saffron, stigma",Spices and herbs,22,saffron stigma,24.83,3.251536607107749
2622,"Saffron, stigma",Spices and herbs,22,saffron stigma,20.58,3.0717669598299886
2623,"Sage, dried",Spices and herbs,22,sage dried,34.88,3.5801800371905954
2624,"Sage, dried",Spices and herbs,22,sage dried,58.8,4.091005660956586
2625,"Sage, leaves, dried",Spices and herbs,22,sage leaves dried,39.36,3.6978391954854084
2626,"Sanguisorba officinalis, dried",Spices and herbs,22,sanguisorba officinalis dried,33.37,3.5371840908617425
2627,"Saunf, big, dried",Spices and herbs,22,saunf big dried,7.09,2.0906287310704004
2628,"Saunf, small, dried",Spices and herbs,22,saunf small dried,6.46,2.0095554142156695
2629,"Scented mayweed, flower, dried",Spices and herbs,22,scented mayweed flower dried,16.63,2.869601996409779
2630,"Shah jerra, dried",Spices and herbs,22,shah jerra dried,5.34,1.8468787684491346
2631,"Shepherd's purse, dried",Spices and herbs,22,shepherd s purse dried,5.52,1.8748743759385615
2632,"Silverweed, dried",Spices and herbs,22,silverweed dried,35.79,3.605226069116683
2633,"Small‐leaved lime, flower, dried",Spices and herbs,22,smallleaved lime flower dried,34.83,3.5787855313168624
2634,"Somage, dried ground",Spices and herbs,22,somage dried ground,85.58,4.461068842013835
2635,"Sorrel, leaves, dried",Spices and herbs,22,sorrel leaves dried,19.52,3.021400020302569
2636,"Sorrel, Wood (Oxalis acetosella), dried",Spices and herbs,22,sorrel wood oxalis acetosella dried,6.54,2.020222182019865
2637,"Southernwood, flower, stem and leaves, dried",Spices and herbs,22,southernwood flower stem and leaves dried,34.88,3.5801800371905954
2638,"Spanish chervil, leaves, dried",Spices and herbs,22,spanish chervil leaves dried,54.96,4.024637149797281
2639,"Speedwell, dried",Spices and herbs,22,speedwell dried,94.79,4.5621582953948
2640,"Spice mix, Kjøkkensjef Natvigs",Spices and herbs,22,spice mix kjkkensjef natvigs,0.39,0.3293037471426004
2641,"Spice mix, Aromat",Spices and herbs,22,spice mix aromat,0.27,0.23901690047049992
2642,"Spice mix, Gastromat",Spices and herbs,22,spice mix gastromat,0.6,0.4700036292457356
2643,"Spicemix, taco",Spices and herbs,22,spicemix taco,2.63,1.2892326482767593
2644,"Spicemix, taco, original, TexMex",Spices and herbs,22,spicemix taco original texmex,4.11,1.631199404215613
2645,"Spicemix, tacos",Spices and herbs,22,spicemix tacos,3.8,1.5686159179138452
2646,"Spruce, leaves, dried",Spices and herbs,22,spruce leaves dried,29.31,3.4114776910697118
2647,"St. John's wort, flower and leaves, dried",Spices and herbs,22,st john s wort flower and leaves dried,72.16,4.292648823522665
2648,"Star anise, dried",Spices and herbs,22,star anise dried,11.3,2.509599262378372
2649,"Stevia Drypp, juice from fermented leaves",Spices and herbs,22,stevia drypp juice from fermented leaves,3.28,1.4539530095937054
2650,"Stevia rebaudiana, dried leaves",Spices and herbs,22,stevia rebaudiana dried leaves,63.55,4.167440117292651
2651,"Stevia rebaudiana, fermented leaves",Spices and herbs,22,stevia rebaudiana fermented leaves,3.17,1.4279160358107101
2652,"Stevia rebaudiana, leaves",Spices and herbs,22,stevia rebaudiana leaves,6.27,1.9837562915454279
2653,"Stevia rebaudiana, leaves",Spices and herbs,22,stevia rebaudiana leaves,14.25,2.7245795030534206
2654,"Stinging nettle, dried",Spices and herbs,22,stinging nettle dried,13.09,2.645465325910589
2655,"Stinging nettle, leaves",Spices and herbs,22,stinging nettle leaves,3.66,1.5390154481375546
2656,"Sugar kelp, dried, Kombu Royal",Spices and herbs,22,sugar kelp dried kombu royal,0.26,0.23111172096338664
2657,"Summac, dried ground",Spices and herbs,22,summac dried ground,42.36,3.769537357131391
2658,"Summer savory, leaves and flower, dried",Spices and herbs,22,summer savory leaves and flower dried,59.66,4.105284502260435
2659,"Sundew (Drosera angelica), dried",Spices and herbs,22,sundew drosera angelica dried,79.02,4.382276603429089
2660,"Sundew (Drosera rotundifolia), dried",Spices and herbs,22,sundew drosera rotundifolia dried,85.97,4.465563231601674
2661,"Sweet marjoram, leaves, dried",Spices and herbs,22,sweet marjoram leaves dried,92.31,4.535927283245931
2662,Tamarind,Spices and herbs,22,tamarind,3.5,1.5040773967762742
2663,"Tansy, flower, dried",Spices and herbs,22,tansy flower dried,30.71,3.456632088550256
2664,"Tej Pata (bay leaves), dried",Spices and herbs,22,tej pata bay leaves dried,18.54,2.972463646614637
2665,"Thribi, dried",Spices and herbs,22,thribi dried,42.56,3.77413929806476
2666,"Thyme, dried",Spices and herbs,22,thyme dried,63.75,4.1705337005796475
2667,"Thyme, dried",Spices and herbs,22,thyme dried,42.0,3.7612001156935624
2668,"Thyme, dried",Spices and herbs,22,thyme dried,63.13,4.160912273160772
2669,"Thyme, fresh",Spices and herbs,22,thyme fresh,2.16,1.1505720275988207
2670,"Thyme, fresh leaves",Spices and herbs,22,thyme fresh leaves,2.65,1.2947271675944
2671,"Thyme, fresh leaves",Spices and herbs,22,thyme fresh leaves,1.46,0.9001613499442714
2672,"Trembling poplar, Aspen, leaves, dried",Spices and herbs,22,trembling poplar aspen leaves dried,26.65,3.3196257279683437
2673,"Turmeric, dried ground",Spices and herbs,22,turmeric dried ground,15.68,2.8142103969306005
2674,"Turmeric, dried ground",Spices and herbs,22,turmeric dried ground,10.25,2.4203681286504293
2675,"Turmeric, dried ground",Spices and herbs,22,turmeric dried ground,10.92,2.4782176616372036
2676,"Turmeric, dried ground",Spices and herbs,22,turmeric dried ground,10.55,2.446685436967803
2677,"Turmeric, dried ground",Spices and herbs,22,turmeric dried ground,15.63,2.8112082932048366
2678,"Turmeric, Haldi, dried ground",Spices and herbs,22,turmeric haldi dried ground,11.83,2.551786178627545
2679,"Turmeric, whole, dried",Spices and herbs,22,turmeric whole dried,13.6,2.681021528714291
2680,"Vanilla pod, seeds from pod",Spices and herbs,22,vanilla pod seeds from pod,3.73,1.5539252025038417
2681,"Vanilla pod, seeds from pod",Spices and herbs,22,vanilla pod seeds from pod,5.15,1.8164520818184267
2682,"Vanilla pod, whole with seeds",Spices and herbs,22,vanilla pod whole with seeds,7.13,2.0955609235597192
2683,"Vanilla pod, whole with seeds",Spices and herbs,22,vanilla pod whole with seeds,7.38,2.1258479144939915
2684,"Vanilla pod, whole with seeds",Spices and herbs,22,vanilla pod whole with seeds,7.16,2.0992441689760155
2685,"Vanilla pod, without seeds",Spices and herbs,22,vanilla pod without seeds,10.09,2.4060438013622756
2686,"Vanilla pod, without seeds",Spices and herbs,22,vanilla pod without seeds,8.69,2.2710944259026746
2687,"Vanilla pod, without seeds",Spices and herbs,22,vanilla pod without seeds,8.5,2.2512917986064953
2688,"Vanilla, seeds from pod",Spices and herbs,22,vanilla seeds from pod,2.59,1.2781522025001875
2689,"Viola canina, leaves, dried",Spices and herbs,22,viola canina leaves dried,12.9,2.631888840136646
2690,"Wall germander (Teucrium chamaedrys), dried",Spices and herbs,22,wall germander teucrium chamaedrys dried,48.14,3.894673367093033
2691,"Wasabi, paste",Spices and herbs,22,wasabi paste,0.11,0.10436001532424277
2692,"Wild marjoram, leaves, dried",Spices and herbs,22,wild marjoram leaves dried,131.92,4.889747443486393
2693,"Wild marjoram, leaves, dried",Spices and herbs,22,wild marjoram leaves dried,142.86,4.96884060443921
2694,"Woodland geranium (Geranium sylvaticum), dried",Spices and herbs,22,woodland geranium geranium sylvaticum dried,113.27,4.738564069158622
2695,"Wormwood, absinth, dried",Spices and herbs,22,wormwood absinth dried,10.42,2.435366204227864
2696,"Wych elm, leaves, dried",Spices and herbs,22,wych elm leaves dried,15.65,2.812410216426453
2697,"Yarrow, flower and leaves, dried",Spices and herbs,22,yarrow flower and leaves dried,31.66,3.486151087542319
2698,"Yarrow, flower, dried",Spices and herbs,22,yarrow flower dried,18.61,2.976039640208255
2699,"Yellow Loosestrife (Lysimacha vulgaris), leaves, dried",Spices and herbs,22,yellow loosestrife lysimacha vulgaris leaves dried,72.96,4.303524406518924
2700,"Yellow sweet clover, flower and leaves, dried",Spices and herbs,22,yellow sweet clover flower and leaves dried,5.14,1.814824742159051
2701,Alfa sprouts,Vegetables,23,alfa sprouts,0.14,0.1310282624064041
2702,Artichoke,Vegetables,23,artichoke,0.69,0.5247285289349821
2703,"Artichoke, boiled",Vegetables,23,artichoke boiled,3.89,1.5871923034867808
2704,"Artichoke, boiled",Vegetables,23,artichoke boiled,4.54,1.7119945007591926
2705,"Artichoke, brine pack",Vegetables,23,artichoke brine pack,3.36,1.4724720573609429
2706,"Artichoke, canned",Vegetables,23,artichoke canned,4.76,1.7509374747077997
2707,"Artichoke, leaves",Vegetables,23,artichoke leaves,1.66,0.9783261227936076
2708,"Artichoke, microwaved",Vegetables,23,artichoke microwaved,4.69,1.7387102481382395
2709,"Artichoke, water pack",Vegetables,23,artichoke water pack,4.32,1.6714733033535532
2710,Asparagus,Vegetables,23,asparagus,0.36,0.3074846997479606
2711,Asparagus,Vegetables,23,asparagus,0.85,0.6151856390902335
2712,"Asparagus bean, frozen",Vegetables,23,asparagus bean frozen,0.34,0.29266961396282
2713,"Asparagus bean, frozen, cooked",Vegetables,23,asparagus bean frozen cooked,0.24,0.2151113796169455
2714,"Asparagus, cooked",Vegetables,23,asparagus cooked,0.75,0.5596157879354227
2715,Aubergine,Vegetables,23,aubergine,0.25,0.22314355131420976
2716,Aubergine,Vegetables,23,aubergine,0.07,0.06765864847381481
2717,Aubergine,Vegetables,23,aubergine,0.18,0.16551443847757338
2718,"Aubergine, native, red",Vegetables,23,aubergine native red,0.17,0.15700374880966475
2719,"Aubergine, native, white",Vegetables,23,aubergine native white,0.07,0.06765864847381481
2720,Avocado,Vegetables,23,avocado,0.41,0.3435897043900769
2721,Avocado,Vegetables,23,avocado,0.44,0.36464311358790924
2722,Baby carrots,Vegetables,23,baby carrots,0.04,0.039220713153281295
2723,"Beans with tomato sauce, canned",Vegetables,23,beans with tomato sauce canned,0.16,0.14842000511827327
2724,Beet (beetroot),Vegetables,23,beet beetroot,1.68,0.9858167945227653
2725,Beet (beetroot),Vegetables,23,beet beetroot,1.41,0.8796267475025636
2726,Broccoli,Vegetables,23,broccoli,0.85,0.6151856390902335
2727,Broccoli,Vegetables,23,broccoli,0.25,0.22314355131420976
2728,Broccoli,Vegetables,23,broccoli,0.68,0.5187937934151676
2729,Broccoli,Vegetables,23,broccoli,0.3,0.26236426446749106
2730,Broccoli raab,Vegetables,23,broccoli raab,0.65,0.5007752879124893
2731,"Broccoli raab, cooked",Vegetables,23,broccoli raab cooked,0.97,0.6780335427498971
2732,"Broccoli, cooked",Vegetables,23,broccoli cooked,0.91,0.6471032420585385
2733,"Broccoli, cooked",Vegetables,23,broccoli cooked,1.0,0.6931471805599453
2734,"Brussels sprout, Content",Vegetables,23,brussels sprout content,0.74,0.5538851132264376
2735,Brussels sprouts,Vegetables,23,brussels sprouts,0.89,0.636576829071551
2736,Brussels sprouts,Vegetables,23,brussels sprouts,1.33,0.8458682675776092
2737,Cabbage,Vegetables,23,cabbage,0.15,0.13976194237515868
2738,Cabbage,Vegetables,23,cabbage,0.1,0.09531017980432487
2739,Cabbage,Vegetables,23,cabbage,0.02,0.019802627296179712
2740,"Cabbage, cooked",Vegetables,23,cabbage cooked,0.45,0.37156355643248307
2741,"Cabbage, Lady",Vegetables,23,cabbage lady,0.1,0.09531017980432487
2742,"Cabbage, red",Vegetables,23,cabbage red,1.78,1.0224509277025458
2743,"Cabbage, red",Vegetables,23,cabbage red,0.8,0.5877866649021191
2744,"Cabbage, red",Vegetables,23,cabbage red,1.61,0.9593502213346021
2745,"Cabbage, red, Autoro",Vegetables,23,cabbage red autoro,2.09,1.128171090909654
2746,"Cabbage, red, cooked",Vegetables,23,cabbage red cooked,2.15,1.1474024528375417
2747,"Cabbage, red, from packaged Classic Iceberg salad, chopped",Vegetables,23,cabbage red from packaged classic iceberg salad chopped,1.05,0.7178397931503169
2748,Cantaloupe,Vegetables,23,cantaloupe,0.25,0.22314355131420976
2749,Carrot drink,Vegetables,23,carrot drink,0.28,0.2468600779315258
2750,Carrot juice,Vegetables,23,carrot juice,0.06,0.058268908123975775
2751,Carrots,Vegetables,23,carrots,0.06,0.058268908123975775
2752,Carrots,Vegetables,23,carrots,0.09,0.08617769624105233
2753,Carrots,Vegetables,23,carrots,0.02,0.019802627296179712
2754,Carrots,Vegetables,23,carrots,0.03,0.0295588022415444
2755,"Carrots, cooked",Vegetables,23,carrots cooked,0.1,0.09531017980432487
2756,"Carrots, cut, frozen",Vegetables,23,carrots cut frozen,0.05,0.04879016416943201
2757,"Carrots, cut, frozen",Vegetables,23,carrots cut frozen,0.06,0.058268908123975775
2758,"Carrots, cut, frozen, boiled",Vegetables,23,carrots cut frozen boiled,0.07,0.06765864847381481
2759,"Carrots, cut, frozen, microwaved",Vegetables,23,carrots cut frozen microwaved,0.08,0.07696104113612832
2760,"Carrots, from packaged Classic Iceberg salad, chopped",Vegetables,23,carrots from packaged classic iceberg salad chopped,0.02,0.019802627296179712
2761,"Carrots, frozen",Vegetables,23,carrots frozen,0.07,0.06765864847381481
2762,"Carrots, frozen",Vegetables,23,carrots frozen,0.07,0.06765864847381481
2763,"Carrots, frozen, boiled",Vegetables,23,carrots frozen boiled,0.07,0.06765864847381481
2764,"Carrots, frozen, boiled",Vegetables,23,carrots frozen boiled,0.08,0.07696104113612832
2765,"Carrots, frozen, microwaved",Vegetables,23,carrots frozen microwaved,0.08,0.07696104113612832
2766,"Carrots, frozen, microwaved",Vegetables,23,carrots frozen microwaved,0.09,0.08617769624105233
2767,"Carrots, Nantes Duke",Vegetables,23,carrots nantes duke,0.05,0.04879016416943201
2768,"Carrots, red, in syrup",Vegetables,23,carrots red in syrup,0.15,0.13976194237515868
2769,"Carrots, Yukon",Vegetables,23,carrots yukon,0.06,0.058268908123975775
2770,Cassava,Vegetables,23,cassava,0.17,0.15700374880966475
2771,Cauliflower,Vegetables,23,cauliflower,0.35,0.30010459245033805
2772,Cauliflower,Vegetables,23,cauliflower,0.33,0.2851789422336624
2773,"Cauliflower, Alverda",Vegetables,23,cauliflower alverda,0.22,0.1988508587451652
2774,"Cauliflower, blue",Vegetables,23,cauliflower blue,3.33,1.4655675420143985
2775,"Cauliflower, blue, cooked",Vegetables,23,cauliflower blue cooked,3.52,1.5085119938441398
2776,"Cauliflower, boiled",Vegetables,23,cauliflower boiled,0.8,0.5877866649021191
2777,"Cauliflower, Freemont",Vegetables,23,cauliflower freemont,0.13,0.12221763272424921
2778,"Celeriac, turnip‐rooted celery",Vegetables,23,celeriac turniprooted celery,0.1,0.09531017980432487
2779,Celery,Vegetables,23,celery,0.06,0.058268908123975775
2780,Celery,Vegetables,23,celery,0.81,0.5933268452777344
2781,"Celery, blanched",Vegetables,23,celery blanched,0.0,0.0
2782,Chinese cabbage,Vegetables,23,chinese cabbage,0.33,0.2851789422336624
2783,Chinese cabbage,Vegetables,23,chinese cabbage,0.47,0.3852624007906449
2784,Chinese cabbage,Vegetables,23,chinese cabbage,0.56,0.44468582126144574
2785,Courgettes,Vegetables,23,courgettes,0.03,0.0295588022415444
2786,Cucumber,Vegetables,23,cucumber,0.02,0.019802627296179712
2787,Cucumber,Vegetables,23,cucumber,0.04,0.039220713153281295
2788,Cucumber (Cucumis sativus),Vegetables,23,cucumber cucumis sativus,0.04,0.039220713153281295
2789,Cucumber (Cucumis sativus),Vegetables,23,cucumber cucumis sativus,0.04,0.039220713153281295
2790,Cucumber pickles,Vegetables,23,cucumber pickles,0.28,0.2468600779315258
2791,"Cucumber pickles, whole",Vegetables,23,cucumber pickles whole,0.08,0.07696104113612832
2792,"Cucumber, small, russian",Vegetables,23,cucumber small russian,0.09,0.08617769624105233
2793,"Cucumber, without peel",Vegetables,23,cucumber without peel,0.02,0.019802627296179712
2794,Curly kale,Vegetables,23,curly kale,1.62,0.9631743177730056
2795,Curly kale,Vegetables,23,curly kale,2.68,1.3029127521808397
2796,"Curly kale, Bornick",Vegetables,23,curly kale bornick,2.65,1.2947271675944
2797,"Curly kale, red",Vegetables,23,curly kale red,4.09,1.6272778305624314
2798,Edible mushroom (Agaricus bisporus/champignon),Vegetables,23,edible mushroom agaricus bisporus champignon,0.9,0.6418538861723948
2799,"Edible mushroom (Agaricus bisporus/champignon), canned",Vegetables,23,edible mushroom agaricus bisporus champignon canned,0.23,0.20701416938432615
2800,Fennel,Vegetables,23,fennel,0.07,0.06765864847381481
2801,"French fried potatoes, frozen, cooked, steak fries",Vegetables,23,french fried potatoes frozen cooked steak fries,0.27,0.23901690047049992
2802,"French fried potatoes, frozen, crinkle cut",Vegetables,23,french fried potatoes frozen crinkle cut,0.26,0.23111172096338664
2803,"French fried potatoes, frozen, crinkle cut",Vegetables,23,french fried potatoes frozen crinkle cut,0.27,0.23901690047049992
2804,"French fried potatoes, frozen, crinkle cut, cooked",Vegetables,23,french fried potatoes frozen crinkle cut cooked,0.22,0.1988508587451652
2805,"French fried potatoes, frozen, crinkle cut, cooked",Vegetables,23,french fried potatoes frozen crinkle cut cooked,0.25,0.22314355131420976
2806,"French fried potatoes, frozen, shoestring",Vegetables,23,french fried potatoes frozen shoestring,0.26,0.23111172096338664
2807,"French fried potatoes, frozen, shoestring",Vegetables,23,french fried potatoes frozen shoestring,0.38,0.32208349916911333
2808,"French fried potatoes, frozen, shoestring , cooked",Vegetables,23,french fried potatoes frozen shoestring cooked,0.34,0.29266961396282
2809,"French fried potatoes, frozen, shoestring, cooked",Vegetables,23,french fried potatoes frozen shoestring cooked,0.31,0.27002713721306015
2810,"French fried potatoes, frozen, steak fries",Vegetables,23,french fried potatoes frozen steak fries,0.23,0.20701416938432615
2811,"French fried potatoes, frozen, steak fries, cooked",Vegetables,23,french fried potatoes frozen steak fries cooked,0.21,0.1906203596086497
2812,"French fried potatoes, frozen, tater tots",Vegetables,23,french fried potatoes frozen tater tots,0.28,0.2468600779315258
2813,"French fried potatoes, frozen, tater tots, cooked",Vegetables,23,french fried potatoes frozen tater tots cooked,0.22,0.1988508587451652
2814,"French fried potatoes, frozen, tater tots, seasoned shredded potatoes",Vegetables,23,french fried potatoes frozen tater tots seasoned shredded potatoes,0.1,0.09531017980432487
2815,"French fried potatoes, frozen, tater tots, seasoned shredded potatoes, cooked",Vegetables,23,french fried potatoes frozen tater tots seasoned shredded potatoes cooked,0.13,0.12221763272424921
2816,"French fried potatoes, steak fries",Vegetables,23,french fried potatoes steak fries,0.26,0.23111172096338664
2817,French fries,Vegetables,23,french fries,0.43,0.3576744442718159
2818,French fries,Vegetables,23,french fries,0.2,0.18232155679395462
2819,French fries,Vegetables,23,french fries,0.33,0.2851789422336624
2820,French fries,Vegetables,23,french fries,0.34,0.29266961396282
2821,"French frites, light",Vegetables,23,french frites light,0.16,0.14842000511827327
2822,French toast sticks,Vegetables,23,french toast sticks,0.19,0.173953307123438
2823,Garlic,Vegetables,23,garlic,0.22,0.1988508587451652
2824,Garlic,Vegetables,23,garlic,0.06,0.058268908123975775
2825,Garlic,Vegetables,23,garlic,0.21,0.1906203596086497
2826,Garlic,Vegetables,23,garlic,0.21,0.1906203596086497
2827,Hash brown rounds,Vegetables,23,hash brown rounds,0.24,0.2151113796169455
2828,Hash browns,Vegetables,23,hash browns,0.35,0.30010459245033805
2829,Horse radish,Vegetables,23,horse radish,0.49,0.3987761199573678
2830,Horse radish,Vegetables,23,horse radish,0.68,0.5187937934151676
2831,"Leaves from the African Baobab tree, dry, crushed",Vegetables,23,leaves from the african baobab tree dry crushed,48.07,3.893247850101812
2832,Leaves of the Pumpkin plant,Vegetables,23,leaves of the pumpkin plant,1.02,0.7030975114131134
2833,Leaves of the Sweet Potato plant,Vegetables,23,leaves of the sweet potato plant,0.48,0.3920420877760237
2834,Leek,Vegetables,23,leek,0.9,0.6418538861723948
2835,Leek,Vegetables,23,leek,0.16,0.14842000511827327
2836,Leek,Vegetables,23,leek,0.25,0.22314355131420976
2837,"Lettuce, Butterhead",Vegetables,23,lettuce butterhead,0.13,0.12221763272424921
2838,"Lettuce, Crispheaded",Vegetables,23,lettuce crispheaded,0.07,0.06765864847381481
2839,"Lettuce, Endevie",Vegetables,23,lettuce endevie,0.1,0.09531017980432487
2840,"Lettuce, Green leaves",Vegetables,23,lettuce green leaves,0.24,0.2151113796169455
2841,"Lettuce, Iceberg",Vegetables,23,lettuce iceberg,0.02,0.019802627296179712
2842,"Lettuce, Iceberg",Vegetables,23,lettuce iceberg,0.17,0.15700374880966475
2843,"Lettuce, Iceberg, from packaged Classic Iceberg salad, chopped",Vegetables,23,lettuce iceberg from packaged classic iceberg salad chopped,0.01,0.009950330853168083
2844,"Lettuce, Lollo rosso",Vegetables,23,lettuce lollo rosso,0.6,0.4700036292457356
2845,"Lettuce, Red leaves",Vegetables,23,lettuce red leaves,0.23,0.20701416938432615
2846,"Lettuce, Romaine",Vegetables,23,lettuce romaine,0.21,0.1906203596086497
2847,Mixed vegetables,Vegetables,23,mixed vegetables,0.31,0.27002713721306015
2848,Mixed vegetables,Vegetables,23,mixed vegetables,0.29,0.2546422183735807
2849,Mixed vegetables,Vegetables,23,mixed vegetables,0.29,0.2546422183735807
2850,"Moringa Stenopetala, dried leaves and stem",Vegetables,23,moringa stenopetala dried leaves and stem,11.9,2.5572273113676265
2851,"Moringa Stenopetala, fresh green leaves and stem",Vegetables,23,moringa stenopetala fresh green leaves and stem,3.7,1.547562508716013
2852,Mushroom (Pholiota mutabilis),Vegetables,23,mushroom pholiota mutabilis,0.5,0.4054651081081644
2853,"Mushroom, Chanterelle, wild",Vegetables,23,mushroom chanterelle wild,0.3,0.26236426446749106
2854,"Mushroom, Crimini",Vegetables,23,mushroom crimini,0.25,0.22314355131420976
2855,"Mushroom, Edible bolete",Vegetables,23,mushroom edible bolete,0.61,0.4762341789963716
2856,"Mushroom, Enoki",Vegetables,23,mushroom enoki,0.31,0.27002713721306015
2857,"Mushroom, Enoki",Vegetables,23,mushroom enoki,0.25,0.22314355131420976
2858,"Mushroom, Enoki",Vegetables,23,mushroom enoki,0.33,0.2851789422336624
2859,"Mushroom, Funnel chantarelle, wild",Vegetables,23,mushroom funnel chantarelle wild,0.68,0.5187937934151676
2860,"Mushroom, Hedgehog fungus",Vegetables,23,mushroom hedgehog fungus,0.27,0.23901690047049992
2861,"Mushroom, Maitake",Vegetables,23,mushroom maitake,0.23,0.20701416938432615
2862,"Mushroom, Maitake",Vegetables,23,mushroom maitake,0.11,0.10436001532424277
2863,"Mushroom, Matriske (Russulaceae)",Vegetables,23,mushroom matriske russulaceae,0.8,0.5877866649021191
2864,"Mushroom, Oyster",Vegetables,23,mushroom oyster,0.06,0.058268908123975775
2865,"Mushroom, Portabella",Vegetables,23,mushroom portabella,0.22,0.1988508587451652
2866,"Mushroom, Portabella, grilled",Vegetables,23,mushroom portabella grilled,0.34,0.29266961396282
2867,"Mushroom, Sheep polypore",Vegetables,23,mushroom sheep polypore,3.85,1.578978704949392
2868,"Mushroom, Shiitake, stir‐ fried",Vegetables,23,mushroom shiitake stir fried,0.33,0.2851789422336624
2869,"Mushroom, white",Vegetables,23,mushroom white,0.38,0.32208349916911333
2870,"Mushroom, white, microwave cooked",Vegetables,23,mushroom white microwave cooked,0.43,0.3576744442718159
2871,"Mushroom, white, stir‐fried",Vegetables,23,mushroom white stirfried,0.23,0.20701416938432615
2872,Okra (Abelmoschus esculentus),Vegetables,23,okra abelmoschus esculentus,0.42,0.35065687161316933
2873,"Okra / gumbo, dry, fluor",Vegetables,23,okra gumbo dry fluor,4.24,1.6563214983329508
2874,Onion,Vegetables,23,onion,0.33,0.2851789422336624
2875,Onion,Vegetables,23,onion,0.22,0.1988508587451652
2876,Onion flakes,Vegetables,23,onion flakes,0.11,0.10436001532424277
2877,"Onion, boiled",Vegetables,23,onion boiled,0.34,0.29266961396282
2878,"Onion, red",Vegetables,23,onion red,0.71,0.5364933705145685
2879,"Onion, red, Red Baron",Vegetables,23,onion red red baron,0.67,0.5128236264286637
2880,"Onion, small",Vegetables,23,onion small,0.18,0.16551443847757338
2881,"Onion, white",Vegetables,23,onion white,0.12,0.11332868530700317
2882,"Onion, yellow",Vegetables,23,onion yellow,0.24,0.2151113796169455
2883,"Onion, yellow",Vegetables,23,onion yellow,0.64,0.49469624183610705
2884,"Onion, yellow, cooked",Vegetables,23,onion yellow cooked,0.26,0.23111172096338664
2885,Parsnip,Vegetables,23,parsnip,0.11,0.10436001532424277
2886,Parsnip,Vegetables,23,parsnip,0.08,0.07696104113612832
2887,"Pepper, bell‐, green",Vegetables,23,pepper bell green,1.56,0.9400072584914712
2888,"Pepper, bell‐, green",Vegetables,23,pepper bell green,0.44,0.36464311358790924
2889,"Pepper, bell‐, orange",Vegetables,23,pepper bell orange,1.94,1.0784095813505903
2890,"Pepper, bell‐, red",Vegetables,23,pepper bell red,1.81,1.0331844833456545
2891,"Pepper, bell‐, yellow",Vegetables,23,pepper bell yellow,1.79,1.0260415958332743
2892,"Pepper, green",Vegetables,23,pepper green,0.26,0.23111172096338664
2893,"Pepper, green, cooked",Vegetables,23,pepper green cooked,1.22,0.7975071958841881
2894,"Pepper, red",Vegetables,23,pepper red,0.91,0.6471032420585385
2895,"Pepper, red, cooked",Vegetables,23,pepper red cooked,1.64,0.9707789171582247
2896,"Pickle, just the solution from cucumber pickles",Vegetables,23,pickle just the solution from cucumber pickles,0.15,0.13976194237515868
2897,"Pickle, just the solution from cucumber pickles (whole)",Vegetables,23,pickle just the solution from cucumber pickles whole,0.07,0.06765864847381481
2898,"Potato, blue, Congo",Vegetables,23,potato blue congo,0.93,0.6575200029167942
2899,Potatoes,Vegetables,23,potatoes,0.13,0.12221763272424921
2900,"Potatoes, Beate",Vegetables,23,potatoes beate,0.06,0.058268908123975775
2901,"Potatoes, red",Vegetables,23,potatoes red,0.22,0.1988508587451652
2902,"Potatoes, red, cooked",Vegetables,23,potatoes red cooked,0.45,0.37156355643248307
2903,"Potatoes, Roseval",Vegetables,23,potatoes roseval,0.08,0.07696104113612832
2904,"Potatoes, Russet",Vegetables,23,potatoes russet,0.42,0.35065687161316933
2905,"Potatoes, Russet, cooked",Vegetables,23,potatoes russet cooked,0.5,0.4054651081081644
2906,"Potatoes, white",Vegetables,23,potatoes white,0.19,0.173953307123438
2907,"Potatoes, white, cooked",Vegetables,23,potatoes white cooked,0.43,0.3576744442718159
2908,Pumpkin,Vegetables,23,pumpkin,0.05,0.04879016416943201
2909,Pumpkins,Vegetables,23,pumpkins,0.02,0.019802627296179712
2910,Radishes,Vegetables,23,radishes,0.12,0.11332868530700317
2911,Radishes,Vegetables,23,radishes,0.39,0.3293037471426004
2912,Radishes,Vegetables,23,radishes,0.4,0.33647223662121295
2913,Rhubarb,Vegetables,23,rhubarb,0.62,0.4824261492442927
2914,Savoy cabbage,Vegetables,23,savoy cabbage,0.42,0.35065687161316933
2915,"Savoy cabbage, Taler",Vegetables,23,savoy cabbage taler,0.4,0.33647223662121295
2916,Spinach,Vegetables,23,spinach,0.89,0.636576829071551
2917,"Spinach, chopped, frozen",Vegetables,23,spinach chopped frozen,0.97,0.6780335427498971
2918,"Spinach, chopped, frozen",Vegetables,23,spinach chopped frozen,1.0,0.6931471805599453
2919,"Spinach, chopped, frozen",Vegetables,23,spinach chopped frozen,1.01,0.6981347220709844
2920,"Spinach, chopped, frozen, boiled",Vegetables,23,spinach chopped frozen boiled,0.99,0.688134638736401
2921,"Spinach, chopped, frozen, boiled",Vegetables,23,spinach chopped frozen boiled,1.13,0.7561219797213337
2922,"Spinach, chopped, frozen, microvawe cooked",Vegetables,23,spinach chopped frozen microvawe cooked,1.1,0.7419373447293773
2923,"Spinach, chopped, frozen, microvawe cooked",Vegetables,23,spinach chopped frozen microvawe cooked,1.21,0.7929925155296614
2924,"Spinach, frozen",Vegetables,23,spinach frozen,1.31,0.8372475245337022
2925,"Spinach, frozen",Vegetables,23,spinach frozen,1.17,0.7747271675523681
2926,"Spinach, frozen, boiled",Vegetables,23,spinach frozen boiled,1.1,0.7419373447293773
2927,"Spinach, frozen, boiled",Vegetables,23,spinach frozen boiled,1.11,0.7466879474879752
2928,"Spinach, frozen, microwave cooked",Vegetables,23,spinach frozen microwave cooked,1.31,0.8372475245337022
2929,"Spinach, frozen, microwave cooked",Vegetables,23,spinach frozen microwave cooked,1.35,0.8544153281560676
2930,Sugar peas,Vegetables,23,sugar peas,0.64,0.49469624183610705
2931,"Summer squash, green",Vegetables,23,summer squash green,0.08,0.07696104113612832
2932,"Summer squash, green",Vegetables,23,summer squash green,0.11,0.10436001532424277
2933,"Summer squash, yellow",Vegetables,23,summer squash yellow,0.06,0.058268908123975775
2934,Swede (rutabaga),Vegetables,23,swede rutabaga,0.43,0.3576744442718159
2935,"Swede (rutabaga), Vige",Vegetables,23,swede rutabaga vige,0.37,0.31481073984003355
2936,Sweet onions,Vegetables,23,sweet onions,0.15,0.13976194237515868
2937,"Sweet potato, blue (Yam), peeled",Vegetables,23,sweet potato blue yam peeled,0.54,0.43178241642553783
2938,Sweet potatoe,Vegetables,23,sweet potatoe,0.24,0.2151113796169455
2939,Sweet potatoe,Vegetables,23,sweet potatoe,0.08,0.07696104113612832
2940,"Sweet potatoe, baked",Vegetables,23,sweet potatoe baked,0.79,0.5822156198526637
2941,"Sweet potatoe, boiled",Vegetables,23,sweet potatoe boiled,0.33,0.2851789422336624
2942,"Sweet potatoe, pale",Vegetables,23,sweet potatoe pale,0.2,0.18232155679395462
2943,"Sweet potatoe, red/white",Vegetables,23,sweet potatoe red white,0.16,0.14842000511827327
2944,"Sweet potatoe, yellow",Vegetables,23,sweet potatoe yellow,0.12,0.11332868530700317
2945,Syrup from red carrot,Vegetables,23,syrup from red carrot,0.07,0.06765864847381481
2946,Tomato juice,Vegetables,23,tomato juice,0.19,0.173953307123438
2947,Tomato juice,Vegetables,23,tomato juice,0.41,0.3435897043900769
2948,Tomato juice,Vegetables,23,tomato juice,0.81,0.5933268452777344
2949,Tomato juice,Vegetables,23,tomato juice,0.25,0.22314355131420976
2950,Tomato juice,Vegetables,23,tomato juice,1.06,0.7227059828014898
2951,Tomato juice,Vegetables,23,tomato juice,0.26,0.23111172096338664
2952,Tomato juice,Vegetables,23,tomato juice,0.34,0.29266961396282
2953,Tomato juice,Vegetables,23,tomato juice,0.23,0.20701416938432615
2954,Tomato juice,Vegetables,23,tomato juice,0.9,0.6418538861723948
2955,Tomato juice,Vegetables,23,tomato juice,0.41,0.3435897043900769
2956,Tomato juice,Vegetables,23,tomato juice,0.7,0.5306282510621704
2957,"Tomato juice, ecological",Vegetables,23,tomato juice ecological,0.44,0.36464311358790924
2958,"Tomato juice, Premium",Vegetables,23,tomato juice premium,0.25,0.22314355131420976
2959,"Tomato juice, Sun‐C",Vegetables,23,tomato juice sunc,0.44,0.36464311358790924
2960,Tomatoes,Vegetables,23,tomatoes,0.22,0.1988508587451652
2961,Tomatoes,Vegetables,23,tomatoes,0.16,0.14842000511827327
2962,Tomatoes,Vegetables,23,tomatoes,0.3,0.26236426446749106
2963,"Tomatoes in tomato juice, canned, whole",Vegetables,23,tomatoes in tomato juice canned whole,0.24,0.2151113796169455
2964,"Tomatoes in tomato juice, canned, whole",Vegetables,23,tomatoes in tomato juice canned whole,0.26,0.23111172096338664
2965,"Tomatoes in tomato juice, canned, whole",Vegetables,23,tomatoes in tomato juice canned whole,0.23,0.20701416938432615
2966,"Tomatoes, canned, chopped, heated",Vegetables,23,tomatoes canned chopped heated,0.49,0.3987761199573678
2967,"Tomatoes, cherry‐",Vegetables,23,tomatoes cherry,0.62,0.4824261492442927
2968,"Tomatoes, cherry‐",Vegetables,23,tomatoes cherry,0.34,0.29266961396282
2969,"Tomatoes, cherry‐",Vegetables,23,tomatoes cherry,0.39,0.3293037471426004
2970,"Tomatoes, chopped",Vegetables,23,tomatoes chopped,0.33,0.2851789422336624
2971,"Tomatoes, chopped, canned",Vegetables,23,tomatoes chopped canned,0.42,0.35065687161316933
2972,"Tomatoes, chopped, canned",Vegetables,23,tomatoes chopped canned,0.31,0.27002713721306015
2973,"Tomatoes, chopped, canned",Vegetables,23,tomatoes chopped canned,0.39,0.3293037471426004
2974,"Tomatoes, chopped, canned, heated",Vegetables,23,tomatoes chopped canned heated,0.48,0.3920420877760237
2975,"Tomatoes, cluster tomatoes",Vegetables,23,tomatoes cluster tomatoes,0.29,0.2546422183735807
2976,"Tomatoes, cluster tomatoes",Vegetables,23,tomatoes cluster tomatoes,0.17,0.15700374880966475
2977,"Tomatoes, cluster tomatoes, small",Vegetables,23,tomatoes cluster tomatoes small,0.39,0.3293037471426004
2978,"Tomatoes, cluster tomatoes, small",Vegetables,23,tomatoes cluster tomatoes small,0.33,0.2851789422336624
2979,"Tomatoes, coarsely chopped, canned",Vegetables,23,tomatoes coarsely chopped canned,0.25,0.22314355131420976
2980,"Tomatoes, coarsely chopped, canned",Vegetables,23,tomatoes coarsely chopped canned,0.38,0.32208349916911333
2981,"Tomatoes, cooked",Vegetables,23,tomatoes cooked,0.22,0.1988508587451652
2982,"Tomatoes, crushed, passed, canned",Vegetables,23,tomatoes crushed passed canned,0.37,0.31481073984003355
2983,"Tomatoes, organic peeled tomatoes, canned",Vegetables,23,tomatoes organic peeled tomatoes canned,0.28,0.2468600779315258
2984,"Tomatoes, plum‐",Vegetables,23,tomatoes plum,0.35,0.30010459245033805
2985,"Tomatoes, plum‐",Vegetables,23,tomatoes plum,0.24,0.2151113796169455
2986,"Tomatoes, steak‐",Vegetables,23,tomatoes steak,0.18,0.16551443847757338
2987,"Tomatoes, sundried",Vegetables,23,tomatoes sundried,1.3,0.832909122935104
2988,"Tomatoes, sundried, in oil",Vegetables,23,tomatoes sundried in oil,1.95,1.0818051703517284
2989,"Tomatoes, sundried, in oil",Vegetables,23,tomatoes sundried in oil,1.36,0.8586616190375187
2990,"Tomatoes, sundried, in oil",Vegetables,23,tomatoes sundried in oil,0.66,0.5068176023684519
2991,"Tomatoes, whole, canned",Vegetables,23,tomatoes whole canned,0.2,0.18232155679395462
2992,"Tomatoes, whole, canned",Vegetables,23,tomatoes whole canned,0.28,0.2468600779315258
2993,"Tomatoes, whole, canned",Vegetables,23,tomatoes whole canned,0.41,0.3435897043900769
2994,"Tomatoes, whole, canned",Vegetables,23,tomatoes whole canned,0.31,0.27002713721306015
2995,"Tomatoes, with chili, extra rich, crushed, without skin, canned",Vegetables,23,tomatoes with chili extra rich crushed without skin canned,0.56,0.44468582126144574
2996,"Tomatoes, with garlic, extra rich, crushed, without skin, canned",Vegetables,23,tomatoes with garlic extra rich crushed without skin canned,0.61,0.4762341789963716
2997,"Tomatoes, with roasted garlic, canned",Vegetables,23,tomatoes with roasted garlic canned,0.22,0.1988508587451652
2998,"Tomatoes, with sweet basil, crushed, without skin, canned",Vegetables,23,tomatoes with sweet basil crushed without skin canned,0.77,0.5709795465857378
2999,"Tomatos, sundried, in canola oil",Vegetables,23,tomatos sundried in canola oil,3.59,1.5238800240724537
3000,Turnip,Vegetables,23,turnip,0.29,0.2546422183735807
3001,Vegetable juice,Vegetables,23,vegetable juice,0.5,0.4054651081081644
3002,Vegetable juice,Vegetables,23,vegetable juice,0.27,0.23901690047049992
3003,Yam,Vegetables,23,yam,0.22,0.1988508587451652
3004,Almond oil,Vitamin and dietary supplements,24,almond oil,1.13,0.7561219797213337
3005,Aloe Vera Gel,Vitamin and dietary supplements,24,aloe vera gel,0.13,0.12221763272424921
3006,"Alpha Lipoic Acid, 50mg",Vitamin and dietary supplements,24,alpha lipoic acid 50mg,2.28,1.1878434223960523
3007,"Amway Nutrilite Double X, Bronze",Vitamin and dietary supplements,24,amway nutrilite double x bronze,30.81,3.4597807057610526
3008,"Amway Nutrilite Double X, Gold",Vitamin and dietary supplements,24,amway nutrilite double x gold,35.68,3.602231647388264
3009,"Amway Nutrilite Double X, Silver",Vitamin and dietary supplements,24,amway nutrilite double x silver,29.72,3.4249139082794713
3010,"Antioxidant capsules, Medox",Vitamin and dietary supplements,24,antioxidant capsules medox,444.2,6.09852361940139
3011,"Antocyanin ascorbates, Aronia",Vitamin and dietary supplements,24,antocyanin ascorbates aronia,725.35,6.588031992318893
3012,"Antocyanin capsules, Cherry",Vitamin and dietary supplements,24,antocyanin capsules cherry,329.54,5.80072768071268
3013,Apricot kernel oil,Vitamin and dietary supplements,24,apricot kernel oil,0.98,0.6830968447064438
3014,"Balance, diluted",Vitamin and dietary supplements,24,balance diluted,0.64,0.49469624183610705
3015,"Balance, powder",Vitamin and dietary supplements,24,balance powder,7.13,2.0955609235597192
3016,Bausch & Lomb Ocuvite,Vitamin and dietary supplements,24,bausch lomb ocuvite,293.78,5.686229315408612
3017,Bayer One A Day Essential,Vitamin and dietary supplements,24,bayer one a day essential,222.32,5.40860572044216
3018,"B‐carotene, capsules",Vitamin and dietary supplements,24,bcarotene capsules,2.03,1.1085626195212777
3019,Body Wise Right Choice AM,Vitamin and dietary supplements,24,body wise right choice am,530.63,6.275947758655363
3020,Body Wise Right Choice PM,Vitamin and dietary supplements,24,body wise right choice pm,0.88,0.6312717768418579
3021,"Brewer's Yeast, 7.5 grain tablet",Vitamin and dietary supplements,24,brewer s yeast 7 5 grain tablet,1.74,1.007957920399979
3022,"Bronson Garlic Oil, softgel 1 mg",Vitamin and dietary supplements,24,bronson garlic oil softgel 1 mg,0.95,0.6678293725756554
3023,"Catechin 100, Green‐tea capsules",Vitamin and dietary supplements,24,catechin 100 greentea capsules,536.05,6.286091200044056
3024,Centrum,Vitamin and dietary supplements,24,centrum,44.8,3.8242840911201395
3025,Centrum Silver,Vitamin and dietary supplements,24,centrum silver,52.51,3.979868552323213
3026,Centrum Silver,Vitamin and dietary supplements,24,centrum silver,40.51,3.7259343620649474
3027,Centrum with lutein,Vitamin and dietary supplements,24,centrum with lutein,43.56,3.7968365956190286
3028,Chinese chili oil,Vitamin and dietary supplements,24,chinese chili oil,2.29,1.1908875647772805
3029,"Chondroitin Sulfate, 400 mg",Vitamin and dietary supplements,24,chondroitin sulfate 400 mg,0.05,0.04879016416943201
3030,"Citrosept, extract from grapefruit kernels",Vitamin and dietary supplements,24,citrosept extract from grapefruit kernels,12.58,2.60859812213055
3031,Coconut oil,Vitamin and dietary supplements,24,coconut oil,1.07,0.7275486072772778
3032,Cod liver oil,Vitamin and dietary supplements,24,cod liver oil,0.19,0.173953307123438
3033,Cod liver oil,Vitamin and dietary supplements,24,cod liver oil,0.34,0.29266961396282
3034,"Coenzyme Q10, 10 mg",Vitamin and dietary supplements,24,coenzyme q10 10 mg,0.08,0.07696104113612832
3035,Complete One,Vitamin and dietary supplements,24,complete one,165.9,5.11739483066779
3036,Coneflower solution,Vitamin and dietary supplements,24,coneflower solution,0.42,0.35065687161316933
3037,CVS Daily Vitamin (no minerals),Vitamin and dietary supplements,24,cvs daily vitamin no minerals,249.56,5.523698412802438
3038,"CVS Iron Slow release, 50 mg",Vitamin and dietary supplements,24,cvs iron slow release 50 mg,0.77,0.5709795465857378
3039,CVS Multivitamin with minerals,Vitamin and dietary supplements,24,cvs multivitamin with minerals,12.35,2.5915163848462583
3040,CVS plus iron,Vitamin and dietary supplements,24,cvs plus iron,260.97,5.568229993388241
3041,"CVS Vitamin B 12, 250 mcg",Vitamin and dietary supplements,24,cvs vitamin b 12 250 mcg,0.19,0.173953307123438
3042,"CVS Vitamin C (as ascorbic acid), 500 mg",Vitamin and dietary supplements,24,cvs vitamin c as ascorbic acid 500 mg,1019.69,6.928234148163458
3043,"CVS Vitamin C with Rose Hips, 500 mg",Vitamin and dietary supplements,24,cvs vitamin c with rose hips 500 mg,796.59,6.681594680956193
3044,CVS Vitamin E (d alpha tocopherol) 400 IU,Vitamin and dietary supplements,24,cvs vitamin e d alpha tocopherol 400 iu,320.7,5.7736194342449805
3045,Dog Rose oil,Vitamin and dietary supplements,24,dog rose oil,0.55,0.4382549309311553
3046,"Drink Mix vanilla flavored, diluted",Vitamin and dietary supplements,24,drink mix vanilla flavored diluted,0.04,0.039220713153281295
3047,"Drink Mix vanilla flavored, powder",Vitamin and dietary supplements,24,drink mix vanilla flavored powder,0.67,0.5128236264286637
3048,Echinacea cocktail,Vitamin and dietary supplements,24,echinacea cocktail,0.66,0.5068176023684519
3049,Folat pills,Vitamin and dietary supplements,24,folat pills,0.05,0.04879016416943201
3050,Forward Multi‐Nutrient Oacket,Vitamin and dietary supplements,24,forward multinutrient oacket,138.54,4.9383512985110904
3051,"Gamma E capsules, oil",Vitamin and dietary supplements,24,gamma e capsules oil,39.97,3.7128400915587796
3052,Geritol Liquid,Vitamin and dietary supplements,24,geritol liquid,0.33,0.2851789422336624
3053,"Ginkgo Biloba, 60 mg",Vitamin and dietary supplements,24,ginkgo biloba 60 mg,35.85,3.6068556186353455
3054,Ginseng cocktail,Vitamin and dietary supplements,24,ginseng cocktail,1.2,0.7884573603642702
3055,"Ginseng, Panax, solution",Vitamin and dietary supplements,24,ginseng panax solution,0.2,0.18232155679395462
3056,"Glucosamine sulfate, 500 mg",Vitamin and dietary supplements,24,glucosamine sulfate 500 mg,0.67,0.5128236264286637
3057,"GNC brewer's yeast powder, 100 g",Vitamin and dietary supplements,24,gnc brewer s yeast powder 100 g,2.45,1.2383742310432684
3058,"GNC Spirulina, 500 mg capsules",Vitamin and dietary supplements,24,gnc spirulina 500 mg capsules,5.97,1.9416152247724325
3059,GNC Ultra Mega Gold,Vitamin and dietary supplements,24,gnc ultra mega gold,235.55,5.466159602077157
3060,"Grape Seed Extract, 50 mg",Vitamin and dietary supplements,24,grape seed extract 50 mg,108.13,4.692539832124998
3061,Jungamals Life Pak for Kids,Vitamin and dietary supplements,24,jungamals life pak for kids,36.27,3.618188713491167
3062,Kirkland high energy pak,Vitamin and dietary supplements,24,kirkland high energy pak,0.01,0.009950330853168083
3063,Kirkland high energy pak (Chromium Picolinate),Vitamin and dietary supplements,24,kirkland high energy pak chromium picolinate,0.02,0.019802627296179712
3064,Kirkland high energy pak (Ginseng Concentrate),Vitamin and dietary supplements,24,kirkland high energy pak ginseng concentrate,1.78,1.0224509277025458
3065,Kirkland high energy pak (Multivitamin/mineral),Vitamin and dietary supplements,24,kirkland high energy pak multivitamin mineral,0.69,0.5247285289349821
3066,Kirkland high energy pak (Vitamin C),Vitamin and dietary supplements,24,kirkland high energy pak vitamin c,1052.44,6.959816278608596
3067,Kirkland high energy pak (Vitamin E),Vitamin and dietary supplements,24,kirkland high energy pak vitamin e,6.05,1.9530276168241771
3068,"Korean Ginseng, extract",Vitamin and dietary supplements,24,korean ginseng extract,1.48,0.9082585601768908
3069,"Lecithin, 1200 mg",Vitamin and dietary supplements,24,lecithin 1200 mg,3.71,1.5496879080283263
3070,Lederle Protegra,Vitamin and dietary supplements,24,lederle protegra,288.68,5.668776865457386
3071,Lederle Stresstabs,Vitamin and dietary supplements,24,lederle stresstabs,613.49,6.420792655480674
3072,Life Extension High Potency Antioxidant,Vitamin and dietary supplements,24,life extension high potency antioxidant,281.2,5.642616039418714
3073,Life Pak Essentials,Vitamin and dietary supplements,24,life pak essentials,49.62,3.9243467551169777
3074,LifePak,Vitamin and dietary supplements,24,lifepak,62.16,4.145671189387441
3075,Marine Omega,Vitamin and dietary supplements,24,marine omega,4.26,1.6601310267496183
3076,"Metamucil, dierary fiber suplement, orange, powder",Vitamin and dietary supplements,24,metamucil dierary fiber suplement orange powder,0.57,0.4510756193602167
3077,"Metamucil, dierary fiber suplement, powder",Vitamin and dietary supplements,24,metamucil dierary fiber suplement powder,0.34,0.29266961396282
3078,"Multiminerals, supplements",Vitamin and dietary supplements,24,multiminerals supplements,42.83,3.780318514430718
3079,Myadec,Vitamin and dietary supplements,24,myadec,51.38,3.958524839079566
3080,"Natrol DHEA, 25 mg",Vitamin and dietary supplements,24,natrol dhea 25 mg,0.15,0.13976194237515868
3081,"Natto extract, capsules",Vitamin and dietary supplements,24,natto extract capsules,2.29,1.1908875647772805
3082,"Natto extract, capsules",Vitamin and dietary supplements,24,natto extract capsules,3.11,1.4134230285081433
3083,Nature Made Balanced B‐50,Vitamin and dietary supplements,24,nature made balanced b50,0.07,0.06765864847381481
3084,"Nature Made cod liver oil, capsules",Vitamin and dietary supplements,24,nature made cod liver oil capsules,0.62,0.4824261492442927
3085,"Nature Made folic acid, 400 mcg",Vitamin and dietary supplements,24,nature made folic acid 400 mcg,0.12,0.11332868530700317
3086,"Nature Made Magnesium, 250 mg",Vitamin and dietary supplements,24,nature made magnesium 250 mg,0.01,0.009950330853168083
3087,"Nature Made Potassium Gluconate, 90 mg",Vitamin and dietary supplements,24,nature made potassium gluconate 90 mg,0.04,0.039220713153281295
3088,"Nature made Vitamin B6, 100 mg",Vitamin and dietary supplements,24,nature made vitamin b6 100 mg,0.08,0.07696104113612832
3089,"Nature's Bounty Beta Carotene Pro Vitamin A, 25000 IU",Vitamin and dietary supplements,24,nature s bounty beta carotene pro vitamin a 25000 iu,2.56,1.269760544863939
3090,"Nature's Bounty Calcium Citate, 200 mg",Vitamin and dietary supplements,24,nature s bounty calcium citate 200 mg,0.07,0.06765864847381481
3091,"Nature's Bounty Chromium Picolinate, 500 mcg",Vitamin and dietary supplements,24,nature s bounty chromium picolinate 500 mcg,0.14,0.1310282624064041
3092,Nature's Bounty Ginseng Royal Jelly plus,Vitamin and dietary supplements,24,nature s bounty ginseng royal jelly plus,2.13,1.1410330045520618
3093,"Nature's Bounty Melatonin, 3 mg",Vitamin and dietary supplements,24,nature s bounty melatonin 3 mg,0.69,0.5247285289349821
3094,"Nature's Bounty Niacin, 250 mg",Vitamin and dietary supplements,24,nature s bounty niacin 250 mg,0.15,0.13976194237515868
3095,"Nature's Bounty Salmon oil, 1000 mg softgels",Vitamin and dietary supplements,24,nature s bounty salmon oil 1000 mg softgels,0.32,0.2776317365982795
3096,"Nature's Bounty Vitamin A, 10000IU",Vitamin and dietary supplements,24,nature s bounty vitamin a 10000iu,3.47,1.4973884086254774
3097,Nature's Bounty Vitamin D 400 IU,Vitamin and dietary supplements,24,nature s bounty vitamin d 400 iu,0.12,0.11332868530700317
3098,Nature's Resource St.John's Wort,Vitamin and dietary supplements,24,nature s resource st john s wort,118.54,4.783651043396108
3099,"Noni, capsules",Vitamin and dietary supplements,24,noni capsules,14.76,2.757475084429733
3100,"Ocuvite ekstra, pill",Vitamin and dietary supplements,24,ocuvite ekstra pill,281.14,5.642403401646356
3101,One A Day 50 Plus,Vitamin and dietary supplements,24,one a day 50 plus,23.25,3.188416617383492
3102,One A Day Maximum,Vitamin and dietary supplements,24,one a day maximum,4.48,1.7011051009599243
3103,"One a day Men`s Health Formula, pill",Vitamin and dietary supplements,24,one a day men s health formula pill,56.69,4.055083848268798
3104,One A Day Women's Formula,Vitamin and dietary supplements,24,one a day women s formula,32.48,3.5109482456212744
3105,Over drive,Vitamin and dietary supplements,24,over drive,301.83,5.713171591952887
3106,"Purple Coneflower, Echinagard",Vitamin and dietary supplements,24,purple coneflower echinagard,0.11,0.10436001532424277
3107,Pycogenol,Vitamin and dietary supplements,24,pycogenol,49.58,3.923556241241819
3108,"Rexall Lycopene, 10 mg",Vitamin and dietary supplements,24,rexall lycopene 10 mg,3.27,1.4516138272405332
3109,Safflower oil,Vitamin and dietary supplements,24,safflower oil,1.38,0.8671004876833832
3110,Sambucol‐C,Vitamin and dietary supplements,24,sambucolc,65.81,4.2018527699373855
3111,"Saw Palmetto, 20 mg",Vitamin and dietary supplements,24,saw palmetto 20 mg,0.49,0.3987761199573678
3112,Schiff Vegetarian Multiple,Vitamin and dietary supplements,24,schiff vegetarian multiple,185.74,5.22971727505578
3113,"Selenium, 100 mcg",Vitamin and dietary supplements,24,selenium 100 mcg,0.95,0.6678293725756554
3114,"Shaklee Vita‐Lea, with Iron",Vitamin and dietary supplements,24,shaklee vitalea with iron,19.36,3.013572191682322
3115,"Shaw's Calcium Hi Cal (oyster shell), 500 mg",Vitamin and dietary supplements,24,shaw s calcium hi cal oyster shell 500 mg,0.01,0.009950330853168083
3116,Solotron (includes iron),Vitamin and dietary supplements,24,solotron includes iron,140.08,4.949327105367852
3117,Super Antioxidant,Vitamin and dietary supplements,24,super antioxidant,449.98,6.111422992621366
3118,Tahitian Noni juice,Vitamin and dietary supplements,24,tahitian noni juice,0.94,0.6626879730752367
3119,Tegreen,Vitamin and dietary supplements,24,tegreen,731.18,6.596026385371803
3120,Theragran M,Vitamin and dietary supplements,24,theragran m,197.6,5.291292751611072
3121,"Theragran, pill",Vitamin and dietary supplements,24,theragran pill,29.97,3.4330189939851112
3122,Triente plus,Vitamin and dietary supplements,24,triente plus,77.48,4.362843815257108
3123,Tums (calcium 200 mg),Vitamin and dietary supplements,24,tums calcium 200 mg,0.04,0.039220713153281295
3124,VIACTIV Chocolate (calcium 500 mg),Vitamin and dietary supplements,24,viactiv chocolate calcium 500 mg,1.99,1.095273387402595
3125,Vita amino nopal (capsules),Vitamin and dietary supplements,24,vita amino nopal capsules,4.7,1.7404661748405044
3126,"Vitamine A capsules, fish liver oil, 10000IU",Vitamin and dietary supplements,24,vitamine a capsules fish liver oil 10000iu,2.53,1.2612978709452054
3127,"Vitamine E, (dl alpha‐ tocopherol), 400 IU",Vitamin and dietary supplements,24,vitamine e dl alpha tocopherol 400 iu,2.95,1.3737155789130306
3128,Walgreen Super Aytinal Active Adults,Vitamin and dietary supplements,24,walgreen super aytinal active adults,87.7,4.485259889315534
3129,Walnut oil,Vitamin and dietary supplements,24,walnut oil,1.4,0.8754687373538999
3130,Wheat germ oil,Vitamin and dietary supplements,24,wheat germ oil,3.04,1.3962446919730587
3131,Women's Ultra mega,Vitamin and dietary supplements,24,women s ultra mega,11.29,2.5087859235779435
3132,Z‐BEC,Vitamin and dietary supplements,24,zbec,701.93,6.555257313595451
3133,"Zinc, 50 mg",Vitamin and dietary supplements,24,zinc 50 mg,0.04,0.039220713153281295
3134,"AARP Formula 196, no iron Comments: 1 Analyzed / extracted in 2 Analyzed /extracted in 2‐propanol. 3 Purchased in grocery store, 4 Handpicked or received directly 5 Previously published in Halvorsen 6 Previously published in Halvorsen",Vitamin and dietary supplements,24,aarp formula 196 no iron comments 1 analyzed extracted in 2 analyzed extracted in 2propanol 3 purchased in grocery store 4 handpicked or received directly 5 previously published in halvorsen 6 previously published in halvorsen,3.88,1.5851452198650557
